shareag,sharemanu,shareemp,grserv,grag,grmanu,skillpserv,skillpag,skillpmanu,p,b,voice
0.4675466221900802,0.8739215821790681,0.6686974192429651,0.40436966313966216,0.826307942613737,0.6864355347658356,0.3652801471010779,0.21273934484560947,0.5238092972685948,0.6503472974204739,0.7197154149876261,0.9400654209686531
0.9642115287093869,0.3180997837870087,0.6926268739759157,0.8769688858729681,0.1424578936696378,0.9986504990782401,0.48253031802813917,0.3696090414038299,0.19974026495500347,0.5742429309119303,0.31295936742193153,0.40019635329798353
0.31763097332573825,0.05231433955805841,0.41052335002722506,0.41916379385920965,0.3225039797011459,0.07791164939260539,0.7951816453765341,0.1475734991153529,0.32647186508240345,0.4263161091318648,0.7217310380415195,0.3751512040322529
0.887277945391989,0.11758946642931749,0.1420824692598939,0.7571972414447599,0.5783186730983125,0.6487075416131889,0.5301163277857635,0.0759506409428027,0.6500310781163015,0.13364188130122281,0.11960761259110261,0.08684980936482038
0.8970629098881869,0.06864419866845335,0.9130271515125319,0.5680139026733755,0.25386934347640794,0.14190405096629707,0.316590737504526,0.4680998265651775,0.9745449804309436,0.9963119989663417,0.5866291970189401,0.18769304891477226
0.8502972854462941,0.44696230873014414,0.9514507931160151,0.6555313453092357,0.011559335710191142,0.7207105008888046,0.9186063444506777,0.10779534869928073,0.8328353525890697,0.17904838951690286,0.9743525231930922,0.13157836453225946
0.909056586152202,0.2524285912236393,0.6961369051191039,0.4121356837043699,0.5864525795872684,0.666096541276136,0.13258002245020478,0.10123683894581376,0.6425029788953793,0.16018864493394672,0.8473241931531585,0.581009774956368
0.1062326581532282,0.7901852152819887,0.7592858382969562,0.669842127605647,0.9875180236015361,0.4770701974247904,0.9697243294236995,0.2487911414449092,0.42383604306626477,0.46588230446443407,0.8133600796127038,0.2630924448924981
0.675376831864238,0.7236160244665765,0.7426658904227761,0.665868775855773,0.4399806060080308,0.2853615190347028,0.40430598524764394,0.09466788024404427,0.006571495137809075,0.8181894024223624,0.8460649475613256,0.30021657334460927
0.39477804244409115,0.9462192815100752,0.10634027803253611,0.4831247270230945,0.28041759264336363,0.3276541370612945,0.54460565619368,0.961479748090581,0.5058622493388473,0.6137059331978717,0.5445601550106696,0.9583516757801894
0.04626832485657988,0.9005520682909619,0.8110202970533658,0.5598513710771811,0.6303087546033382,0.5966539908833502,0.34922366216668965,0.6982592325382491,0.9507607741546529,0.22898907443752245,0.5877058104432282,0.9134741770960306
0.3084300816244608,0.45050205032776525,0.9943555280649967,0.9953176552386996,0.6690216029614737,0.4606291833295161,0.1335433386440655,0.794365001796362,0.7515332461298372,0.18062751483427317,0.6232329075394778,0.6912340258917956
0.4124981353547872,0.09955462987541866,0.17198354660098075,0.3807420209301334,0.8502281751486964,0.31783015276400134,0.9150216198684769,0.08203304975173151,0.5493598586404227,0.6005386092211864,0.960981429207365,0.9946192767695686
0.365244504137748,0.9340861798384801,0.2913278823530264,0.30537656422706405,0.32848785046419615,0.5003811031102584,0.7510507951708916,0.8224828684840023,0.11535309947931323,0.9748736688111022,0.8376938053464218,0.8639409059675675
0.11491007915191011,0.35178922381253225,0.242684510132739,0.6703555006984665,0.747256211120487,0.29559018715639285,0.8456738706769658,0.8704839074350663,0.32116021696975144,0.43909878388673534,0.7891474974257215,0.44794953550494243
0.12236983474639888,0.24697431973859277,0.5829175272307972,0.33250782541478496,0.7637727925296313,0.6702816714528319,0.5065930525799429,0.048042143056934015,0.0014941763383111244,0.7976688577205906,0.3485437427244526,0.031431974721894636
0.2958838984052535,0.7494661186591476,0.4222695146364752,0.6522729866627447,0.08394296979155286,0.27673107389342033,0.22696915584676478,0.46137371262231053,0.6223935701764473,0.3567448519524575,0.3936216525311263,0.35096889695813444
0.6927753185274657,0.7851013036655984,0.03787850910429071,0.48596403149876094,0.588230014597369,0.867851037539695,0.5767296721444664,0.0019417797587844062,0.8352895124044296,0.13066577442509678,0.06356086983064087,0.9473132981487928
0.11914402656274013,0.38767150624111174,0.46580495685793677,0.019079802727624252,0.9539360071961991,0.5606872869216476,0.6971156166658666,0.33910880652688435,0.6829344605473736,0.8932625494898679,0.6740212296129491,0.29153759748347086
0.25783079548093035,0.4280759650829479,0.6096822598337676,0.11567966687848123,0.6934806254570918,0.04751966127199934,0.7452755130658397,0.031582231750941235,0.3358806122549371,0.1850055322422104,0.5963500127041137,0.3341280430466585
0.7153341044443556,0.17606904734346118,0.019288760731831375,0.39397682836918,0.3727409412305848,0.26400603036302134,0.8300021136979565,0.5165648639027923,0.6081220145896166,0.9452671342412607,0.02463201666560241,0.929926478829021
0.2870496541018642,0.5563238660443094,0.0338833904171911,0.003204560554722054,0.9349755194967764,0.7916302586822,0.538668070193481,0.3340207967542683,0.7549119929783372,0.6936478901827368,0.8659446725146637,0.010830528978000327
0.8280450534776448,0.0035647655376773823,0.44408063530303493,0.03250999416718121,0.4590315185477566,0.42576443308277445,0.6201796214111537,0.19327152519719012,0.04915216719296125,0.7618625403890431,0.45455299706952235,0.7078257336777583
0.511842177067667,0.33828040544046506,0.08360573324647626,0.08273147822562596,0.6528613540717391,0.2676658150974922,0.5987449713719906,0.5248224698601285,0.008037065767103727,0.2099601072069546,0.939647358813201,0.6261430290275429
0.9934168382963517,0.3933740791910752,0.01183995515200211,0.05411542456610508,0.9264475010038701,0.9742609404544065,0.5268130163915232,0.7903157447724579,0.840105911676686,0.40031732032211176,0.6041164705330604,0.34468017794848993
0.6553518118566236,0.893236950411551,0.9905529313401036,0.9367674537701146,0.5910712600331824,0.17965062909883833,0.7978640909399117,0.39675454635680796,0.8819857504406589,0.3427101679621376,0.07633833172622209,0.30904524028758745
0.5025048213594182,0.33044904938962244,0.6627544061547702,0.8636842720770065,0.6015783068536138,0.6674134989147129,0.32607657016663805,0.1774528092869808,0.9904253623406656,0.3368443456902068,0.6008915506104001,0.27061729954910385
0.16473171031621867,0.40439276258985546,0.31150592466510785,0.8923699524870752,0.6905910376520815,0.38630114660132997,0.5613054095831762,0.9204461335660771,0.9344945791602542,0.9268329858920099,0.044926593724865224,0.5857625787122814
0.9156496370461964,0.9812832704107315,0.17546444980692597,0.05695033553299467,0.49335141860970744,0.7235281151860988,0.643305038528937,0.862782057235361,0.39270989555477204,0.6856542656968233,0.2186721635148459,0.4080567674641093
0.9555779038368762,0.24273523069896707,0.9456011416774877,0.6451279968183005,0.9571098165601227,0.7834040676140577,0.3401500161249422,0.3133088588840149,0.8931072207418722,0.15020337018489688,0.14961517489859752,0.05253441521191332
0.03922865283758763,0.8606831335302563,0.38049315910490356,0.9633838643388309,0.6187006340921768,0.5165953087485212,0.09525852641534503,0.6661040186182942,0.7763379546372795,0.49819965736714394,0.7941525125250747,0.3568753882288495
0.017718195111351313,0.22537100427618834,0.5038287270831737,0.2502996291055399,0.9406303109797255,0.14354858039058033,0.5420501372927796,0.5438158309694628,0.5329697957205943,0.057710525453961006,0.0686094095749333,0.14436772556865685
0.4296674198614832,0.009189885856867067,0.09023951546364051,0.6968826619153455,0.042001379496622276,0.5740050254781042,0.8161451720315306,0.34000168094823224,0.7838037863337425,0.34478394885724845,0.7454330885644402,0.49461782943301374
0.879251157316155,0.2756316142397157,0.25173402019740904,0.3925764391079354,0.31856426783002023,0.7194431036159056,0.1771689617276672,0.3511218634636406,0.9019434530946587,0.35241971876382155,0.3263394977586034,0.904451799468981
0.19382209795327596,0.5853605113268192,0.22289015218662328,0.5131498241752378,0.6202979035041251,0.13268733667235613,0.11297104056865347,0.7400139439857093,0.9618451947240215,0.8702612846366092,0.4159946766562606,0.32292502795845573
0.30419114227555866,0.5965227918045891,0.8577539744638969,0.8054718301693481,0.026694688354802373,0.15456117118522023,0.06386510177777811,0.8268156137609373,0.5887973931459854,0.6255524347472851,0.9504573939089597,0.1411435336367349
0.792618910607675,0.4361166197482294,0.06280060973804097,0.956756598239106,0.9153106316603115,0.2125327300292204,0.9478904333655613,0.9814529764565828,0.3796837871185214,0.7532732519147013,0.3165634564726635,0.5425366176277002
0.1363924200398187,0.12113539268639491,0.5487353153722363,0.22660422641902445,0.1657920737962143,0.11242639707815122,0.5965008895081839,0.41724482955423614,0.022878542714151632,0.8095818423303246,0.4371748409963512,0.4608671351965899
0.7769092243095573,0.14789817307197092,0.21193888156911717,0.5039147206957377,0.5010010563936165,0.28143387205458037,0.6811499132916117,0.5001711195147034,0.1479585624980473,0.28890262660500843,0.7060359665301758,0.04899785567984762
0.2773666068973129,0.23182222073139552,0.06375893434542834,0.8259990568386053,0.0587370017754546,0.9193144463807608,0.18587945839980877,0.36117583723998703,0.3755777995122311,0.8583678268763768,0.9570466739550348,0.39233694889660004
0.9450217925445666,0.21212308425614626,0.4486370875845666,0.6470351709340632,0.513320268089702,0.5732811840035997,0.2186110753250999,0.5633217780334749,0.9425524606368586,0.19746136641739603,0.9493422032854721,0.45971318239112957
0.8636489106772239,0.840066691375639,0.9094692941588147,0.82056630919248,0.33393795298945966,0.1146906156186805,0.3795623520974625,0.4460084090319361,0.8945251876656073,0.6473782225529388,0.8054498260625643,0.6775091528576517
0.9626965149948611,0.8536216205933067,0.7142025520316279,0.19324335573077978,0.7279179458140163,0.22435033142110133,0.5675902198236548,0.025945436934842993,0.37254162522733897,0.8845113823096921,0.6869740375811754,0.00046837460845311897
0.11168376384885108,0.5006078260628057,0.5734663495728496,0.07473701510811442,0.8337341507615974,0.49552764093444873,0.15520040175313807,0.3056513501952981,0.6689539756567624,0.36623318047368203,0.8922967373129557,0.46347649397119767
0.0250159818193289,0.1644666017104023,0.7108629350441896,0.6116124382109308,0.2252379077913186,0.8575559177207975,0.20348740275349503,0.7757525002085727,0.3462360815164577,0.9628360450504889,0.2492219719335551,0.5635554132259954
0.9987211424259816,0.6130746361555084,0.7820735248478855,0.21032752440084668,0.998649528106031,0.748287963145854,0.6904847255469926,0.4898200359676403,0.2312494830379485,0.6293860654765345,0.4597989707763773,0.2164644549406646
0.10780800411298566,0.09517337207991808,0.9967144079585961,0.8147490071273352,0.6809999436955072,0.839149864350668,0.904055717560741,0.6726127761137685,0.9636562729725213,0.8509254995093806,0.5626723846094067,0.3533534279912808
0.5767893850976396,0.7595916032846569,0.8813046214317647,0.56243973350423,0.4435029816265031,0.18722553389133925,0.9104702847764056,0.7596589162341935,0.8985688557954365,0.7274696945754293,0.40607213938106934,0.27813934908270993
0.7815182457313992,0.4689866717862361,0.6711175880225524,0.188455579399002,0.47450867772179867,0.1232613023049346,0.8673526078903077,0.6925400982332974,0.4533025657691337,0.5824922073913501,0.8753538475673164,0.6551728201622118
0.6582918744254421,0.4085318115929489,0.9308258230830901,0.4028726727054409,0.4011520730889417,0.8932147795732379,0.2926693605453458,0.7804499804289088,0.48624157146441455,0.3875299388258251,0.1569192403055291,0.868708727171823
0.6330797414449206,0.4863963841667704,0.09808022275555393,0.77746754383921,0.9183655854393824,0.47353990421248143,0.05984744221629187,0.7339010199438396,0.16797949264137893,0.48036154452461405,0.5698311277356256,0.514047009693498
0.562009949330742,0.7935379568258054,0.1470984174044899,0.971722266836049,0.5975701431137089,0.6213265701299863,0.5926004002894062,0.9035021165971915,0.3084653959616829,0.2509894943991118,0.679370612022367,0.08657978071049119
0.4842194545489952,0.08111137221837073,0.5650374323872854,0.04723049604146524,0.17725754280666883,0.19676574077577066,0.4771468518826665,0.01387694852263852,0.46372399537075554,0.7032970411793279,0.3702974923755595,0.7609693037348407
0.13900601691757788,0.9521036347873324,0.4142507091999901,0.6763980183992311,0.8014329268004522,0.9293928041443498,0.3351701390726529,0.32516419085251,0.29343318274195446,0.05410504551257646,0.5725646521606477,0.2678534843133318
0.3696417188937083,0.32259003190784646,0.03310905826972425,0.5886431089372374,0.2871255828150525,0.6803688450954248,0.410510492004696,0.3565148557980173,0.18240264436308815,0.45884153449637005,0.8882427218988307,0.021108367527083293
0.45062853425508226,0.018673205415719638,0.5856374508439833,0.09030394456731033,0.805334632748298,0.8534779454195073,0.8787571147327881,0.6339028809698859,0.20078048345112245,0.554505602526346,0.7413440416969815,0.3281762425680108
0.9222855335132301,0.7189691060331684,0.2994178517166957,0.46331921180959584,0.10982355301159993,0.5490937441192115,0.8067276896335837,0.3851430636825933,0.542651495905974,0.6200224741781262,0.8837885133706255,0.7841282316331971
0.7039330719374561,0.6496914313108338,0.405702727888132,0.2155137811490959,0.2050948455931189,0.7679288246732539,0.06751853294595803,0.6800280241111263,0.4669966298487103,0.7899000776124034,0.2598110151700049,0.17672325633261424
0.47189719485865517,0.992603236873311,0.546022986710541,0.6044644334329673,0.8831579580996932,0.4323834049017225,0.042812536120461236,0.4100198416577767,0.49704928174748275,0.3754816635153874,0.18558075930774098,0.12115886470116602
0.6875048395185874,0.744846487464864,0.5715499356738181,0.9049516101483602,0.2572425493136938,0.6971858573975689,0.6542535130438145,0.5935642020572506,0.705279849170841,0.8326955717119593,0.14095194817372753,0.6875080670918987
0.1971015748044113,0.8442594985911295,0.3096316768912268,0.4537413050582334,0.43454951235531447,0.966050271388864,0.9898072435478169,0.29352869090880446,0.5124606130167478,0.536668595673174,0.7096085936697436,0.05768023483600285
0.6651233798793291,0.9428108213823092,0.3157724130038394,0.9840858332885928,0.7421332042849046,0.5049402141707598,0.19165534879801602,0.45362211297857313,0.656570572475038,0.8548450235309265,0.08803331739804061,0.07083717916814901
0.58677212717619,0.07025554210101051,0.902840071866684,0.9113112769667305,0.7005945325982854,0.7980194965663765,0.6854107728766142,0.5513778976724368,0.8055215579159336,0.704121677180335,0.339953201475666,0.6692682624877407
0.41740216099632577,0.216629178527644,0.2676938171931171,0.5802613846243767,0.09575984248260343,0.0066061944833210005,0.13740672675749185,0.8163362802938694,0.5209774795231379,0.6397011280995761,0.5909265013732866,0.5325446200591306
0.7272966594153589,0.8802839800470188,0.17676854254631344,0.5503448729384879,0.24738545090729155,0.3872694755972575,0.3803082385792453,0.10562576151256288,0.958543142203411,0.6689512563479475,0.5213039266183433,0.7150223015319634
0.27329732235385373,0.015726993508513597,0.2094797441698653,0.49408963417838064,0.41690118101763557,0.43587425264556817,0.45073472978366586,0.28070291094350347,0.12157443673640121,0.30082195682593904,0.8111432587235866,0.7254520753698631
0.327968391737327,0.4566898524376934,0.969316996668164,0.7692473361188168,0.19246715768333078,0.028369384449844708,0.5566957374423168,0.43282032182041336,0.3837816308326835,0.45242721248271367,0.15220763877981205,0.09708678161938435
0.06771155844556409,0.029557879578548232,0.5791310930797688,0.7847849040013773,0.06101814136439854,0.9693577328729174,0.3864759632934236,0.5327582892606177,0.7183322381665802,0.0796843770389944,0.871267459469718,0.7335258834710685
0.8074044871522496,0.48081747178584566,0.525279943651249,0.9306692220111143,0.4241845525000324,0.9468985084729339,0.18763357095421437,0.08564187174434679,0.08107307948568471,0.7864543456389788,0.5150310773173012,0.6461167922374802
0.804841034832794,0.8293415627844664,0.2783999189694403,0.3970155999613201,0.7519391598079448,0.15682675697209764,0.3095763942433685,0.35722460391967575,0.768141727384558,0.6774324047475423,0.12552370993033019,0.827775918435579
0.8925884995629337,0.08712988170099603,0.355245664755627,0.2639231181765607,0.6147886029927778,0.018630153193477113,0.6156841488867066,0.39589631780077283,0.12748153812109456,0.5974724136261861,0.8210037017614747,0.3680264473987413
0.46584085047734497,0.9041827732117875,0.32464211243895885,0.9344439569508615,0.1568609863236817,0.9327423914432968,0.3507908094337768,0.9193917497321802,0.5148269819892761,0.6573950504300778,0.1781391880555885,0.3128251003622718
0.4946794881218407,0.2615213942903642,0.6333977388346138,0.15188343684358668,0.48156931621805976,0.773409057401192,0.7246497445109223,0.45701855427256344,0.6297325016058918,0.15594855363845492,0.860306415087678,0.9976476131553474
0.5183697618673069,0.43283124644579385,0.808636311305918,0.9981783016185641,0.020781543113606964,0.06485317210404692,0.17187167358350527,0.7465132183282931,0.8717448372858138,0.5597749084368808,0.44587296369955615,0.46889883658190845
0.38117757109371997,0.19244783693222273,0.6105891196283892,0.25508410349971833,0.4062039921726098,0.10764490846243176,0.023004092509381638,0.7200927514368579,0.9818633879159637,0.21887356354857343,0.2541177923248919,0.0784798269120015
0.4983671700267063,0.8698096735448633,0.8266201340088161,0.3453406451033856,0.6746571443865433,0.8039678090471124,0.8632861411889381,0.8078247122843728,0.7341675750029079,0.6428626859968032,0.5401276364685527,0.9743459949843907
0.12848791289677922,0.8498316918738534,0.6321790521864231,0.15508715009471355,0.13557741648208937,0.7118250605255525,0.8041185721728039,0.6462386555819387,0.3331550730511338,0.06350730501818333,0.19786351350394502,0.10671715746951059
0.2697957136657072,0.3025418289074794,0.40245130853597905,0.008943191741707289,0.49225532786964327,0.8636683808367165,0.9971519949030827,0.49908948157874816,0.6841906405084951,0.7778561883186039,0.8427043644906601,0.5377224469765371
0.39156849617513334,0.7306769107939822,0.23593979833116765,0.5993686889347815,0.19983850541683018,0.1488834341767936,0.9405395293274444,0.5377047497700114,0.7256611347041635,0.8487109376867868,0.2341373134409806,0.6359524315593756
0.37773168236324944,0.2896412780816379,0.07215566742600811,0.06515153345231035,0.7323827181147771,0.09691906204634088,0.36828744526693913,0.9383287086382774,0.1786015462682647,0.9032404197910731,0.9284768823454688,0.034617684606311996
0.28371073771220784,0.9597764936257775,0.8196128546672542,0.47190433558599826,0.2528828804419133,0.38280123910359787,0.8132214766358326,0.07746815310676543,0.23570016391751913,0.410768623264088,0.49558490839706715,0.3321543729770676
0.3408133509449356,0.921835817778924,0.775852998257809,0.9454139216037306,0.7440630407023139,0.9075243840810624,0.22644525837684204,0.954427523630135,0.5361423738674713,0.3093144064575931,0.750722942406201,0.4915428116646934
0.1321403874176293,0.7372603474747269,0.24969369095262928,0.4879740366997257,0.3510275689540918,0.19211905339751234,0.3464285797058483,0.8665508996220178,0.11813580277338676,0.8824732143333787,0.35052519278644967,0.004535674625869928
0.5865881726919666,0.8777244776477011,0.06923168290275541,0.8293315854912491,0.847702690612702,0.8460769248267552,0.7059606223869846,0.7608210013241988,0.09670231503842432,0.731855440314496,0.6491437052567384,0.7307739791239252
0.2421807410344,0.1574676148275768,0.6231992647065385,0.9904629996502804,0.6271403570961366,0.07159921454671125,0.5240079816973633,0.45246937976641943,0.4070387933486404,0.2755094621137852,0.915583738184502,0.8478579455624399
0.6029978804084792,0.8981820423836328,0.9497432987008996,0.18472238693922288,0.4100203051739123,0.8168165843637147,0.1659020780709608,0.750914745407124,0.48839125063424205,0.40732377873126824,0.9670230100555569,0.11515542198623181
0.1489606672688127,0.44328117414993207,0.894816999665199,0.7449691884217171,0.36999606252249934,0.1709414729417372,0.19492208786786483,0.007102485551650872,0.23936821469569752,0.9488481415639143,0.3745137189434124,0.3856038870940396
0.8567393148413676,0.3578270451502671,0.014873484125456344,0.7541513551261783,0.46323565487486,0.9575224258016806,0.7290580267105742,0.9993657464046477,0.43882387940303574,0.9141419458894037,0.24426022285475338,0.5996232041467272
0.31148123711324266,0.17977729731986716,0.7084246506646964,0.8806896501856095,0.5033574428793447,0.40460733750783395,0.2944757447441238,0.772052987275821,0.07914370193854096,0.17558746606068995,0.26449309032528756,0.2216374835244909
0.15223564680111515,0.6069540970057753,0.9861200271097538,0.8386311364690491,0.8268386793260768,0.9397978126707908,0.8183075103628625,0.6075464606149528,0.03662199861142165,0.33513849448055155,0.610465250717367,0.7467299424491449
0.9119294574677591,0.6309307471712499,0.8768178813713272,0.7703126032157688,0.04840795134389647,0.2991179442989777,0.7778493767519441,0.8801306816635195,0.9106422209356441,0.3608850928160985,0.534514360809556,0.7440786026211889
0.7243799642963143,0.16932335663280762,0.13203503844907677,0.8304936836908671,0.8684927680951394,0.4583345405197669,0.42281442861589363,0.7854051948475634,0.45756369039220063,0.07280988922629711,0.16873596341223582,0.0745982370854184
0.33916702064462906,0.46187969323147915,0.37524961359391507,0.029805235129857482,0.2745225857350961,0.953271930063276,0.3130758850701659,0.2080803841578249,0.21539376818327646,0.4142709802334832,0.4422409484577602,0.9903942546009683
0.976609704284701,0.6702934267802646,0.2858547240447466,0.9157219490508092,0.98157906056038,0.6589681654755715,0.889286233386341,0.3311694519858819,0.5968095871086883,0.14733365930254583,0.662848238297362,0.12673458265393717
0.6938878982858753,0.6511670963117618,0.6584336726433243,0.8029536053848212,0.4636923592285936,0.44070199410394434,0.801229621976197,0.11961820875563968,0.4149918695418869,0.9045927525359169,0.9221883700237911,0.06102293408093716
0.753844348457083,0.886244393471515,0.052801786445766885,0.5475216710656231,0.0035025903017228224,0.9721324792048814,0.7917143812155417,0.628634287461531,0.20951606010270443,0.7635890076321861,0.6097529648571183,0.3933436389161826
0.7762850117421449,0.35661042770014606,0.9178677617029244,0.844436758393491,0.8705361248907191,0.6236495933096124,0.16737719465484643,0.683938435364261,0.5172093754148762,0.12833395871707312,0.38676319909608037,0.9806678391032455
0.9510848379931797,0.8660825676496873,0.6025307548500924,0.659380800147117,0.17600694088787172,0.3748654533753718,0.05508608671800242,0.9877462306007868,0.9222299191832575,0.31426318832286954,0.5247143181070304,0.7984747470121952
0.4048453872509723,0.3051097666063824,0.9814676657823339,0.739847474794521,0.20121144007740016,0.35592812748599073,0.6709827544292936,0.6868823164490985,0.7109435374595252,0.3297439522651335,0.10969428820441304,0.48788773210618414
0.22650149319835772,0.21897149889085718,0.7053606862228492,0.07193638684064148,0.7685622932544451,0.9410028667635192,0.10452421455319957,0.7786625493634939,0.05472684798039196,0.2707087734307307,0.29140042876234723,0.9186331834082673
0.718827958053155,0.5579543298641124,0.327348453763996,0.36644156964365676,0.6234560697390468,0.8102115628516097,0.6342483982372438,0.1229105524433853,0.4403874592196393,0.25442925307930575,0.07671296891718829,0.7822358240270391
0.5478100558623696,0.6266259121818273,0.42550991086344814,0.46982859029468016,0.6132841277857854,0.24354805455611928,0.8364853651367186,0.5112192298455238,0.2857901995863653,0.7386095164443834,0.04695531166222838,0.4111590745466111
0.7969749941854175,0.138721953304794,0.643578360014855,0.06178606870497439,0.7774821185408376,0.09463538523578754,0.7474087622784905,0.3076846973216233,0.7960810659501597,0.6871980614607129,0.7550187244952238,0.8416628343761515
0.15840113387496343,0.4868346658966702,0.9282992584418404,0.717848442910281,0.3460165368663184,0.28729547048115794,0.41508777923091733,0.536158931713299,0.6398381387357234,0.3533786453781134,0.05619164950563786,0.43625682481587236
0.7311637767215059,0.5980550834402196,0.2000557658430038,0.4205490685793724,0.8766548769721788,0.34700330229886767,0.6964019955056798,0.38865838106940254,0.43156744882338244,0.47172986850501475,0.5072608693689985,0.765058518264113
0.8216741451390909,0.9163837918221311,0.330568946455155,0.07965367851710836,0.9287468653592906,0.5115186656507992,0.46369265039871693,0.7380763107332354,0.9880046148711406,0.9177165801446907,0.7690200146208409,0.901349276174167
0.9916120100658846,0.895865370046436,0.19308739183284396,0.9757020932253461,0.6067864036635549,0.7666141889510297,0.6765791568520374,0.17329415991265543,0.6592586589913273,0.7590721494388988,0.6593358756217489,0.3254075773616641
0.7845095122705863,0.208314677948799,0.7848955020113871,0.09408566657153862,0.7046715063246204,0.9100593739201992,0.6167384861168829,0.5048274757064816,0.09006430024019565,0.9428516912013294,0.7625510097284873,0.5948241423070739
0.09824399611684385,0.6431628541394253,0.19427184859203545,0.36672783156950034,0.9440212731184059,0.5300076768557507,0.25331920373127337,0.948829802713758,0.5549992171450215,0.16654695871672237,0.021473751743514867,0.9635842205325367
0.4921494969005945,0.5523702258659832,0.8601634153887804,0.26976771840160796,0.6727364103889851,0.6436513220701856,0.28697968370262034,0.2582514944231557,0.029289286619772634,0.4039935687249931,0.5742791454526129,0.36513414702875113
0.9874457036495405,0.3762073422791967,0.6832499857093363,0.5241317757170447,0.18526599964184876,0.16495680732145718,0.44984973772084386,0.5813148418511105,0.1843495461845713,0.768736825331614,0.20780578406349806,0.48574205975373475
0.48169581510505327,0.9620446824369036,0.22552889599721945,0.692492229086314,0.4097999984696907,0.8088118736963075,0.3567723906809777,0.4336817423686718,0.8250242367999666,0.2407458683507919,0.8234574351387028,0.6049941084973536
0.6129698784173419,0.14611827501077984,0.5366918571424335,0.27801435154844484,0.9076797415267689,0.3339432997006541,0.3766327475195113,0.6532279889061539,0.5941143782740281,0.5157099238209473,0.16345917826266504,0.577269215087929
0.7483111521813147,0.5242541696560182,0.28161535438474633,0.8708603129868566,0.29851807558639953,0.4977453839141552,0.501295684307696,0.0052830089539317015,0.27754706369625254,0.11158227570963675,0.7375493061071151,0.8818840603494287
0.29781326274175673,0.5185080782616204,0.8706639200189314,0.7953357894440123,0.984089590236762,0.5419740230800312,0.5891154143329258,0.42651249253399387,0.5507026646192966,0.428674323749174,0.41198842724942275,0.815505797841041
0.007687900030887941,0.9393510486184946,0.7999570101679754,0.8871117221146464,0.8896509952972497,0.3586918214489833,0.3623599379324423,0.9296318888100208,0.6780744640370034,0.12353867510538583,0.8361980455472392,0.21299298608540437
0.4769851223459926,0.6956110411759573,0.8302907009278369,0.16537676358776937,0.5216623408501805,0.5457924976426289,0.8599058732672438,0.1297340878755204,0.7832038786162163,0.19159798935025238,0.4994128105945991,0.3144631991199279
0.25287387662859234,0.03188588880453151,0.09646804428060064,0.5397939333487599,0.023369945946390025,0.2145159262643717,0.46164864633644975,0.15613542793517224,0.8643224450557953,0.03821845555991619,0.614959245451448,0.8984642517268445
0.8705857184498738,0.14233198325195984,0.6055640964072959,0.14771362841598729,0.6886567203998996,0.3729858085281081,0.3911990270360561,0.6124617363731627,0.14302965016848557,0.7415270604242381,0.3404796853905915,0.8585018935980722
0.2638283320218125,0.1360227224919648,0.23999159740889686,0.18294554521629672,0.08156694957041077,0.010121686826345747,0.5742301519926735,0.5760250128289144,0.7889819777722501,0.9094418554998518,0.05150645478326325,0.9456252013987003
0.5066327767858132,0.4659247144339728,0.6233642236522842,0.6884575840919662,0.04591177613344273,0.03349250180442276,0.5817719781621129,0.8185677716995815,0.01599332562151948,0.6444813040034366,0.23901643664118927,0.9520218974936207
0.8546834079919564,0.23363480843099046,0.9702102135805482,0.384545634981788,0.518848004603862,0.106028777171279,0.46736969616012874,0.05746959273900511,0.9546963579086798,0.8237933860241534,0.007005980457866656,0.6287153799297364
0.4627405364198357,0.6643668694584242,0.12228935984166325,0.2204390024420488,0.5514567837857212,0.1353258108348771,0.8368332341178937,0.19361846423196788,0.687116131673193,0.37075580129353874,0.8519891195351889,0.06823186889520963
0.3837543417027472,0.9846217797074411,0.26366325853628514,0.2854172357972746,0.1726912045505564,0.16891013877487235,0.8806214179190588,0.06488271916702996,0.8888944070811358,0.6612794000620178,0.10390865092541955,0.6115488811551583
0.37344756152274866,0.36493291425598817,0.4283184388839117,0.29098069220376027,0.7129565223267417,0.0027949961741338195,0.007393416164141482,0.6602315055392737,0.6735346886010345,0.5955579925470497,0.3054684366186623,0.7507831807967618
0.18601722626052702,0.564970589086818,0.431499626252588,0.9004097098994304,0.014664807376171542,0.6185548763473109,0.0453864166811811,0.044502781433112974,0.4794546242559468,0.7178869485270559,0.9870502581993481,0.5686804445574017
0.3613288428201002,0.4454997008945823,0.7487029108258408,0.2941711385665695,0.24647059102771998,0.5650626210165236,0.7137167602610281,0.1854639641156142,0.2100803286357731,0.08010726118180157,0.8783974803553608,0.42632506210155474
0.7434081548536328,0.5761425304171767,0.9661558478386438,0.36033513954176577,0.2072683806453855,0.5183862956918743,0.7126706788605837,0.23551979091825248,0.026010173651103294,0.780565611971876,0.36558123945487186,0.758535124418445
0.6826080757623755,0.6171429523841055,0.513561909075789,0.45330428839954595,0.034260127258768765,0.602272047700768,0.47048743410926314,0.9097522616013451,0.04517409064495441,0.980625245467217,0.6904364924709198,0.498168706257267
0.07586088668076382,0.7733957690834365,0.822980189214988,0.27302047077111713,0.5288893359542914,0.3209557840938936,0.8213551667772939,0.4641591961915533,0.5576980836653177,0.8289258335724449,0.38635193298609627,0.6653411001072608
0.3968533951030935,0.9965304576863084,0.48825627945554556,0.7480170117737014,0.11566974900392736,0.7833185939368011,0.15715664444038288,0.24075841535051667,0.09424591527384509,0.23996559204771137,0.8945673803391109,0.5347944415204233
0.812267310439658,0.6138443291828646,0.7563807913034888,0.23030547941684387,0.8424441765941324,0.20765480350035057,0.7091358998964111,0.16251139078090265,0.16320526096583354,0.8338583951449202,0.12307641750529633,0.6735423768496439
0.9043482873788967,0.95348336273879,0.05614750698987058,0.09899229469053906,0.7372195572869601,0.2736427572409537,0.6677575149816298,0.7235212018277992,0.2898296923190308,0.006766155033696324,0.6557247569767407,0.44352146067721926
0.8018419152597085,0.010524434504318935,0.2890934440474365,0.8934066497074274,0.8633135164476485,0.3307181883340735,0.924935997537634,0.8316405708834959,0.2983429051880634,0.804031216053645,0.6288908201501762,0.5087583122850491
0.6211380321406544,0.2563757024066995,0.6432958206611202,0.6855587878815245,0.0010239636921224012,0.5534547318926908,0.9919928709428774,0.9438701769348434,0.07206541522549788,0.5359835904882875,0.028243475952411008,0.2352854727288045
0.8186452098816831,0.10337888805234641,0.6160458811873878,0.12705579971219685,0.050150653185143855,0.05787310093932211,0.27824499686132664,0.24644911699056282,0.2459961913432114,0.7101483996649257,0.1329790474914007,0.3394818749963443
0.3436985725714526,0.988073289383672,0.3669849794772018,0.11312613016662723,0.27735378424482227,0.2732944896036979,0.4433978249766082,0.6233761032476557,0.050637616185168585,0.38414049129349737,0.22900550581366158,0.2523525866811712
0.4499689755986861,0.49306305520135574,0.7184863488911366,0.011144159334658899,0.6622924633522697,0.4550378768383892,0.549412536903784,0.5977969820562115,0.3644587065755729,0.4753311829160106,0.7118180252074564,0.6826154864103142
0.6973507934601259,0.5885574176829419,0.8891075510329081,0.9775128759991234,0.2673615483418722,0.7623766229673411,0.7636089270904612,0.555408105031997,0.13444763327941497,0.9849865210053492,0.772116516638608,0.24176992972144143
0.8461874312046184,0.8266136680070059,0.022329523669390904,0.8537179137048841,0.12720629292402266,0.42014253080879277,0.8721141125613381,0.6023564722212778,0.26169917632636036,0.5210282191236976,0.6668370537353442,0.22533109497257184
0.5356800677358293,0.5353775440224683,0.4556669071175389,0.8753239435964028,0.5493976338804343,0.06979616151907286,0.7804963547193956,0.34652004004477416,0.8118792715919403,0.5415680990261582,0.13714462653886164,0.2998285599848642
0.723296408241861,0.12968368740749184,0.935015488945479,0.20613343340375317,0.8321168734442635,0.25910208377200494,0.5360748195758502,0.3210194459598242,0.3157470938988084,0.8953589496269242,0.6418081514627764,0.19621510122583624
0.09427636933004573,0.7684441341305687,0.08940166277547808,0.20962384665215797,0.9477347650370637,0.73059817283359,0.5124800398144912,0.4383389190436596,0.27403850604381463,0.32114436300556054,0.27499034234792097,0.17524767224232893
0.7585016478884851,0.3078291415590166,0.5428453527336974,0.7974501814071606,0.8970061896014595,0.8297557629105197,0.22075639839124286,0.05061615166320209,0.4953537096368647,0.3698029609081679,0.7757370681730836,0.9675740536526302
0.5148037269699888,0.7893745776308408,0.3990898953547701,0.7507428382068545,0.775369248817395,0.8855498730850476,0.9661543959807204,0.9121321254522647,0.20488206535060305,0.6831387623083682,0.46521946256917934,0.45455237848643204
0.7716206244578205,0.9174122739304416,0.5090124972099034,0.4093252354825145,0.4408093169882401,0.4726120917219016,0.10260624838897311,0.2986707169132111,0.5267468910669068,0.2600592527792301,0.6459170020269687,0.8317122065166276
0.3156723733863173,0.25863793226844717,0.1660882696053793,0.7204757079839926,0.6052026560969331,0.5393690369570038,0.02476780896502331,0.6595456120002288,0.1035045706096064,0.10001892854611896,0.9458985781464042,0.29403199612731223
0.9027635799383034,0.6915406930834915,0.9740844904265775,0.2013882766801898,0.2408652743294213,0.2552928253965673,0.3283152766716922,0.482970783291477,0.12387509909086553,0.6104654154662351,0.8307349970283774,0.41880101454976637
0.4349451840641182,0.20321943204192416,0.3954613517812765,0.621966322675018,0.3006379607293654,0.30816584837007344,0.21652815606344408,0.11362266651021286,0.8395370303823583,0.9399325955569661,0.47774007791425616,0.5902808893897409
0.9808066484923651,0.5067959632151956,0.790048596267519,0.6032135014442896,0.16985803285044956,0.9348673500504207,0.07809809711803797,0.96949019804723,0.4269821931543258,0.5891941697493588,0.8669444380236597,0.1675255622918506
0.42440188578686494,0.7626748629907557,0.6172958580900922,0.13891338102793166,0.4468731730643334,0.5993070958361695,0.6047048895267704,0.6486004699486106,0.2697204059634824,0.7931335017684354,0.19583731795524625,0.6711547697928966
0.5830426908693112,0.6746641055002163,0.6859479730141311,0.920348324708663,0.3310301316533965,0.12574276759621472,0.004374807714735106,0.9597113388485566,0.17636518693796133,0.42303055077283475,0.30966717631308793,0.18359052748301746
0.928257331176012,0.3914225831299575,0.8548213059832993,0.26159596883034164,0.00813831478407569,0.862562526126225,0.9457898917033734,0.5094464997551525,0.7655915668379301,0.27793002897767444,0.779214016618605,0.01690153226335865
0.5210893228156287,0.837197054718835,0.33845533477843043,0.7051261394487562,0.5556875939651503,0.3979638069649041,0.9838774440698942,0.7298689807026653,0.06825895196516478,0.9668883294641941,0.1558377165053779,0.2290613505432127
0.876221549881423,0.4954161530480229,0.9035691722757896,0.9250069921029211,0.5751826403741509,0.4171507180434025,0.3058243851050178,0.983512656242125,0.24173604445300453,0.5036305001523638,0.2415252830403548,0.11149659014438217
0.1784757256278386,0.3987503045511354,0.37294436962773747,0.5020720550183704,0.39429234366105664,0.9439860847878782,0.8936489549193233,0.7149444389749176,0.3123071477371607,0.22472589665358209,0.36785757784926787,0.2817524594306903
0.3514107183219696,0.05965922557924031,0.1451063380384467,0.374838599319521,0.3971078874270391,0.7966295090861436,0.7012475792810029,0.3197931372270845,0.7464862581911824,0.8139880511229242,0.9862944845341449,0.4714334965719633
0.1927661171581749,0.26362799078047716,0.3597357933329164,0.6425539456132676,0.07332456081525898,0.6956867944318049,0.09306639477135688,0.942376689484877,0.759689646609772,0.03521330925416363,0.6724995065548184,0.8777190214565739
0.7014565257664022,0.8353665378278953,0.5308098813082436,0.3770712637966253,0.2171018286948934,0.13850920031258313,0.37229312028247286,0.2218628374306338,0.06577806166988365,0.6642902148211868,0.2993732249849302,0.5513610990573602
0.6376514479503871,0.402060912422545,0.35077280498293895,0.35586236037916946,0.7954648970717244,0.45151972491469017,0.6768631402486144,0.8884547752451691,0.6334648606730723,0.8449354359057624,0.9707818346656046,0.19882196537424188
0.3263732767014119,0.9751664419783034,0.7520690399026094,0.4279431634271273,0.45206290014786277,0.4865322179425473,0.9961095362203727,0.3006900234004059,0.29230694774851035,0.9246346618452519,0.28367596693416747,0.7005112513357261
0.08705124252812182,0.32881147555757134,0.7630442729868655,0.1347435599619193,0.4892777480526689,0.8230281377129206,0.9288407175479023,0.8757126657711845,0.8209931174726698,0.268072136521966,0.13522016446265062,0.6093366632750757
0.7333734218467426,0.6551067172586841,0.8990547228154558,0.04137063280196755,0.9502078266300278,0.610751509045913,0.08836087769778546,0.017358686429133907,0.013067006398917709,0.5081765777435333,0.9650393871430126,0.04471780104540321
0.9344466567724434,0.47527696692952076,0.25863076260193796,0.08976063549123466,0.3925290034278812,0.1938725689413756,0.907088788703237,0.16720370137317522,0.8581160935377619,0.09397072928530034,0.2259445204564749,0.6184960248412007
0.9369653673097019,0.29454524765786483,0.5890125309745711,0.24868888941525452,0.06543403637253387,0.039130849569290485,0.12221164071665286,0.09701579217862621,0.3601152902001072,0.10899594793443089,0.6849032950988954,0.15705081382739688
0.21392528393074334,0.5615839074627982,0.4087042613477012,0.4237502228463088,0.6773083145971577,0.1836874140139786,0.14923334002876437,0.036320687528416835,0.9677893227629633,0.002919719421947598,0.4340446827232918,0.926432449067225
0.564133874126999,0.06611976051801297,0.2186112906306388,0.5904495862415923,0.5958258373476419,0.6754065282812647,0.6462877437430079,0.9763170192440325,0.24822391242153363,0.5497764322872273,0.5332639996511586,0.17228924793764963
0.5697615908476807,0.8166436088081099,0.3353910997453314,0.038439147049358635,0.8119339014671947,0.7439068847799972,0.4556693283011352,0.3797003496032548,0.7087082796982005,0.19488574057476601,0.4533030456150737,0.8206447355193339
0.21975592830963556,0.2782054316222732,0.9149320514476407,0.9816147186393896,0.31170189823683514,0.17544112986114752,0.20710203807465338,0.1876509426367728,0.9254691697259366,0.5434704519991613,0.9101719422549563,0.27481012813322264
0.8135017171610401,0.9496897684162419,0.5532168669681585,0.46658024595574704,0.3817886000067935,0.5845327577196027,0.663546598572189,0.072904987819657,0.6955037834583636,0.22283470599431182,0.44947631854915504,0.2549928863173834
0.413964033680064,0.9104663171259673,0.5166932730044234,0.21829097035889364,0.26449013788914444,0.7139264954100022,0.2595721051079456,0.4934593450863741,0.8748378749766818,0.5773441901422712,0.036646675883608246,0.5570471951682776
0.4391598164055363,0.45637116288301927,0.7362599850278327,0.8860027470887606,0.3780005659482856,0.6516331895712983,0.26524300992133437,0.6220940682196334,0.21672738219169685,0.7700249938206879,0.32949824351979334,0.36003581728363754
0.8327123406319621,0.28464936051074247,0.34194292613688954,0.7414197465153268,0.5322898780117774,0.0544420961099678,0.24921582100535924,0.7034663797121062,0.5084434189315362,0.4866507291538063,0.7490812888801016,0.053626907364303554
0.8375605444837488,0.17290426165512238,0.701658147189824,0.3390067114181304,0.8155596076175764,0.6287546637280206,0.016289527130414094,0.8249146790666314,0.617003564536641,0.736326818139166,0.2708059854259371,0.8957826275056492
0.12401794848852449,0.6841246276182988,0.07604514749077634,0.9171364804442599,0.5702934817246278,0.9547245826714207,0.9536320267469458,0.20361706958653156,0.5908856098568367,0.2938462985694081,0.9314058296989806,0.38898483679244905
0.43240774257672976,0.6825659131953534,0.3028419388289213,0.10811553758492798,0.9685690403912356,0.8496609260537509,0.48914539475475516,0.21594282162792494,0.06210468593702284,0.5834732515880224,0.9823613934426599,0.7288056741434393
0.3484640180013437,0.3624000251966862,0.15775189859088837,0.5352108905630095,0.5440084675145479,0.312800851796979,0.6073879778762294,0.14512101949991454,0.7405297096371446,0.34932349822300873,0.9264525752576059,0.7220184651158752
0.8843741371979166,0.6894059129831275,0.16087269396717682,0.5942625223093526,0.2364026134712725,0.01649763770402665,0.12607988490820857,0.9508212114297921,0.5816894755029892,0.1568858559567216,0.3556922956987169,0.6837867513049134
0.3539598271879339,0.5811247734961431,0.37868784410025175,0.3588373752903367,0.9706870839671318,0.21875578647403082,0.29841223450732685,0.6041967595307821,0.2570244452761101,0.2914156531081514,0.7245573165033655,0.9221722278438216
0.23787435659038178,0.6582420211065729,0.4862485823347447,0.7743104561607543,0.46776863496709864,0.7581033333588219,0.43867444491470964,0.6156831835265834,0.1946663162863368,0.5321851915608928,0.853803182413492,0.4794132035916758
0.6058443492726294,0.7105792995416736,0.16723896100307983,0.16025518050176735,0.34256577786470477,0.30294817770369625,0.3956725485378089,0.48424887127010807,0.339186170061614,0.9660247811151721,0.39154329003348054,0.630077154962364
0.4071694662706234,0.20533005771062948,0.6750589460917575,0.47482055785786814,0.6455219265535724,0.962045156406983,0.730936706725265,0.12435863451273658,0.7721402215108479,0.7200044236820163,0.3595472620364029,0.8519039710312045
0.6342639249140389,0.13299735096191878,0.26283219163469496,0.1319305343875785,0.8640434021545483,0.5890691105634744,0.1081728140952735,0.6534726957712635,0.34262241305093205,0.43280715917048834,0.05922274509387841,0.736798743156247
0.6275417598225983,0.08489958418852048,0.7776374020693402,0.02203997063577017,0.5153054053915771,0.6033842847486651,0.742945420695532,0.8786493896908866,0.9301610854563185,0.10377998611576308,0.9537464131939096,0.34671671452012554
0.9842764532288156,0.11570919438323798,0.2038057396458564,0.4394644181802397,0.9231237888700894,0.5359395195276908,0.21100390038113537,0.5854183149898219,0.5600157654219917,0.3934559550118312,0.2675670552748616,0.8917462063474436
0.6859159709081324,0.6275619100702361,0.34698056127719556,0.7322889890418385,0.10294544777966168,0.04333254743105162,0.3022762472250909,0.32755051612519964,0.30433733355454873,0.8387932477392208,0.1887747263724138,0.8352174481377896
0.7693583190489927,0.026367410671534725,0.4982138747179613,0.14423170428107357,0.13006862081334936,0.46849563712381526,0.029366550888668873,0.6798808440430921,0.7296670044713545,0.20060802765495425,0.23014698824080188,0.5701437420844203
0.010167777778314705,0.7701476655430614,0.7307868091040282,0.4446704246944465,0.42859962927679135,0.6355999317897253,0.9708947831808307,0.7988874952428056,0.17039449491082023,0.14606453811980324,0.03726525971604288,0.8180750097822441
0.0008016537898341099,0.09185992680580096,0.38936444615038623,0.8176760523582588,0.42165867979364785,0.20407040899197362,0.2012258650215724,0.4053052052714432,0.4609232016083482,0.6054036292427678,0.21188749619319414,0.8060193985152799
0.1668540794573274,0.0739844242927463,0.6535476106021563,0.4991848373531291,0.3663392141085024,0.34264077331741005,0.9024637340433216,0.5411023613322777,0.3281621799698635,0.5913070323710666,0.3012887142953879,0.10119509829571091
0.042149474478946854,0.06083860120329869,0.6643399687600714,0.312741902493641,0.4844887529248654,0.15039367782769372,0.9340198486473203,0.9005058845397986,0.7389706977381872,0.6350805202799834,0.33236305266730465,0.7740397014582159
0.04957758885059968,0.18290059556143848,0.840969715272668,0.566214517181038,0.9767745593125019,0.9256975405404464,0.23668430262181925,0.8565237734531088,0.5767795275972787,0.33134981375744954,0.6988111813777812,0.7559626258377747
0.055158691759633054,0.37051607556601923,0.5277736348958172,0.28168075126578856,0.6587767730373726,0.20274623475863143,0.4764972813395681,0.36621074217921157,0.47245790677664895,0.061837403602122976,0.4856053511148485,0.30480539877496543
0.0649265072394906,0.020802607835824764,0.00033998169099269524,0.617893347381533,0.06840224383189247,0.98568168546987,0.6371941210334944,0.764013035907761,0.3531140978482262,0.3773535362282186,0.4308257531476019,0.9872399419256793
0.6615588171766851,0.6980089029640213,0.9612046965203759,0.6629299047190689,0.3497877478519834,0.8718959107913709,0.4962172887118249,0.3479016106029355,0.10715865099170606,0.5292896554903804,0.9012842279618919,0.8609069199531034
0.647538278666984,0.1841157895816133,0.18088303724404473,0.5401357732783136,0.7846796719260517,0.062150353843379906,0.39804079481341526,0.6393480417387237,0.13065156037384915,0.8746697579640683,0.36150716020990453,0.20735514995386697
0.4215497224945982,0.5722722422150314,0.7641511934542912,0.3490042957750032,0.09725495548616106,0.7385878854504757,0.49158009859936724,0.2854360913760241,0.49016448059828416,0.7078280605533718,0.0730346744955007,0.7907932639016999
0.7369392869791761,0.2979381747446613,0.04766495676169913,0.2430154852033798,0.1264513544556592,0.3383724901031848,0.19941088896239653,0.37320982341513215,0.8005521758991649,0.0690016257494334,0.5532462188134756,0.8003020771932928
0.4441583442875133,0.47872796401647744,0.8636927053085968,0.44133018202720026,0.47270851833162103,0.37822974058693887,0.4256780943671398,0.2525527759430486,0.45557717564145883,0.49665566792196847,0.565394205835141,0.6933377906356626
0.557515755138367,0.38650385985513475,0.3192494783234279,0.38694690041820123,0.11898976099768598,0.902406992652878,0.38971493472662094,0.8435671755038494,0.8545288057379575,0.8650885753281208,0.482110754215886,0.08032993698348517
0.18117257596973063,0.4706872187475994,0.7393695519661097,0.7246964353835497,0.31412089493999007,0.7723580218670572,0.8496204792211153,0.11025394333920716,0.4471577108002073,0.21038074555163053,0.9935910557579012,0.2570165618048228
0.20586384741049096,0.037919383845445936,0.8856395548736161,0.1773555656749179,0.7729481916574116,0.3921470995096307,0.8424657762867058,0.28915555881595856,0.25252177672869586,0.02677377445728779,0.0945108623550749,0.06547876569208788
0.3018871062302418,0.2213563678007186,0.48040925771559045,0.4578105544934491,0.05400998825055115,0.7899538795568506,0.55302075603763,0.05541491248885337,0.3008518455413806,0.30596072800443064,0.5388310964057916,0.6424860469765676
0.5712959498378484,0.6013193409687124,0.5013504218188902,0.9883628132452597,0.6857963355251006,0.08903681101001767,0.6594927797371034,0.475593827732979,0.5671821338427663,0.8996154926932737,0.8179155860507538,0.19319519271908886
0.8244508758938124,0.5104226222250514,0.47449484089832383,0.7868915543223295,0.7613769045179554,0.5279193865174345,0.7606609046545478,0.2644730084457678,0.9179823622823169,0.9209361972759531,0.01905525138956031,0.8115464613476764
0.27380380708396096,0.41876261772902645,0.9772881114316191,0.6237992479480353,0.36048517033733657,0.09123182925485603,0.9582438792359648,0.5636485613225066,0.5849763187717875,0.2568445186402321,0.38224647217821645,0.7797013709278574
0.01563475345243715,0.5313312896183009,0.6890648066312571,0.6135632566940074,0.8371435537293602,0.5249614985140303,0.647838999903336,0.8685945398510106,0.3822177649290286,0.9903257120121615,0.7662992659354828,0.5298965739541515
0.7615938112881054,0.7508336440861535,0.3210426008773567,0.8697047322034069,0.9386933536010733,0.4399534297172466,0.24351517862105657,0.8595344076613967,0.5719114844770165,0.08933037600902265,0.204225640239038,0.9331158770487703
0.6696176523106043,0.29196374905575023,0.9896089011131504,0.25961423175061515,0.18154127451184857,0.1278269220038678,0.08023126412191135,0.7667205965902324,0.38907562132097817,0.28026413530361344,0.3788318533011942,0.6975086999124742
0.3889360698965479,0.23728546910371373,0.18530349798813472,0.14196504129238322,0.5591780931963691,0.22221238867328866,0.27545809284026673,0.7893948596318536,0.5640583246321125,0.697154057161759,0.09887479794048885,0.5616290459365864
0.005196405785033222,0.3418949665132129,0.38508504500056107,0.519589731993186,0.29192747995105,0.7074869341486498,0.62970032612487,0.200472880811558,0.9054001388737491,0.24750082276006202,0.4084638657640571,0.8566615824979118
0.9790847427702412,0.9718816183268038,0.3441755823878059,0.7343183839032783,0.4303222142441898,0.5206901998187023,0.0861146294849639,0.8945978584116996,0.11084307481770218,0.3830249722435709,0.25197809949584116,0.03945990885541849
0.6523964981303199,0.160801787019547,0.18752009453467056,0.08419912897641814,0.6377857143932938,0.5913037883951838,0.9331828726274319,0.9942439040585763,0.7475602093337781,0.7547060254301527,0.12942141475511887,0.506289200259783
0.4409082052431121,0.8709842621683177,0.23192818909898436,0.04335040278388204,0.3838404713605796,0.8506599496026318,0.27287069817531334,0.41565361927627487,0.8490206833511761,0.01882334642767635,0.14486380982521743,0.0949858152318106
0.23405545576286446,0.7636171676524477,0.5581744560047159,0.3258192597812554,0.1385214302993716,0.922311896328688,0.7717345784649964,0.1404946169514022,0.1894792603629107,0.8100986200929168,0.7596069177823115,0.843526609284404
0.5756170873586977,0.1027441129963072,0.7690105375304013,0.24644194985282442,0.7254008335539653,0.3650857057084184,0.2690619544403355,0.17664523115091574,0.9374672201337881,0.23119378889891765,0.4692708017111701,0.16564076044416726
0.9681006732287687,0.38162638666980303,0.10117098815742871,0.16796637369436457,0.6335076829515205,0.2630001420354476,0.6015011217504436,0.9165610518410299,0.3963745857983047,0.04502614818524315,0.6356830648253728,0.15214660039653194
0.2317355935938593,0.8523520822277957,0.12384462539159019,0.8472739296923931,0.08749756301196068,0.5525641140988928,0.14147157052938886,0.6696641198650384,0.3697376694749979,0.5678441922740741,0.5282545313308038,0.09166274491698861
0.20136043932392808,0.5784159090831064,0.5611504873977856,0.5768218452593691,0.5259845352874828,0.6383018615585014,0.05233040346438127,0.674586419377057,0.8793959417766548,0.4601455507950702,0.999329676573068,0.7881635499438935
0.35666967034157987,0.11046734030617485,0.1271101663435599,0.2369200577336613,0.8918468551620822,0.3436575685770653,0.17437133856747067,0.021027949036803058,0.2649363934826345,0.9316916233124655,0.7337056573977713,0.9723715979364863
0.5961579750107285,0.4982434811575442,0.39139151354489976,0.8423185179985153,0.7086340542564918,0.9870180431262744,0.515093853134766,0.9317946051734193,0.7906330122679288,0.2356393631047286,0.1828280365232177,0.6614137468676516
0.9327973272767202,0.9682915938397675,0.6501450176964464,0.22764238173583512,0.19525100839388188,0.18155330072347284,0.31949436944231274,0.695480896514315,0.2727921842161719,0.1395147903379028,0.334126590272254,0.47335865279064154
0.6247600085382728,0.41496354737606134,0.46113847123559487,0.6090033396830403,0.1894159108432694,0.7360753896683693,0.07167362816385958,0.381164985891118,0.6108735203292232,0.9720888342816462,0.47504214911686327,0.4307516205304303
0.37302535694427047,0.7991400411505869,0.9211690798205755,0.5281455688698394,0.07684896076441702,0.3140173648321796,0.23266638061486997,0.42294851787310656,0.7769164976561543,0.5166890480846915,0.8011481725182356,0.2381106122895536
0.7093241228635114,0.8040326346416652,0.44216264322422255,0.6374598720293946,0.5813304435555587,0.8433200865854027,0.8980768299847534,0.6422270007430755,0.5010009692799171,0.2439873313457327,0.013274848299391939,0.5764835833513962
0.15665672673690423,0.3255429931906631,0.8462895649085586,0.636492213933858,0.7916940510766435,0.8792445899712096,0.9525622815155065,0.02938179169040911,0.8524807597270716,0.512727112027489,0.9795747697034505,0.1179792985399271
0.7635388668549167,0.2441435962231589,0.24444304630662722,0.1958142548444278,0.9903572467854935,0.631119833816257,0.2817589514342136,0.54905362895123,0.3979171871799734,0.4898899107242239,0.880563213697483,0.6595606458073744
0.9411115611620803,0.31352656423249703,0.6393183609152965,0.9544132613120703,0.3886598790872211,0.7514228849647262,0.9625170663740844,0.1976537034599737,0.43499884388165483,0.21351665482038842,0.9343291601173775,0.8705951462186542
0.1624975679691857,0.4202699749989262,0.4951216428516109,0.4144673650968815,0.033142520500510954,0.03068253204287312,0.40914027159974603,0.8131840403173166,0.41994899250810797,0.49011275156970674,0.08236182426714816,0.7730347450232801
0.6445463035081844,0.7289780410702257,0.847147829218956,0.01470098853059117,0.23682019840098265,0.5695010395220619,0.789618206047778,0.5898535144113318,0.04237263201928951,0.7496372604950327,0.16036998525682863,0.20504394368880183
0.24463653383684136,0.7807495718752021,0.1162843616097547,0.9469655366161498,0.21181489869187903,0.00782823200842635,0.4835004135609975,0.8051505480323373,0.14409034385176095,0.4540253338016937,0.3443693105557974,0.8265920874844178
0.524452772102337,0.27132348685116997,0.27651451623390655,0.05214375329612246,0.35576616818822865,0.10172377886134976,0.8903780560292363,0.06293992890175992,0.9844567012000075,0.6751082934441556,0.7967198705168727,0.614175501808568
0.2481535890159818,0.18762421220253764,0.512805098035563,0.9508331800819096,0.7221976479227569,0.4138943904962716,0.40050347756175475,0.49145647862778796,0.6484005871761085,0.02237436303912366,0.4724364864705954,0.9356770877256981
0.8671731646488727,0.04601969805156458,0.4581393668512272,0.6771460509662128,0.9327596442949029,0.44604717585617576,0.33170773010860954,0.567592847340815,0.08566684619785363,0.9118216752943732,0.517446910797115,0.041164287614313934
0.795354609431701,0.8867411667347839,0.4789372192894807,0.6305006805346044,0.8965216215176689,0.7269101920853793,0.42847640807612064,0.429367629776418,0.16652788104349858,0.3111567397931843,0.0021640058225290528,0.13576497303239743
0.06055808827282432,0.7409986802676021,0.9541020770904346,0.2990520954639821,0.9051439877665896,0.4871664559305072,0.8264898093570625,0.09048213582973229,0.8160305763613493,0.4471343569369158,0.4905160706884942,0.21938073742586472
0.9266426893639537,0.7556557131913505,0.02598244721438664,0.49237785831423175,0.7148842333663759,0.3687784859198718,0.034283871472733374,0.8509317878099325,0.10208292893935118,0.32567804748386403,0.5595347976526585,0.5433420392991903
0.22076348040164817,0.04178370856338945,0.8141342103728698,0.8615643960411662,0.8455176036399182,0.4642803052716912,0.7588741191182554,0.4497465302832838,0.1373681313097456,0.7740962756474327,0.21666086156989744,0.7041125639736122
0.5993518274263175,0.8001578786547207,0.27236238893028497,0.03617497848211479,0.3035881978580132,0.42827117540481596,0.8651656719821886,0.2614701769605142,0.7312510087939113,0.18888574491024288,0.014600488634399243,0.38137863933807953
0.6716144819387448,0.0031097350962636314,0.11329628579123516,0.7083951286609071,0.9735793900903237,0.9914173350939663,0.6624499860298644,0.7312292586475404,0.0569794550231136,0.6709025911159497,0.22002608658343167,0.4414349242448825
0.2917265602030381,0.7032896970649488,0.36509426169536,0.1744629243816232,0.4980787353846865,0.6413714058475891,0.4309383887239088,0.4416867293554339,0.8626644847766929,0.032651076198217784,0.6311384834668446,0.24773297084875434
0.17205836427474785,0.56788759547395,0.7210497618993649,0.7032131795828311,0.09167620056044345,0.22927543321947133,0.7764119728167085,0.22480065026312804,0.018770547567028898,0.010729971284110707,0.6188886640918718,0.5012027895956616
0.5283237771615996,0.7795770143902153,0.9239206165651894,0.10456993374597842,0.8227446204776372,0.5791476674589676,0.784155270233998,0.835832312314919,0.3598877087664243,0.6324063988840426,0.5559279262268224,0.2651305390421435
0.05147657511677215,0.6222307559503417,0.6790162226210829,0.7807320321385962,0.5673377682235223,0.9802421496154236,0.15119255503064358,0.18286418101599544,0.6046559995152481,0.09193387632723822,0.8089304764600035,0.8074844113949126
0.5926715466427128,0.5221366044978497,0.8394426527884373,0.32126023397451975,0.7545161080003231,0.02295423865899625,0.9734940922908767,0.31372289620210436,0.9284459553726382,0.879478202707995,0.5813040958595943,0.7945816218870357
0.28056788312222275,0.7084113287809111,0.6992484687779755,0.3508663925610219,0.6417244540690202,0.2431127164166789,0.5180866494108491,0.570161447320763,0.8464317145244494,0.39727893898964106,0.19065695335617894,0.2886350579779885
0.0789467095216116,0.33559996731869507,0.07913820930952838,0.8992576030594,0.5420381826270535,0.7412700479393469,0.5091853919724746,0.2681666238752638,0.7004058120437889,0.04678010793929138,0.6949285781978697,0.4268172058268048
0.1453550381482375,0.26737245288570793,0.4682942699380397,0.572096977145718,0.7999792038443302,0.7547872274119195,0.25440886874993995,0.23282070090388435,0.6300166005560855,0.8630506606107409,0.20161278092132603,0.6024392722853499
0.14184001199690532,0.10776092231273962,0.25563156932622083,0.12412283761947854,0.8086978788014435,0.3946560529476249,0.28563827265043995,0.9660510737625047,0.15453298141346652,0.570885675261965,0.281150988640098,0.37692890685923974
0.2074345977433372,0.9782939429782728,0.0461654398735906,0.47744983367841753,0.3589607191843791,0.5574843001674118,0.9229320819980217,0.4767894596881106,0.7228659050669582,0.6546738595691257,0.5108825020771656,0.7407939263949576
0.9720325524955306,0.5487915567385232,0.4911494754955988,0.2765027220305887,0.9100255991468703,0.8890867362206891,0.6516938862602968,0.8841393560133047,0.08826992134750779,0.1144327396383099,0.664728510551584,0.2324030331101047
0.509251028807149,0.9989961285903115,0.19734048443594338,0.9276412479450267,0.563200389279258,0.894171617297567,0.5705022908259374,0.5569727815768469,0.25499959635951075,0.6094843568979487,0.08650839717798355,0.912279459592816
0.9177896628586614,0.34550055769489224,0.10949977239973552,0.024347307399984496,0.6480923920037188,0.40308096760308426,0.7203565525622542,0.9918621456389779,0.7971597631150499,0.02504929447691687,0.17168834285762416,0.88703971892059
0.3225300585102533,0.5927328181713253,0.4720920079715223,0.3405800320447591,0.37442146847658186,0.04416089433379901,0.4184203794852265,0.7197930428403205,0.5762981805384755,0.7959128591890064,0.3990893140164332,0.6492073840276891
0.7409600459919541,0.7220236394625054,0.5200033881781647,0.7274758963100396,0.03886177483895043,0.29291256995046855,0.9392123925378498,0.011366940678385055,0.15732020487217438,0.9878091341260203,0.7011185934040979,0.10579245055989002
0.09275616103980755,0.5410509667719665,0.5352269767177437,0.5760563810317991,0.07400447688239213,0.11952656264242294,0.6113673291940792,0.8985830738151961,0.8092760434042988,0.09687747712508533,0.4021756567875093,0.5132313424279273
0.5370334167380569,0.8569151185170906,0.5539044730747676,0.9699910687837897,0.2609432249574341,0.6868555509669683,0.001844363729839735,0.8927016077632451,0.9481027441586264,0.6913097565153754,0.9915711702563599,0.405936416122942
0.33617063081176163,0.37932353709430283,0.4502228037458516,0.10261175925805498,0.14757007705902553,0.40884402914947354,0.44092070274483625,0.8024705203072533,0.22811872442596434,0.8016807245182977,0.09148838247794404,0.15470800846619984
0.2601763899149572,0.504886327519213,0.0409118779710713,0.315877374423988,0.21433014922976112,0.4130966552726791,0.7691339060824866,0.042361731624464265,0.4009439602351668,0.6170276236707639,0.7917627584613378,0.5540018682770487
0.33121572361084517,0.4251830025178597,0.2138214195371986,0.681369854014685,0.7594089427279912,0.9946078794742536,0.4967070296540366,0.13037331553418857,0.03886117466656772,0.2986724555496303,0.7273790143081704,0.028384806747434776
0.032981321915775484,0.7166574204605555,0.5984052202906841,0.6949283697425012,0.7175312591073265,0.8807244554680765,0.563820718147809,0.8486945299875014,0.3194355375620586,0.714678057893011,0.2630029471654351,0.5485805208679467
0.8803040629154524,0.8130278869847859,0.22893383097067077,0.7121818609717805,0.16100725887099485,0.23383738264227952,0.5554754804380035,0.27816454894535786,0.6724849768723905,0.05294821535244842,0.4185118442339762,0.28518212768021195
0.6413464345726663,0.5385600200137648,0.7874172205539434,0.8353181024242258,0.8599185735071182,0.7060438380616404,0.7381170419526718,0.7103538713637971,0.6259852423332045,0.7257092881328239,0.46134854620157056,0.8854140897054166
0.5409123294894784,0.03596379083645691,0.15460775771065532,0.11941470180432315,0.9955987774548009,0.8248492418792943,0.7555100317538662,0.08993702626194833,0.5447032141848269,0.9970406337029535,0.32092816084150216,0.6215889890647882
0.17547609071356066,0.2814760908284632,0.938494948286772,0.8581184366986618,0.5373358938651294,0.4474083145079699,0.26048503150942076,0.6328925611548183,0.8288678752423583,0.8400911537211159,0.9076464773078078,0.1233921528094001
0.7898293387856932,0.6342175236819426,0.6488586838887223,0.43529297807512335,0.15565994170151337,0.8138798149528791,0.8291986803165702,0.037579845820152086,0.6459789002126374,0.41867837538931946,0.8970827652554171,0.45302004715315686
0.7524450925982297,0.8175565526225744,0.9585902030906496,0.5862540845254293,0.15064084818987683,0.9145715140238225,0.011855329249672357,0.4093091706980678,0.539743313738505,0.561873095236596,0.5973852515875662,0.9541819893507882
0.026739353200273708,0.704969082652944,0.7457981931757358,0.17291942642828773,0.8846057723834022,0.6561258411808806,0.7357936845175397,0.590742366022703,0.9085514537645843,0.2865678289410049,0.48836145140339876,0.162908803866018
0.45778116083164,0.6675065765470833,0.36180380459421685,0.4332812669427624,0.45375311871242835,0.4801051904666579,0.6891731657598854,0.13947374682220828,0.7165912776774022,0.8201937451356063,0.4231246611533884,0.939515200824216
0.6769178569258015,0.4377524105640595,0.08062646353240631,0.6292742034220435,0.9642586577287457,0.8366626006123336,0.8857492041783608,0.7030203317806287,0.997305052001332,0.8698613012576825,0.0311679379105311,0.4815083578987108
0.18735826663939525,0.07983149491530883,0.5672916871846226,0.8093329106348747,0.8783355610563245,0.5071875480120565,0.5224989298271153,0.9336480131591073,0.4036149272577479,0.16798246210219336,0.5021999918329543,0.5253152014770113
0.8950707283801391,0.36770072739038046,0.30446226968524154,0.33483349884834385,0.4133767099175666,0.16106235549894948,0.7198382609127317,0.8376830074244731,0.41197455160344015,0.003843202020576561,0.11636510686145514,0.9780886012972639
0.5538410680458286,0.9643950750114495,0.13867012922192448,0.7159426303372386,0.8534682884812977,0.8019468131672564,0.434799165633634,0.7561982138226806,0.6654352127678811,0.47896988380615013,0.6374272605421895,0.3980039421424838
0.229772840382638,0.8098089380914186,0.1343567808950742,0.3199080883288058,0.7349337659762792,0.08285925180862233,0.8736402068885776,0.06942868766979048,0.9939865646760501,0.43588872605772944,0.2875127063499197,0.3706941882908671
0.40235673391885957,0.4129392325411419,0.890582691402545,0.1975783402059534,0.9626710910787022,0.8733661885558772,0.04805890972139678,0.1339698855943177,0.19167641163220792,0.9511758152595999,0.7324846880891586,0.1804558487003556
0.8338880220061791,0.15489202576714559,0.8283664886208154,0.2888278228067471,0.017025239565750964,0.3234361472721274,0.3207435716267257,0.273103072257663,0.35626067769736075,0.5013588859375695,0.5770601024520995,0.909759167454217
0.08342101381216069,0.19441771796784849,0.028633509033507018,0.7617814640830731,0.23266511995217176,0.05144628919416425,0.24281751988810843,0.9707656840402655,0.6161353172100079,0.076395287970349,0.5038706312965725,0.5169008180766135
0.07317754967627463,0.6629105562875484,0.29573064508155134,0.9620510955129036,0.32401376322486564,0.23860986160831754,0.07576859521204367,0.9251610623640223,0.2804717292022587,0.04015581179032789,0.9167845340111425,0.014362995958083671
0.9598938223871913,0.3484767546190796,0.8356336442180915,0.3286289455919776,0.7890372831498597,0.23047577939981012,0.355465963677677,0.2739714226787975,0.8686289851281978,0.7463625942250645,0.8592362652746592,0.8759695917093173
0.48713309270614147,0.821182761334751,0.8754543173277097,0.12132192710031826,0.4777818172200987,0.7783805194733964,0.9829574735780808,0.2169808945697484,0.9135943235722579,0.9364017628898073,0.8284771165759611,0.2453095119535776
0.5436053667048802,0.04786720525307985,0.059381284594608286,0.8106456582807803,0.6640486591625995,0.3608037416488362,0.12876276990464466,0.7469306572935195,0.6004202392207061,0.11793122761315472,0.29422496459975306,0.024842771246511276
0.4761981527392999,0.5449494167908482,0.11806363914292162,0.5561232056882309,0.6564305349156752,0.9046569632758743,0.6251439249640153,0.23714487926300318,0.44451900476623013,0.08467879308716678,0.3179431215344371,0.9613281073449838
0.03605497469580443,0.6458941416905464,0.8038140963690391,0.5437114118477783,0.9002528752887378,0.8301132269671915,0.1465423073722602,0.8404246239375296,0.9789924472396371,0.44376006041397786,0.6251040666627794,0.43785647927868915
0.45372832444308514,0.31305327571788283,0.8013928272067109,0.23468966178229816,0.22882243898532256,0.6928245589332223,0.030948825167454046,0.40246224781752116,0.6982983491122484,0.14151486059074947,0.9047596085193002,0.8367776004136932
0.21298586835956446,0.15047279214068127,0.9409669400826527,0.5219764242630077,0.7805960942654037,0.5812972376156861,0.8530666853828366,0.5219492102917892,0.47572623050113133,0.5663777087373101,0.27721836811245676,0.5221393124352904
0.607152064170469,0.6370380883206316,0.43662166475759523,0.06745507367840971,0.8189985386754683,0.24707885711530386,0.33804980599228907,0.4732371009256627,0.42085784652075675,0.013349661849256763,0.4263176716838493,0.6399531412704721
0.8486607072548168,0.9285142766995932,0.006369418247213767,0.30868650548264265,0.22174570883998745,0.02510488172343727,0.03985767682329096,0.22794109622128733,0.7630887541703211,0.9565410458743128,0.6505889935394571,0.1477599729032993
0.8612598724829625,0.19879280343302586,0.7728993768781109,0.8501492855948634,0.11045738707283975,0.6616731298329479,0.9798785130454862,0.1643642060672185,0.033296981867375196,0.4688789541719001,0.5482300549992276,0.34166103741934906
0.6164473063022553,0.5163659547519474,0.007634272334052906,0.9080974082211942,0.5068383611436875,0.7033126121798743,0.1602993155390696,0.7075828636517763,0.348121044701432,0.9796028512517282,0.06072414494839533,0.7697556514285565
0.7104038247151694,0.6789668354175483,0.8699731543203513,0.5318427802338813,0.699610823236949,0.979330180427258,0.09892771356307543,0.5295903367653774,0.15148783118779288,0.39287748907273345,0.17562900500945614,0.7116639041193115
0.021966645634023996,0.8305711618950363,0.7277505435968533,0.005925367646750102,0.1048247210804829,0.6767016682114133,0.1179118799708221,0.9796946163044966,0.9719469200456727,0.5527245623973167,0.005268774891120457,0.1368352266683178
0.254275401873548,0.924467392206016,0.7942807579916946,0.1596924149308646,0.2939049412819102,0.49179658255351566,0.6328099955812454,0.5774826853924953,0.6609660525298053,0.5235236249066687,0.9432936983337327,0.5867402183306456
0.1028230625700293,0.9327083781292433,0.5928236727995734,0.7921590481533305,0.12171884669205008,0.30346920287995593,0.586593557082618,0.37658953238615944,0.07639256666005594,0.20375398794915128,0.7845650764999461,0.7171241935558652
0.08159442397988464,0.7352730805237948,0.4390258017071385,0.3026067822392123,0.2860248907309112,0.07499753290028063,0.18314233516545725,0.25455410456789,0.8167459560562542,0.17132368002336026,0.7143458400934085,0.007502686627620433
0.5326689912029559,0.05644603054500417,0.15056795010315147,0.5148873337356857,0.33865151930390475,0.08388992696559752,0.45681249177346966,0.29278866950399013,0.48114129938644445,0.4411613952813097,0.11134895065249684,0.9840712289372594
0.619597240212565,0.5272176778906293,0.8502531046604209,0.5068239179605627,0.535417736338989,0.3515576830101229,0.0186502308339208,0.6199004196192527,0.2214113567962862,0.9567625586669813,0.6824974282133154,0.6522726395657521
0.8419221257223104,0.6045854509556603,0.41940921821129207,0.4492790857888224,0.3066778426679402,0.6141557548502913,0.23569258858249306,0.15729032304075202,0.6903010938258338,0.12309006133619463,0.043315223759593055,0.3197346448659645
0.059617462028095085,0.12659445457720622,0.7242302912380523,0.3717174004165656,0.5643978748664306,0.2515402363640038,0.060596551886426105,0.5192469529439316,0.22556344908526343,0.31960217761346654,0.7813670380482515,0.41461590817939986
0.5509338101905873,0.22932502446290887,0.6279373325808985,0.9419681408050944,0.14483657126519572,0.6093400828259151,0.1151460934970052,0.15103815954322994,0.8854158252981353,0.8889314347757971,0.10244726208501677,0.42097775617241034
0.9480266074541109,0.9078712137051764,0.5955114398976489,0.7661212865740886,0.2713710786264657,0.8968256110438454,0.8557905971829277,0.39154243677987705,0.9462319727136232,0.2646944534938906,0.42875700075989,0.20307490407706788
