countrycode,wbreg,shareemp,shareag,sharemanu,poorag,poorindus,poorserv,pooremp,poorold,poorunemp,poorchildren,below125,pooradult,skillpag,skillpserv,skillpmanu,gdp,quintile2,quintilepc2,below4,below6,below8,below10,gini,tot_pop,gap,incbott20,inc2040,incbott40,avincome
AFG,SAS,0.597557539497036,0.5876057731004932,0.12674165787107736,293338.0621118152,32322.91444343458,62153.76037658709,387814.7369318369,32184.46653904924,201971.71560356466,750847.2326383587,1372818.1517128102,589786.4525354016,1.69077630377483,1.4496437568359613,1.6470573515177047,2445890475.498676,564661527.6754068,0.23086132978226792,21031769.24967856,24561081.879838526,25857637.207918987,26050591.81571535,0.2767202136226229,26306831.02001571,0.005595073951932281,43.824315250121366,63.49089614851497,53.657278783570845,92.97548890011517
AGO,SSA,0.7588660588381688,0.5387152072891722,0.04876024470057329,2655714.3039331436,127324.26408815384,1068459.091206789,3851497.6592280865,275121.49788570404,1143222.3883497715,5758359.86029315,11028201.405756712,4994720.047577858,3.28521462149355,1.7312981023065033,1.6864645836371057,691444687.6070936,105335707.44772871,0.1523414805778137,17251219.707370996,17532168.34102273,17621996.8575747,17676502.519170523,0.4177017519541142,17712824.000756502,0.2890275631860466,10.640197052048206,19.056782202966385,14.846805564357837,39.036388978830395
ALB,ECA,0.5218609801954868,0.46434802380427564,0.18308162832759176,3049.502410888672,1020.6061706542969,379.0915832519531,4449.200164794922,1273.890968322754,5004.738555908203,5604.253028869629,16332.082717895508,9453.938720703125,1.4670813015729829,1.1428400451607064,1.1940603709768722,1538332436.8031583,255377239.09629694,0.16600913624821015,234998.6829032898,437971.0432243347,793180.1267108917,1257487.3684253693,0.4011465953361686,3166222.00595665,0.0013539938688099196,142.0686241071515,261.07990048784353,201.51983341085113,485.85741426503756
ARG,LAC,0.6157574385796994,0.008157905139214388,0.24303163736023028,521.7220764160156,22199.112327575684,10834.644416809082,33555.47882080078,813.3679809570311,55650.89514160156,62559.66185760498,152579.40380096436,89206.37396240234,1.5450388390499543,1.4004094118009125,1.6043437065561754,23145029579.662525,2902753645.522798,0.12541585378112655,3881772.6634635925,7760181.676422119,11841587.564170837,15036610.330013275,0.46736623489501505,39331357.14832306,0.0014239576264944336,117.02365276510635,251.94964791780046,184.49012415771384,588.4625209442929
AZE,ECA,0.38443707784239944,0.24436230276076867,0.14737956431811786,9281.344909667969,9849.637268066406,27513.029907226562,46644.01208496094,17381.18426513672,130962.31811523438,86828.05865478516,281815.5731201172,177606.3302001953,1.0,1.0,1.0,1427358715.7549913,272234550.0468775,0.19072609221633627,3745581.1795043945,6117046.628540039,7232985.883361816,7924146.764953613,0.34708191371402286,8766042.804626465,0.007678022403461261,57.26396617660455,97.79885036546496,77.5199217915575,162.82817088249587
BDI,SSA,0.838847615622166,0.9437438452355573,0.006284777844532025,2587008.777059555,13037.53814983368,53379.05010509491,2653425.3653144836,169686.18629264832,429938.2221097946,3418485.9208106995,6671535.694527626,3083363.5874242783,6.187567486323318,3.2022350907752224,2.831220530072899,233861757.7639259,36164774.41086438,0.15464167701745954,8196694.129753113,8251201.385564804,8300765.733775139,8315253.114022255,0.4223329738342173,8328312.024504662,0.410854857792728,7.184328986957315,14.511720238577649,10.849810926910601,28.080330933306403
BFA,SSA,0.8368712509887087,0.8138305116054017,0.04500232958996197,2278552.661839485,43150.47594833374,86877.4755191803,2408580.613306999,214767.219956398,238921.3382024765,3373770.470140457,6236039.641606331,2647501.9515094757,2.359270162748721,1.9473053634439834,0.8725232729471301,828426994.9898925,128731989.72705448,0.1553932820943684,12837532.486326218,13667362.493876457,14040416.748247147,14110245.7872715,0.4200916152180002,14231832.33835888,0.15978421782220267,16.498976292915884,28.71283953610135,22.605417638313,58.20944030917534
BGD,SAS,0.43466449757844905,0.42202280625662564,0.24186839078537717,9410207.50402832,4029617.3635253906,4676222.694824219,18116047.56237793,2782262.744873047,21203414.515625,30878275.39807129,72980000.22094727,39319462.07800293,3.420173641455414,2.3118124541341136,2.485192930892064,7115112094.089039,1493589289.1489348,0.20991788595850114,139932547.58483887,144627988.72668457,145386465.1465454,145910969.5586548,0.32998791001429106,146457066.6651001,0.13346518163864177,21.3578205603177,29.62576569021851,25.491972512502226,48.581555373896684
BIH,ECA,0.3453807498745126,0.10315642761768294,0.3673694315534811,0.0,93.76328332736315,187.5265666547263,281.28984998208944,93.76328332736315,93.76328332736315,0.0,468.8164166368158,375.0531333094526,1.0,1.0,1.0,1797039801.8964643,217985890.932132,0.12130276174299844,649108.8763875812,1088822.2789477012,1514112.6819781892,1732722.3307631805,0.4563246373174451,3833251.552349103,1.9261114184314748e-05,91.7911022034475,193.0076637244733,142.51095097400218,468.80299332173956
BLZ,LAC,0.5938107911906065,0.348400193562971,0.1647037540346106,5108.519023894638,906.8596959643462,2876.6778912438217,8892.056611102806,1237.6404846000698,7316.202086122417,18174.360193030643,35620.25937485592,16208.258697225223,1.4284004998743183,1.7390763519460266,1.159004602698768,56241353.13807172,6024643.423228739,0.10712123885850187,143514.26283854875,194118.14847914298,225393.65792904235,241300.86892271828,0.5293745354809203,286195.99864578305,0.06404755892295737,28.72669118778897,76.29210558488987,52.54452225112193,196.51341529648744
BOL,LAC,0.6854106387591642,0.3064315603463463,0.20920824247374795,553795.6121969223,42161.51898479462,45776.03311634064,641733.1642980576,56311.7718629837,143458.8009777069,744093.5960235596,1585597.3331623077,785191.9652757645,1.8276531375371337,2.017744527307116,2.293029383183021,1853103277.5245223,159453008.39364317,0.08604647691662899,5606306.482170224,6859688.007310271,7717244.526037812,8107497.764198899,0.5827154844494367,9676456.014934897,0.08356420891168245,22.434262939246135,59.89410474942756,41.17938392383496,191.5064022059723
BRA,LAC,0.672413501712618,0.16447418725905444,0.2210991014367719,2023549.4698911984,242063.3744038921,1067135.5573374527,3332748.401632543,253823.16902886232,4386505.133734093,5878724.083182917,13851800.787578423,7719253.535366636,2.3357273203772952,1.9229133024137646,2.176042680851193,80284400041.72655,7383657056.415491,0.09196876420049221,49304211.92916878,75813090.46542928,94971094.58711149,115450576.87465647,0.5580955603787845,189974595.30429703,0.03295015782737829,53.58738918242282,140.74033639480334,97.16964826171812,422.6059800950164
BTN,SAS,0.6728880456487707,0.6811459431115655,0.062420001019312686,34372.0725312233,958.2472381591797,1367.3781623840332,36697.69793176651,4995.114156246185,12815.318208694458,32907.60592651367,87415.73622322083,49513.01614046097,2.596367245953292,1.405035210652771,1.411933442752328,74360513.50587825,11795048.910390925,0.15861978830281365,480522.0197944641,589912.742026329,618985.8858771324,642257.2645235062,0.4162250274399605,679364.9990181923,0.030083905020002164,32.71640143236227,54.072779708301994,43.39325355042457,109.4559089934614
BWA,SSA,0.5372176834021938,0.2191781972187548,0.1757960537709711,13038.77809715271,6218.594274520874,23864.443161964417,43121.815533638,14667.378051757812,72296.58542585373,98202.95799303055,228288.7370042801,115418.40095949173,1.2239824605607876,1.0536796166055402,2.259267359803911,1125890429.5979254,43454253.228008635,0.03859545483793383,773245.9868693352,995513.6961426735,1167522.9177889824,1319669.2949643135,0.770033125983744,1914786.0778503418,0.06805654317885375,27.80018161897867,85.59732938607702,56.69221265701113,587.9980237071288
CHN,EAP,0.7278335697010023,0.38596022907788613,0.23656270583440153,96033215.0859375,26724761.098388672,26825971.419921875,149583947.60424805,15903632.779785156,45717713.26586914,54646223.978515625,265851517.62841797,195301660.8701172,1.6029427291060736,1.4406046368840286,1.5401389599147077,134358896521.72305,20079299716.26159,0.1494452562210139,945110639.1682129,1190515138.3081055,1211359414.2373047,1307532464.1137695,0.42459890194619687,1334343519.1328125,0.04835786079843914,28.43184889947908,46.79994281763034,37.6178886115504,100.69288350052666
CIV,SSA,0.5803217492444248,0.6057810486308414,0.07433037440522966,1076622.842596054,47283.074454307556,145191.81006240845,1269097.72711277,119034.05196285248,650123.0778460503,2034452.1231803894,4072706.980102062,1919220.8049588203,2.0872535553308333,1.8215017831879408,2.116762919484633,1590162639.3464437,241091223.12517613,0.1516141916302755,14476162.658347607,16366990.058063984,17099782.683978558,17580339.7934227,0.43178748907296516,17946045.838284016,0.07585867625570474,23.446063627740592,43.71005360658541,33.57800072153143,88.60796710739336
CMR,SSA,0.7986396769813859,0.572699996719179,0.11023746893447459,645440.2705078125,27504.955940246582,33726.41563415527,706671.6420822144,56370.16310882568,46324.580894470215,1062500.905380249,1871867.2914657593,752996.2229766846,2.3030539557337493,1.835421319384069,1.751598511109213,2513004001.368871,388583780.0200431,0.15462919271452594,11806197.100976944,15281315.843799591,17081198.589349747,17405049.274261475,0.423269201850194,19097307.425640106,0.012716990788027915,38.72831748954653,62.89641524137843,50.82333607605572,131.58944061375396
CPV,SSA,0.5078948112297097,0.1666817079039187,0.23469706539584834,4699.592764496803,2711.7624859809875,4557.391820251942,11968.747070729733,2490.008519411087,15808.173129677773,24275.59432643652,54542.52304625511,27776.920200407505,1.191163151282479,1.447536523801229,1.519359389285241,64581806.539634645,8962589.532785792,0.13877886068865766,328709.9640593529,389187.14028322697,430201.67810344696,440224.3603348732,0.46474364919023203,483712.99609458447,0.02994332010409797,33.61564109307389,58.98810136678058,46.31106410213991,133.512655357737
CRI,LAC,0.6262944929951373,0.1259054847125142,0.21365532497330877,4265.5202293396,2498.265392303467,8268.886737823486,15032.672359466553,6106.737087249756,15284.264125823975,23144.938758850098,59568.61233139038,30316.936485290527,2.0272966891280193,1.70693631411668,1.7662086679238398,1319860595.2905805,173284830.66772974,0.13129025238425243,1273835.5989723206,2153746.373512268,2711678.250541687,3148088.1496276855,0.4804752106234915,4459626.591152191,0.004010484010858949,66.22345788810283,128.06615018099873,97.12402173381851,295.95764764457124
DOM,LAC,0.5767695097334011,0.1293275574408795,0.21743467834361355,7734.088936264569,5870.937462862208,15028.940043523688,28633.966442650468,16937.45873537009,111509.66297690196,167132.0011695209,324213.08932444314,140143.62941955242,2.114192720727595,1.4312548147215547,1.5227465933226756,2383913706.5912385,307587938.7729318,0.12902645675574873,3541725.0255396017,5444982.12758119,6695830.01344915,7589736.4439814305,0.48272665844101426,9615015.010787973,0.0065680970468641915,54.58842711965877,105.25752414001974,79.93271350285652,247.93655588852494
ECU,LAC,0.6743704401023516,0.2659650701410801,0.1887532664604466,221530.8150691986,41435.15298080444,102120.5697221756,365086.53777217865,86257.53457021713,222272.29306554794,505453.1759200096,1179069.5413279533,587358.8308377266,1.6818593462943625,1.6654979040165745,1.328169125086705,4362525921.074794,452778037.68874645,0.10378804524723505,4540948.400355816,7240488.446879864,8931233.947757244,10157837.320933819,0.5460143552827851,14268396.998270035,0.02891952105079583,47.61372856797684,111.03845326333881,79.33522721689648,305.74744462210623
EGY,MNA,0.5778643142054254,0.37519224357454933,0.18645646958772852,236840.84631347656,46480.983337402344,113440.75518798828,396762.5848388672,54056.680603027344,258201.1854248047,418935.9920654297,1127956.442932129,654963.7702636719,1.9780263643453604,1.3550267176898811,1.1479974361468954,22315114399.73334,3310161771.7408285,0.14833720824574317,15527252.479492188,31561465.685638428,45574849.289367676,54846778.293029785,0.4724128712638881,74229577.07424927,0.004658919640313641,78.65251732704427,144.1580086341761,111.40952517784648,300.62294949373495
ETH,SSA,0.8131464099283148,0.776720282091448,0.07269974603192755,9942138.844310284,621815.9765238762,974394.885679245,11538349.706513405,549946.3067207336,2189438.0343842506,17773233.325770378,32050967.373388767,13727787.740897655,5.74210212798191,5.67341750027898,2.6837414562740447,5062345891.184553,925846821.7092253,0.1828888901727309,72776134.98810005,76299061.71080828,78336909.04452896,79369781.50184727,0.42341747707365307,80432154.29418993,0.09306328024895699,23.40198571993765,34.14994683016957,28.776163392356526,62.93932986885365
FSM,EAP,0.21904515042040074,0.008801124177205768,0.13031580504400433,26.56324886549784,374.83695621313547,2610.085157043198,3011.4853621218313,1523.9434256539378,17297.59413159933,11111.308618034585,32944.331537409635,20309.07949372116,0.5681996660530526,2.2133831472144867,0.23538357221869957,654916883.5145327,1424351.9383773452,0.0021748590916357744,35381.2636648111,39258.514175141696,41663.96393351731,42220.80833566071,0.8151396116612951,105097.0022243262,0.30375069615064715,0.9353432059287997,33.85981930720396,33.85981930720396,6231.546758266553
GAB,SSA,0.5119401901194041,0.2478838073874913,0.1201319609507565,3942.1087408065796,357.7163257598877,1370.5082054138184,5670.333271980286,941.5763607025146,9274.788088798523,16921.985363960266,32808.68308544159,14945.121360778809,1.7476341741851662,1.7371315689153495,2.347607983836352,252324855.8504879,41365768.025607824,0.16393853822359314,698269.9278821945,1012878.8615694046,1169877.4557671547,1296995.9422664642,0.4119809709402389,1447388.0040979385,0.0048747898700545085,53.644378603840245,89.14654959726563,71.38653504775607,174.33117805045325
GEO,ECA,0.49199069064778334,0.47162657816261955,0.11627112812491307,179732.74305343628,15060.497928619385,44943.19277381897,239736.43375587463,138448.44227218628,317291.66621017456,172318.2768726349,867794.8191108704,557028.0999660492,1.0,1.0,1.0,400124732.6769996,66307173.10888847,0.16571625719126656,3519252.6038532257,3995610.8574295044,4264717.3232860565,4371055.158205032,0.38936512655260425,4426077.012289047,0.06335047082369419,25.633242781513147,49.25961043458037,37.44527338420015,90.40166530452346
GHA,SSA,0.7240289497803483,0.5680736828320747,0.1306036928717971,1772820.4696655273,116944.76470947266,214463.48876953125,2104228.7231445312,300715.1092529297,636785.612487793,2654762.715148926,5696492.16003418,2741014.335632324,1.8392614910500138,1.5440096923196789,1.5517584594821956,3205937205.7814612,287790061.2978235,0.08976784098541742,16809741.494750977,19958702.684020996,20490976.19781494,21098234.228515625,0.6252222827401677,22525659.69543457,0.09128270543665974,20.932727120503145,42.924946521320514,31.92741423567304,142.32378758839326
GIN,SSA,0.626391088623574,0.6809280861811521,0.05477964222454231,883865.4259815216,52217.43223571777,259457.31282234192,1195540.1710395813,171177.34772872925,712395.790769577,2028936.2342071533,4108049.543745041,1907935.9618091583,1.7140762441705333,1.968496564404321,1.6791722071521469,638283776.6600972,85917270.20522065,0.13460669587247534,8920367.01769638,9484784.115186691,9885802.104747772,9940749.583343506,0.44770641724185356,10046967.006828308,0.17220267872226822,14.081934426735211,28.650189042831478,21.368373537798792,63.529996289058666
GMB,SSA,0.5721076210743674,0.655304087431368,0.06834487836180905,152635.42728340472,4295.6109289585165,9780.636157125657,166711.6743694889,17247.009277926292,65534.80196683823,234329.71495749723,483823.2005717506,232246.47633632715,3.61572305425978,1.8412323075361874,1.1371853600885393,133477480.18295482,17199554.15455902,0.12885734830312895,1230570.4820861586,1378126.4395643657,1432543.9031975323,1478790.828280713,0.48694258832659454,1529406.0010223358,0.1090424306251029,19.679872758132667,36.50163442889578,28.082277859284744,87.27406594045755
GTM,LAC,0.6665391203999171,0.2921209934912219,0.2413685573932702,319372.20084667206,35497.99137878418,36946.90967750549,391817.10190296173,56335.55209159851,307773.67513370514,836741.7340021133,1592668.0631303787,699590.7770366669,2.8968049691163267,1.6363391785268129,2.097864590200182,2635773085.1124997,259367599.65190756,0.09840285611719785,6979582.05188489,9397173.876952887,10655818.534146547,11312242.202735186,0.560595658482786,13317931.001802683,0.04581855756710484,30.32265506218914,67.03568325598351,48.681981700859765,197.9116038937075
GUY,LAC,0.5118759170431195,0.3572452414642529,0.1991733053154758,7138.286072291381,777.9159567465301,536.0768181802229,8452.278847218135,616.6898695626012,4844.844603096358,16437.001927862835,30350.81524773993,13297.123450314491,1.5626059422604668,1.5343144548866954,2.2120815962705107,123973748.8128355,21354296.943072874,0.17224853767479184,377273.1271765847,562723.4597383777,656573.1779960787,699459.3229791762,0.394091823333233,769649.1095771772,0.009167734035861838,50.94094352915412,87.69078304331005,69.29878238388095,161.07827225440832
HND,LAC,0.5868285290730186,0.32693867762937373,0.22500451181830777,289309.99938964844,32559.911518096924,59270.514934539795,381140.42584228516,72156.69240570068,315900.70402526855,731685.9346199036,1500883.756893158,697041.1298675537,4.547469060188554,1.9982880638216314,2.244325878288298,1074051285.6542385,100055286.70224603,0.09315689859381239,4675466.094425201,5671207.315986633,6013148.713130951,6444679.584880829,0.5612863449788938,7178436.124526978,0.08936047942747546,20.79670275571863,48.88198526408967,34.8392276379808,149.62190469097655
HTI,LAC,0.4469894734797728,0.43146708796665406,0.10244796046575887,694927.1251602173,107546.95442962646,526942.2214508057,1329416.3010406494,290236.8974227905,1755682.4726867676,2597708.75056839,5973044.421718597,3085098.773727417,1.6019264636643458,1.6700923554026683,2.115054169540413,511185531.87441087,40875762.021941595,0.07996267396704031,8610749.803173065,8968564.423160553,9219370.916599274,9342352.594623566,0.6099905869615342,9499474.58561325,0.34662189565416934,5.904251634743558,15.588555841666624,10.747850984799435,53.81197952238225
HUN,ECA,0.5618555429149574,0.055233276024511495,0.3279791958419957,392.6959533691406,0.0,0.0,392.6959533691406,0.0,1178.0878601074219,392.6959533691406,1963.4797668457031,1570.7838134765625,1.420392768386082,1.571333256756664,1.230486551605847,4015508317.9664464,902590809.6015294,0.2247762271000912,181459.01432800293,998852.0811920166,2070825.7698287964,3816941.7145462036,0.2805469357061984,10060786.004127502,8.966807449857473e-05,173.10228826859057,275.30930300576,224.1583516316191,399.12471215659076
IDN,EAP,0.6680061919668845,0.3691398768101652,0.17760058544133853,11413523.489471436,4018338.046737671,6203719.287490845,21635580.82369995,3588010.788711548,10855089.481811523,20490818.95425415,56569500.04847717,32490670.305511475,1.3440320127461154,1.521969464516112,1.4388888468839278,15839090574.76464,3147049571.4541993,0.19868877929571266,207858739.15193176,226317343.19198608,228465986.92851257,228759189.03419495,0.3422043655050896,230972811.72254944,0.053407816544448816,27.628497225745406,40.496003565849186,34.062391666302446,68.57556288395956
IND,SAS,0.547638319254671,0.5028197733607179,0.22517479681674682,92507011.77332401,38677857.09886789,30864223.260997772,162049092.13318968,19462411.980769634,126371889.0708077,190276408.31753993,498159801.50230694,288420981.2039974,1.5111257351666392,1.7958803889423212,1.6934146527794032,58981619419.51128,12565298892.366852,0.21303753637205414,1112524316.2245765,1143211054.0684414,1151310164.3370147,1154786803.5675812,0.3220071326168862,1159095238.3619852,0.11146268986172722,22.210892454739717,31.992134910963326,27.10032462003212,50.88591296679223
JAM,LAC,0.5790454884358519,0.2131358662161512,0.16239536383139,40463.44161224365,41390.97031402588,167534.87980651855,249389.2917327881,80579.05986785889,250200.87942504883,273852.8625793457,854022.0936050415,499590.1711578369,1.1489658527501418,0.8392737391657026,0.9419794183483872,784617546.8298888,16731033.76767097,0.0213238078032665,1291467.8388900757,1545726.6566848755,1735522.2265777588,1909781.689994812,0.6690914913738062,2706181.060317993,0.2748047411871306,0.09947816282510713,30.750038668255886,15.416549915932794,289.935347761872
KEN,SSA,0.6080657987915815,0.6038746522569579,0.06769256007387643,3301701.1424851893,242533.02293180538,750274.1432496929,4294508.308666687,562272.9970049821,3003306.5353676076,7573643.866415248,15433731.707454547,7297814.8440342955,3.1552506174445094,1.686458940588181,2.4669992479830767,2548776995.5391765,350186878.73986095,0.13739408326140395,33817429.2998521,35279444.736838706,36987577.42367679,37271794.80539369,0.47317497786912777,37752303.93704126,0.15291154227923473,16.332098788011987,30.03069132809428,23.176603167356486,67.5131509798639
KGZ,ECA,0.5313454879065442,0.47480537784119936,0.09719697328335843,83765.53416442871,2350.659194946289,17923.508155822754,104039.70151519775,21092.71949005127,124830.28583526611,167041.43787384033,417004.14471435547,228869.98735046387,1.243483314736465,0.5952005209553216,0.9618272711892396,644866576.4040653,107296280.52517474,0.16638524068573257,3332000.356803894,4192259.0902557373,4616257.350372314,4736695.952056885,0.40294246008939805,5134296.9758377075,0.017473346222544532,39.676810592160564,64.709208596475,52.210310525234874,125.59978112657758
KHM,EAP,0.814517379106905,0.5890688136905577,0.13214751319602525,1313180.7530593872,272173.5259246826,228984.9252166748,1814339.2042007446,137102.32679748535,356780.2875442505,1580436.110660553,3888657.9292030334,2171119.491744995,1.5223463171334497,1.6087991592141564,1.6238269739862845,1020244237.9433138,179485650.27031225,0.1759241989272423,12156157.215770721,12883535.102489471,13486350.1054039,13588539.934719086,0.40253972832618246,13747288.020702362,0.06386689836921008,26.180221319451757,39.05520094710188,32.61905214515392,74.21421857219433
LAO,EAP,0.8292181476972601,0.6846088949477138,0.11352823381727485,845863.827079773,76014.49129295349,82616.20277309418,1004494.5211458206,80738.31559848785,183227.08571624756,1012963.6286773682,2281423.551137924,1187721.6068620682,2.2370137809643826,1.187984664942668,1.6099359104514084,351915727.8211546,67921253.38660938,0.19300431329720813,5553222.082945824,5867598.235056877,5942941.834033012,5962304.887660027,0.3601448585764102,6012476.558142662,0.09908848117149666,22.308152723633235,34.14606336748888,28.237734880569455,58.53091058534892
LBN,MNA,0.4276902609871229,0.0639525709731901,0.33074921498417725,0.0,0.0,0.0,0.0,0.0,0.0,0.0,0.0,0.0,2.933106269732684,1.7193120037942065,3.1829753334277076,3037153304.048518,516135146.007065,0.16994043248296223,15561.416835784912,125471.41230010986,412595.338722229,784464.9357910156,0.3899301964894454,4139812.9989318848,0.0,235.0505227340757,388.19953707858804,311.6372139433446,733.6450474531424
LBR,SSA,0.6894600186840321,0.4713884834015601,0.02124168763433657,556930.3353643417,24445.621359348297,549850.6531677246,1131226.6098914146,83451.05797290802,504562.1413640976,1265371.8021416664,2984611.6113700867,1635788.7512555122,1.0,1.0,1.0,116909302.10153963,12302094.164636577,0.10522767601462339,3381576.8046512604,3424301.075756073,3449481.302084923,3473766.373732567,0.6058099286250282,3522293.983537674,0.5093352074289191,6.456366842296061,10.9927286590036,8.725147020709533,33.19123918899008
LKA,SAS,0.5560820286963826,0.30470859864350636,0.2660126863529257,143495.58229732513,128637.62582492828,170084.91888237,442218.1270046234,94745.04956054688,413109.7011709213,393626.92977142334,1343699.807507515,855327.8281755447,0.8943023353337631,1.2547847597304065,1.1008302786623092,2589363828.087623,515820161.3311769,0.19920729398314627,12368851.118051529,17249964.90907383,18424545.157230377,18996212.741945267,0.34660172618837104,20301911.988822937,0.018561366871057954,46.272541181674455,80.770240719267,63.50380485736632,127.54285554548643
MAR,MNA,0.49936864836756245,0.44207466179684934,0.2117473642368834,86946.62622070312,24844.03839111328,11999.997741699219,123790.66235351562,23602.310974121094,115700.67254638672,255269.8783569336,518363.52423095703,239491.33489990234,1.0,1.0,1.0,5284091378.659253,906656185.4517571,0.17158223060135705,14254489.169769287,21303332.974243164,24870442.47441101,27310183.848640442,0.39289015495731394,30667086.004821777,0.003165189179629069,56.190771034755564,91.60488888980449,73.89492975437267,172.30497145468718
MDA,ECA,0.711635605012516,0.48696798779174116,0.14736030475036452,4465.104309082031,1102.838134765625,1102.838134765625,6670.780578613281,0.0,1860.787353515625,5609.2088623046875,14140.776794433594,8531.567932128906,1.0,1.0,1.0,749412276.3835334,133062980.18850444,0.17755644573989565,1163861.2626342773,2191889.0760498047,2667838.4893188477,2985907.7817993164,0.37702389163371586,3672638.0181884766,0.0005341454443830593,67.12450592447635,113.72925508811204,90.44833213643497,204.05285592321454
MDG,SSA,0.7911365397490193,0.7725645509835758,0.11942349565492884,4579877.604389191,340588.7073993683,296974.9309425354,5217441.242731094,287102.0843486786,1302179.7352523804,6928927.482500076,13735650.54483223,6519620.977983475,1.9307164372844796,1.5592198793986534,1.9320501902765332,647609119.228811,102599243.89693287,0.15842773186873912,19080459.304546356,19217090.76483345,19299884.24267006,19344486.30483246,0.4118408456130179,19370146.83560753,0.33942697520730764,9.309569651378759,17.164912113117385,13.236600884997676,33.433361384660834
MEX,LAC,0.6243528800755326,0.12381060561568577,0.2591736418638435,152989.5397758484,34650.7658996582,21849.00329208374,209489.30896759033,31193.95933532715,196708.22198486328,320176.38428878784,757567.8745765686,406197.5309524536,4.1382192145663454,1.9440019028494389,2.3085098400134663,36761524425.347336,5004789568.871003,0.13614205741207425,23594333.994976044,46396174.35479736,67020241.96461487,79075424.32360077,0.47643083914884043,113529818.97675514,0.0010365322228435261,77.53091199048745,142.86067063482463,110.20379776611124,323.80501225738885
MKD,ECA,0.36858283817776094,0.18511896075887516,0.3019209924915545,39.85523986816406,37.666160583496094,73.0380973815918,150.55949783325195,26.6334171295166,1811.1407279968262,2375.6094512939453,4363.94309425354,1961.7002258300781,1.1016454155499165,1.0383705767633022,1.200696413912161,704695296.2378197,143165785.4162118,0.20315984253128364,185498.65180778503,430993.7221317291,795229.7200775146,1094168.3665437698,0.3256515615965515,2096620.0079050064,0.00047443353878924024,125.35588594215358,215.71421935290408,170.57269847261273,336.1101647322198
MNG,EAP,0.5788295642329839,0.472487082169848,0.1794923915167528,72240.6290242672,3610.778788328171,4904.055969953537,80755.4637825489,1663.0759718418121,82609.31674146652,108763.22181916237,273791.0783150196,163364.78052401543,1.4403201046102336,1.24192093126474,1.241620459703673,422551186.58574396,58225424.0200418,0.13779496039405076,1276019.3610048294,1811385.6019399166,2090219.0386484861,2328312.813320875,0.43871801275266153,2595068.002105117,0.03546652125621806,35.31012372125802,76.98755571697895,56.22150989612005,162.82856027008572
MOZ,SSA,0.8646552592416218,0.8035564019237085,0.04480197060539676,5171210.080841064,95845.92639541626,215651.54341125488,5482707.550647736,441631.0619354248,425870.0214958191,6921066.567100525,13271275.201179504,5908577.572143555,2.626028707896595,2.0692562019926806,2.061273846384698,1130380011.440925,99419816.79537793,0.0879525608990954,19958866.07692337,21000067.61289215,21695334.63534546,21788748.943595886,0.5635919331857139,22043778.840919495,0.33188252727685186,6.980461629987951,15.563860392057299,11.271694027163562,51.278867366543324
MRT,SSA,0.34900757270007743,0.24054726102594376,0.10029017172471598,47082.262702703476,9403.396645069122,33970.42242717743,90456.08177495003,24038.999786138535,213555.76157569885,368338.2463812828,696389.0895180702,304011.8433506489,2.63291088652703,2.4379415650173533,2.043523167383799,274907080.4075184,45864683.552884124,0.1668370399368941,2675608.38414371,3033400.311570406,3262804.546090722,3292838.74657917,0.3846021699057387,3330037.006122589,0.06626701191731349,25.113333632696037,43.73955991627868,34.42622463076679,82.55376138525656
MUS,SSA,0.5615874974295703,0.11381667276943733,0.31435371658733063,0.0,0.0,0.0,0.0,0.0,0.0,0.0,0.0,0.0,2.0320789383497977,1.5466705270090888,1.6514245418747389,943619649.1639819,183957077.62990993,0.1949483330416982,2274.062084197998,10758.062936782837,50933.159757614136,121749.7854309082,0.3522956944218478,1219305.4421195984,0.0,298.8176637628726,458.2390685972244,378.8531492750453,773.8993172404989
MWI,SSA,0.7688165930279467,0.8106690156153511,0.04751141487637805,3087788.003422737,120734.25781106949,241018.10376024246,3449540.364994049,356491.92425489426,913351.8076334,4859506.486823559,9578890.583705902,4362892.172627449,2.345086412048273,1.8057030044786349,1.9370907571141245,510316299.67034113,78006213.21863604,0.15285855707338214,13294723.80476141,13548619.012910843,13596243.794820786,13635213.68467331,0.4353638747986185,13710459.70930481,0.319059026943332,10.451599210418822,17.98933908161594,14.2208574654275,37.220947400035556
NAM,SSA,0.44244304851282823,0.3645227505987,0.13000342114266164,43556.12168121338,6912.348182678223,22236.10800933838,72704.57787322998,27232.986213684082,150156.19004058838,238101.24643707275,488195.0005645752,222860.76791381836,2.8147777699042384,2.9244833998310824,2.886438839074299,380419369.1259925,27673164.50847404,0.0727438368137056,1431439.0429382324,1641307.927520752,1739496.584236145,1846096.65259552,0.6524385904545579,2080616.802986145,0.08333620128543279,22.204935600435817,44.19080983167079,33.19677199139971,182.83970819614962
NER,SSA,0.5294925013079186,0.5667618628639294,0.11165389237122285,896947.79662323,141904.72032165527,313496.884727478,1352349.4016723633,173484.4517364502,1188819.9792022705,3208490.3545837402,5923144.187194824,2541169.380874634,1.0,1.0,1.0,880471315.6017059,134686834.71991438,0.15297129200384063,12842688.64765358,13728687.481487274,13995807.01180458,14040903.727022171,0.44484136581050204,14197289.00312996,0.14744275637199064,17.56657271197915,29.853111320479943,23.709154758998835,62.016862191619516
NGA,SSA,0.37508892370118774,0.2658662153205834,0.7017226271770138,5497476.435241699,13456700.313110352,533744.2490844727,19487920.997436523,3351739.9732666016,33756562.00842285,45021879.02264404,101618102.00177002,53244483.005859375,1.4649422505374732,1.5324227720421042,1.8246773462242865,5442134815.062368,798068635.9726913,0.14664624510290572,144579774.3587036,145569708.44622803,146223397.23327637,146632152.53955078,0.4337408413885667,147029636.20098877,0.31697540756964454,9.347276691681046,17.78223379908324,13.568955201149386,37.01386302570318
NIC,LAC,0.6250319322219917,0.3324363503901271,0.1902386688513706,113277.17364788055,2568.8736686706543,12620.560710906982,128466.60802745819,15165.415868759155,115384.23982048035,258063.17129707336,517079.43501377106,243850.84784793854,2.68243872747029,1.8453014741270568,1.6136044214640544,1177921006.2606544,133911092.84515882,0.11368427265786127,2699206.0332832336,3727365.775007248,4382567.204904556,4649954.963154793,0.5259988094571181,5595533.005409241,0.026791025005499198,39.74539377286988,79.78582426278341,59.789256935570606,210.51095670813666
NPL,SAS,0.8379862387924031,0.733284871336448,0.10075708112602204,3264525.6906967163,367723.532289505,382833.9319972992,4015083.1549835205,368201.05661964417,528479.8050804138,4122725.946077347,9034489.962760925,4543562.960063934,1.8043818562321485,1.2103690121797281,1.276667001034489,1394602825.013014,297733086.5935967,0.21348951920473816,24648334.4801445,25651080.70215416,25714694.18475914,25771637.62177849,0.32349375338877784,25950022.062200546,0.09594281866612027,21.705018469733005,35.64745074137538,28.675622517845696,53.74187434870923
PAK,SAS,0.492651892074528,0.4083044456628991,0.2070964959387773,3388491.5431900024,1853591.326054573,3570014.6376342773,8812097.506878853,1094847.332725525,8886722.79592228,16005230.927334785,34798898.56286144,17698820.302801132,1.2904825086046645,1.5160348670219126,0.8860685674624798,12247277001.962292,2147174224.0646749,0.1753184992648295,147547355.7075348,152253683.39668274,158691358.47551727,161029698.85160637,0.4188710693768034,163928330.06536484,0.0803233893166816,22.51043223838665,42.972921734511594,32.73842936754232,74.7111679663839
PAN,LAC,0.6109456658694568,0.17726450467862484,0.17548929956583048,57048.90137863159,9570.93210887909,12949.728019714355,79569.56150722504,16974.20973777771,65259.47769832611,150709.75503444672,312513.0039777756,144829.03920555115,3.1949778804562383,1.8963719067053044,1.4972419611685492,1237058802.3854833,113508066.6141907,0.09175640349133533,1056596.0506711006,1587225.2395505905,2036409.7244648933,2243942.152232647,0.5520868205760835,3491033.9886426926,0.031977508267850466,44.12598843383732,118.38203596890325,81.25160419326498,354.35312472178174
PER,LAC,0.7253696587950518,0.2991619032318323,0.16448002470210482,763357.2194709778,39706.7946472168,62502.56526184082,865566.5793800354,144046.7071762085,280521.186088562,1196990.4426994324,2487124.9153442383,1146087.7654685974,1.2178055253219549,1.7839876414386688,1.899702380710142,7313321291.018661,791510311.1565217,0.10822857080387809,11065965.013215065,15355579.432070732,19420476.763263226,20963535.277275562,0.5153073455095248,28328410.053930044,0.018737662299918474,43.49519284103468,96.18898702517642,69.84174648946292,258.16208100263896
PHL,EAP,0.6033043604307693,0.3365830398200044,0.1489016997156388,2866048.3282581773,571162.7969839216,2450310.0337771755,5887521.159019275,519731.86642217997,3684510.765433387,7993296.297259328,18085060.08813414,9572031.924452662,1.4043093418602166,1.7716034644780876,1.454465501835972,7312431386.124531,1229064578.2095025,0.16807878437555962,72840402.96317646,81102129.87091689,85242572.41672838,87539783.7751036,0.40413510625740656,88791318.42172231,0.06559044571915122,25.253077488866182,43.88098978206721,34.60462320749568,82.35525179830627
PNG,EAP,0.38771636720269176,0.7749370693999278,0.036888320608374055,518818.19733428955,16709.233840942383,90828.369556427,626355.8007316589,62590.24759674072,1055807.352897644,1407385.8050765991,3152139.206302643,1682163.153629303,1.6969111425470604,2.2639344744209597,2.3259685621746065,313265089.3094216,69426758.07119979,0.22162302931439945,6292507.704853058,6331935.55758667,6350710.066482544,6361253.251930237,0.34331578853848643,6396767.369804382,0.11313760015695269,21.992630257415406,32.236020280027816,27.11248439483242,48.97240609189161
PRY,LAC,0.6812617315754523,0.2695035528835123,0.18276462135424013,90412.10774230957,6089.275505065918,15123.215301513672,111624.59854888916,17328.684371948242,67392.02108001709,197652.02401733398,393997.3280181885,179016.61962890625,1.084767616388985,2.008903046750373,1.9627203843086978,2124415707.0742347,222980594.5829706,0.10496090470450409,1716588.964542389,2704418.8939476013,3596286.6901130676,4223325.535938263,0.5507262340006416,6125284.9652404785,0.0205653128355587,53.962109723121536,127.9501427908129,90.94731222213231,346.82724463103085
ROU,ECA,0.5698158645434099,0.2079989768245989,0.326834779549056,221739.47575809128,21044.584052649454,14345.003868504653,257129.0636792454,41126.497012951484,420105.79206487205,310208.8542186828,1028570.2069757518,677234.8557441174,1.2457770011574436,1.4963318412355626,1.391739862895293,4713905625.099261,759564265.322104,0.16113268396333438,6717866.780727037,11171079.443104088,15421391.782046404,17636871.183256384,0.3902837606324028,22015936.965545684,0.013605397761992237,55.068819577595576,117.33202919711091,86.20737564912369,214.11333219550863
RWA,SSA,0.7541822517386413,0.8001124742850052,0.04859979759936577,2391509.5741882324,113466.30966186523,186596.63986206055,2691572.523712158,220232.77472686768,815406.662612915,3194104.7982025146,6921316.759254456,3506979.1863250732,6.011390300280667,1.494122076079683,4.189393686814254,474149103.6646735,48628839.79570535,0.10256022719405271,9171818.630874634,9553618.530750275,9704573.44669342,9794258.94208908,0.5725679750092847,9928142.988204956,0.34674335749200186,8.339792491481765,16.138046776219927,12.239862662453367,47.758085699207015
SEN,SSA,0.46255914461640035,0.3291289415296469,0.145070064767253,440151.4528889656,49347.60731267929,191374.07207107544,680873.1322727203,109716.82349395752,716567.9749631882,1534872.4737701416,3042030.4045000076,1397441.1072359085,1.9073747198271027,1.8277955997823385,1.0299649139679339,913389352.8746867,157870576.0901534,0.17284039450787442,10147442.617887974,11132133.773423195,11646295.784982204,11735229.55760765,0.38794140517908415,11904973.992798328,0.06671635208932793,25.46142611020463,40.831507533996714,33.147261522120225,76.72333878488294
SLB,EAP,0.6404441808092437,0.708956052941268,0.015925133340718423,19615.43756537645,133.70130739333433,2705.9955908365073,22455.134463606293,1801.5626789898186,11255.2829288418,23573.002768705646,59084.982840143544,33710.41739244809,1.6429103442874262,2.075513911462435,1.698914896472828,61510014.348019004,8941216.579189006,0.14536196542891877,338898.03461161384,402245.5500333405,441662.33823163377,453724.1279671437,0.4513832552332535,492147.9988726378,0.03722161864625984,32.13110120391283,58.629434641656935,45.39175996707292,124.9827582128137
SLE,SSA,0.6325498763038867,0.6906197147908262,0.05632792481714679,727767.0871568959,28928.782853917375,108301.80444599893,864997.6744568122,111358.64721421497,401178.11124270724,1226123.1604081676,2603657.5933219013,1266175.7856995193,1.645925568214663,1.810324316371072,3.097219363111643,303737846.5318367,49555786.71368471,0.1631531509146007,4946569.900782122,5267083.23760009,5354996.689160126,5376303.354510082,0.416878210411884,5416015.045166032,0.15978414688479725,17.36310109033952,28.364295215711287,22.86542975072821,56.08142591903109
SLV,LAC,0.606086547505637,0.15762434952742158,0.23746562471844945,89032.92242336273,6740.541843414307,7665.714334487915,103439.17860126495,23388.315907478333,123224.86459732056,190895.68435668945,440948.0434627533,226664.0431985855,1.853712496957388,1.7097543822659405,1.6927589095860853,1527968277.2215261,201015643.56978568,0.1315574718182728,1912671.3903036118,3196284.1659317017,4231212.089594841,4798837.344295502,0.47444875866107916,6122952.000047684,0.02225982828490585,51.312901486597035,112.8097361214339,82.06135899345237,249.5476491093882
SRB,ECA,0.537273610044144,0.2051599273233623,0.21099216130614948,68301.17608119729,3605.4504789371954,13222.164885222332,85128.79144535682,26462.469128328623,138894.73486118848,75145.09032811123,325631.08576298517,224023.5263065453,1.1160289409920783,1.8859197482626977,1.4968885688872702,2202430256.892757,371611002.3845183,0.16872770487125235,2859839.7173612136,4952003.177478848,6238511.853618041,7656500.3782141805,0.371343528380646,9823742.997726431,0.009725341813757785,63.392583810234285,125.72764941640783,94.54741972177372,224.19461272576845
STP,SSA,0.5063300811885814,0.2740996781257492,0.17847912122143797,2172.495054244995,677.162193775177,3117.082687854767,5966.739935874939,863.6892700195312,9873.698703289032,15116.21886062622,31820.346769809723,15840.438639163971,2.201714741485271,1.1481004375058004,1.366127072567864,27426251.926852286,2570621.738057254,0.09372851036712121,113660.61478090286,134588.48302078247,145337.93304395676,148610.6101756096,0.6093636873580514,163390.00014925003,0.06531612786480707,25.272449873956926,53.30853165771056,39.28417898591522,167.85759166288963
SUR,LAC,0.5266375545851528,0.03150912106135987,0.2155887230514096,602.6363525390625,1506.5908813476562,7231.63623046875,9340.863464355469,4218.4544677734375,18079.090576171875,18681.726928710938,50320.13543701172,27419.954040527344,2.8099912478516638,2.117417600806594,1.2544179455233497,126344402.50210221,12198231.605640106,0.0965474636316962,233521.58660888672,330546.0393676758,386591.2201538086,412805.9014892578,0.5876137646847237,510131.6724243164,0.04092168058037499,35.2322479772289,84.0541286355645,59.499594539754526,247.6701787632031
SWZ,SSA,0.12257374565687784,0.16196532826796864,0.19087117664959308,5766.162216186523,6263.444467544556,18427.678031921387,30457.284715652466,17154.48323249817,267920.6473379135,237560.66895103455,553093.0842370987,298377.932053566,2.522434489341306,1.5198947178851658,1.3502889522254868,79039713.42538826,9249049.664446611,0.11701775302079682,1011299.9902353287,1044524.6353740692,1093781.8307991028,1115001.0645399094,0.529088421606491,1134976.998588562,0.1878872482201714,14.384474110339,26.331267957702337,20.356973098682527,69.63992532331554
SYR,MNA,0.4674120315542257,0.2365155028772657,0.26893841793352097,11738.19511880633,5530.495777129906,3386.0178227325964,20654.708718668833,564.336303788766,29571.222318531334,37471.930571574034,88262.19791256302,50225.931037200164,1.3346064307762275,1.149113576927541,1.3943295454854974,3329295795.9876313,610257269.5367491,0.1832992040755923,9328140.499845752,13724433.173621599,15823877.09097707,17564741.720905267,0.3731937825926458,19561476.430971485,0.0006960486973204413,61.45162579090228,94.51409209670693,77.98405120895171,170.1965497203673
TCD,SSA,0.4067420391241716,0.7517637700895026,0.08884726123179382,758553.9411029816,76835.6062259674,80704.24750041962,916093.7948293686,147036.29719924927,1178288.271185875,2138721.458386421,4380139.821600914,2094382.0660152435,1.3871496946333952,1.4124559210915366,0.6573378662853252,594566827.3275702,101213626.65343022,0.1702308672489519,9873515.548761368,10458830.778216362,10568534.145464897,10625028.645588875,0.38691780016173416,10691815.902115822,0.14778964067449635,17.166228783978962,30.16162443776267,23.66213245311888,55.60952720949024
TGO,SSA,0.783699427183063,0.5323549059541016,0.08058612760297924,694445.1873189613,35018.11993264711,168199.68457828026,897662.9918298887,65686.39511120216,172883.87403749913,1106236.195430266,2242469.456408856,1070546.8658673877,1.6053041686282108,1.9913356833297577,1.8220405720672568,361339658.1827004,63180514.43213407,0.17485076160721014,5253444.325760279,5645390.707248388,5774258.772338732,5779867.68418875,0.3853880724953763,5834627.53270721,0.11154569548771356,20.948293797490766,33.18178047073906,27.063969492294813,61.93020139797036
THA,EAP,0.8043373341908363,0.4301731984847095,0.2014254171630828,358565.27392578125,57138.70905303955,31658.55508041382,447362.5380592346,145425.62682724,98554.74188232422,450820.82846832275,1142163.7352371216,545917.2799415588,2.7992234110319894,2.120371351835635,2.080416597020727,13232866047.812796,1812738128.3836286,0.13698756730657302,32112177.17805767,44090794.00919914,52211871.81083059,53512612.70795584,0.46680456587664965,66074583.8997736,0.002052818444458283,50.67141689818835,86.48669751459693,68.58120197128221,200.2716516215267
TJK,ECA,0.525328567442688,0.6669802751011613,0.04453188824352007,163890.07012176514,9453.706192016602,41711.43511581421,215055.21142959595,28726.425827026367,226601.13344192505,352122.88410949707,822505.6548080444,441656.344871521,1.0,1.0,1.0,625956042.1878872,124712895.31909451,0.19923586787849967,5719160.22284317,6562842.639156342,6930341.64515686,7033170.078437805,0.33191288304652,7110404.870967865,0.0258164269064266,34.1060393098715,53.53818646500165,43.825326841918574,88.03381151243535
TKM,ECA,0.4855673049442696,0.3357857563272517,0.13978811065332572,12120.440200481822,8888.322813686667,40401.46733493941,61410.23034910789,29897.085827855164,194735.0725544078,181806.6030072271,467848.9917385985,256145.3029035157,2.6834471652907483,1.505406402958166,1.2334560294333385,1356868315.3670323,168443849.4675963,0.12414163376055594,1317087.8351190223,2072595.274282388,2736795.397268784,3297567.76387774,0.45970567435509757,4854236.300292964,0.06970937175262674,41.504838881575246,131.95313617410903,86.6913634441099,279.52251011866525
TLS,EAP,0.5457713412737657,0.8774659189180593,0.006430781724205366,103263.59693551064,362.2721824645996,5341.497841596603,108967.36695957184,9928.768298864365,90078.46038866043,207027.198939085,416001.79458618164,199045.82734823227,1.1460249294348037,1.0920971870280252,1.2908003452876153,51785362.41048281,11689806.986550512,0.225735737714644,1007608.5674571991,1028595.0618829727,1032245.2652525902,1033925.3005895615,0.29038420806086485,1035705.9994354248,0.09924762343254029,23.2854212151537,33.094945305151654,28.200329441394672,50.00006028613487
TUN,MNA,0.41669870532933784,0.20298908801884094,0.2546244976127924,7060.270354270935,3724.161407470703,7021.943434715271,17806.37519645691,2662.1929121017456,21444.52919769287,19470.04967021942,61383.14697647095,39250.90439414978,2.349407876782765,2.331669358537593,1.4123437217893868,2597122498.867568,454350137.621691,0.17494366854848079,2132793.3063936234,4478930.100584269,6234667.057410002,7673468.951764822,0.3811006397315986,10273895.269047499,0.001326845750738882,80.74322810394085,140.35020302757906,110.60615801860611,252.78849266567903
TUR,ECA,1.0,0.11870598650533053,0.09760878000097187,0.0,0.0,0.0,0.0,0.0,0.0,0.0,0.0,0.0,2.0397385912553125,2.2814695850492757,1.806263140963594,20580164538.412712,3522068490.073599,0.17113898596387242,13254053.88156128,23438172.76043701,34876429.4520874,43351746.651153564,0.37252637504187047,69496512.97976685,0.0,89.78527578381232,163.48926392066923,126.62127131921262,296.1323332064791
TZA,SSA,0.8711665775335378,0.7391925584723852,0.050901221419731114,9820712.049407959,429438.93603515625,1662180.979675293,11912331.965118408,1320867.575592041,1705309.9539794922,13403522.33605957,28342031.83074951,13617641.9190979,1.1602528325581523,0.7172371987674798,1.0077124664945247,3836570093.530814,258540313.9766819,0.06738839840633445,36751638.50881958,37308631.04217529,37779845.32714844,38582874.43762207,0.7246330469567976,41119692.362335205,0.2726155134121169,8.286525229617062,23.140125010835657,15.715179402982406,93.30249992446524
UGA,SSA,0.7808450021598841,0.7464441026078891,0.05975802258995038,4263763.610572815,207427.6519317627,515838.3992996216,4987029.661804199,354242.9950942993,1384551.9780426025,8326328.333908081,15052152.968849182,6371581.639846802,1.9844481036302872,2.2393002046270656,1.7038518533872324,1749572771.5572228,294412277.9669072,0.16827666888349155,28284480.576324463,29509088.335029602,30211843.657730103,30345177.003433228,0.4401468997351369,30667597.25502014,0.14718310253698327,17.72303990973082,30.25680012371877,23.991326047562964,57.04955484475804
UKR,ECA,0.5770941282474362,0.040826459653966904,0.23246147753251992,0.0,0.0,0.0,0.0,0.0,0.0,0.0,0.0,0.0,1.0,1.0,1.0,13838797605.97509,3176911444.673072,0.22956556885414647,2689533.610845566,9483945.826946259,19064546.877536774,28006569.578784943,0.2733670457159333,46361695.0055027,0.0,139.30196096196588,203.22898274530777,171.26847216516435,298.4963687011994
VEN,LAC,0.5855139030329668,0.09004444581852156,0.2334732258025447,64927.07726478577,78174.83162879944,300135.468167305,443237.3770608902,82262.2665758133,557229.176363945,910754.7210474014,1993483.54104805,1000466.5534248352,1.8362659468345504,1.2879643221684087,1.3283003902080535,5403354648.892922,807649429.5631701,0.1494718525885852,11108595.651956558,16809710.788414955,21341482.728705406,22615476.93754387,0.42628364507425964,27655937.00181961,0.014895071031300628,48.63361507562274,97.38504742319516,73.01162009084642,195.3777465047527
VNM,EAP,0.6859739632265645,0.5766877698508514,0.1777027018128965,6832901.204986572,799825.5274047852,882650.0893249512,8515376.821716309,1456836.492401123,1748373.0628051758,5525185.826446533,17245772.20336914,10263749.884521484,1.53088685418014,1.8126295034965638,1.4179203712542159,6635270299.744948,1252883781.961565,0.1888218151428923,75508353.6791687,81454072.16903687,85202291.33319092,85654002.79742432,0.36284529146757294,86553200.9631958,0.0473955268182206,28.61107235503099,43.73518834269069,36.178921961836814,76.66117747125726
YEM,MNA,0.14354092457190248,0.20657355461275365,0.19210993251899727,81267.05736541748,40473.910457611084,123823.6432800293,245564.61110305786,120495.64636421204,1479348.9034137726,1989160.0956192017,3834569.256500244,1724913.5145168304,1.0321185713957401,2.4124048659430506,1.0569818019510995,1786910668.545678,330391986.6265597,0.1848956371699635,17602159.739379644,19467133.625330687,20695652.806521177,20908514.438507795,0.3756718324973092,21182162.036446333,0.03984638837169926,30.132188250765644,47.84235908367684,38.98735554827171,84.35922005841961
ZAF,SSA,0.42047115254831025,0.08425846219701054,0.2521299537733948,175126.8083896637,196315.3518600464,709208.5747756958,1080650.735025406,251288.57938575745,2630969.128873825,2956230.6768951416,6919139.12018013,3711619.863899231,1.7030833715315234,1.4194400210768212,1.369104528852682,11249162872.04147,880034817.3946054,0.07823113838824702,29839142.94669628,39470237.13977432,43050387.95467758,44580651.641838074,0.674954041963036,49494766.68019223,0.053775496822529564,28.311612904571966,60.5853950196169,44.447457807471814,227.27984444754188
COD,SSA,0.6885545962612978,0.71026428831802,0.06574930424135757,13103471.968902588,969692.067527771,3160311.777135849,17233475.813566208,1207062.7968826294,7164263.615131378,24653734.781147003,50258537.00672722,24397739.428697586,1.4485945076204465,1.2941641571218823,1.634801013236244,1275650212.771477,188152635.2753664,0.14749547594758433,56643376.75458145,56967353.243694305,57122789.91475487,57140871.51354027,0.44443681138801683,57177000.513448715,0.5136042194906096,6.032130868629112,10.406177208498038,8.2178778380713,22.310547970620263
ZMB,SSA,0.2271662057402939,0.9495595546225923,0.01568087891490469,1360494.455598116,6819.024024963379,28371.740834236145,1395685.2204573154,214630.24718403816,3612033.47011292,3161050.6800090075,8383399.617763281,5007718.690570235,4.068512158217529,4.122558719406976,2.0971282439176555,591017173.6934446,59267480.91629608,0.10028047162473408,10957416.553201437,11790526.356713057,11973993.70935297,11980296.69144535,0.5682371368693981,12107669.56483221,0.34104724389962937,8.499154352862353,15.972015064172567,12.235539619772101,48.8134541935391
