,code,year,datalevel,cpi2011,icp2011
0,AGO,2000,2,0.03384806145875593,73.83311875
1,AGO,2008,2,0.7233371972494439,73.83311875
2,ALB,1996,2,0.4444327338379679,58.16801021
3,ALB,2002,2,0.7802877155877375,58.16801021
4,ALB,2005,2,0.8384734577874964,58.16801021
5,ALB,2008,2,0.9126222235137489,58.16801021
6,ALB,2012,2,1.0203642611597674,58.16801021
7,ALB,2014,2,1.0567866156471026,58.16801021
8,ALB,2015,2,1.0769714316354093,58.16801021
9,ALB,2016,2,1.0907041132034252,58.16801021
10,ALB,2017,2,1.1124520124300261,58.16801021
11,ARG,1980,2,0.26562537868887076,2.768382
12,ARG,1986,2,0.06808293930338413,2.768382
13,ARG,1987,2,0.15749919139589846,2.768382
14,ARG,1991,2,1591.2327001287438,2.768382
15,ARG,1992,2,0.18776114043206912,2.768382
16,ARG,1993,2,0.20434097656633102,2.768382
17,ARG,1994,2,0.21209257226335804,2.768382
18,ARG,1995,2,0.2166143429187037,2.768382
19,ARG,1996,2,0.2170450070535835,2.768382
20,ARG,1997,2,0.21833693707025612,2.768382
21,ARG,1998,2,0.220705480633153,2.768382
22,ARG,1999,2,0.21618370997780736,2.768382
23,ARG,2000,2,0.2146764322967032,2.768382
24,ARG,2001,2,0.21230790433079796,2.768382
25,ARG,2002,2,0.29391510819445976,2.768382
26,ARG,2003,2,0.30550664165657854,2.768382
27,ARG,2004,2,0.32251706394076174,2.768382
28,ARG,2005,2,0.3571840190893869,2.768382
29,ARG,2006,2,0.39421946061193947,2.768382
30,ARG,2007,2,0.48267892723308786,2.768382
31,ARG,2008,2,0.6057651139632672,2.768382
32,ARG,2009,2,0.6903821524996487,2.768382
33,ARG,2010,2,0.8600745211785934,2.768382
34,ARG,2011,2,1.0464920535614837,2.768382
35,ARG,2012,2,1.3116842305430025,2.768382
36,ARG,2013,2,1.6618131739928024,2.768382
37,ARG,2014,2,2.332343485851948,2.768382
38,ARG,2016,2,4.134574462908232,2.768382
39,ARG,2017,2,5.0946155108630355,2.768382
40,ARM,1996,2,0.4882780192236629,183.7795948
41,ARM,1999,2,0.6086229372819174,183.7795948
42,ARM,2001,2,0.6228047508763703,183.7795948
43,ARM,2002,2,0.6294067811385224,183.7795948
44,ARM,2003,2,0.6591245637283661,183.7795948
45,ARM,2004,2,0.7049842727468979,183.7795948
46,ARM,2005,2,0.7095042899660111,183.7795948
47,ARM,2006,2,0.7299972033824189,183.7795948
48,ARM,2007,2,0.7622092626865871,183.7795948
49,ARM,2008,2,0.830426674827366,183.7795948
50,ARM,2009,2,0.858711492113836,183.7795948
51,ARM,2010,2,0.9289362888558688,183.7795948
52,ARM,2011,2,1.0,183.7795948
53,ARM,2012,2,1.025580191839745,183.7795948
54,ARM,2013,2,1.0849578544202503,183.7795948
55,ARM,2014,2,1.1173037913374593,183.7795948
56,ARM,2015,2,1.1589981276978394,183.7795948
57,ARM,2016,2,1.14273033221634,183.7795948
58,ARM,2017,2,1.1538097146245239,183.7795948
59,AUS,1981,2,0.2906069000251834,1.526641499
60,AUS,1985,2,0.3951145807101502,1.526641499
61,AUS,1989,2,0.5391589020397904,1.526641499
62,AUS,1995,2,0.6547469151347295,1.526641499
63,AUS,2001,2,0.7516998237219874,1.526641499
64,AUS,2003,2,0.7952656761521054,1.526641499
65,AUS,2004,2,0.8139007806597863,1.526641499
66,AUS,2008,2,0.9242004532863299,1.526641499
67,AUS,2010,2,0.9680181314530385,1.526641499
68,AUS,2014,2,1.0684966003525578,1.526641499
69,AUT,2003,2,0.8471194260236332,0.847583846
70,AUT,2004,2,0.8645803040468595,0.847583846
71,AUT,2005,2,0.8844582341278561,0.847583846
72,AUT,2006,2,0.8972080692398768,0.847583846
73,AUT,2007,2,0.91666451838934,0.847583846
74,AUT,2008,2,0.9461440293266817,0.847583846
75,AUT,2009,2,0.9509344046109098,0.847583846
76,AUT,2010,2,0.9681799624596846,0.847583846
77,AUT,2011,2,1.0,0.847583846
78,AUT,2012,2,1.0248567382177207,0.847583846
79,AUT,2013,2,1.0453555142905746,0.847583846
80,AUT,2014,2,1.0621418455443017,0.847583846
81,AUT,2015,2,1.0716646110915078,0.847583846
82,AUT,2016,2,1.081219508465776,0.847583846
83,AZE,1995,2,1975.8477884229312,0.329418712
84,AZE,2001,2,2302.6748694931985,0.329418712
85,AZE,2002,2,2366.485720438006,0.329418712
86,AZE,2003,2,2419.3498527350757,0.329418712
87,AZE,2004,2,2581.662425614165,0.329418712
88,AZE,2005,2,2829.773900450665,0.329418712
89,AZE,2008,2,0.8642787272711323,0.329418712
90,BDI,1992,2,0.10612028405654399,487.3272763
91,BDI,1998,2,0.30245193973127016,487.3272763
92,BDI,2006,2,0.5746402023771997,487.3272763
93,BDI,2013,2,1.3034992464737982,487.3272763
94,BEL,2003,2,0.832133187552657,0.87901397
95,BEL,2004,2,0.8495853806260311,0.87901397
96,BEL,2005,2,0.8732159841628951,0.87901397
97,BEL,2006,2,0.888857144394129,0.87901397
98,BEL,2007,2,0.9050614521261618,0.87901397
99,BEL,2008,2,0.9456937012593147,0.87901397
100,BEL,2009,2,0.9451911278550424,0.87901397
101,BEL,2010,2,0.9658841824748232,0.87901397
102,BEL,2011,2,1.0,0.87901397
103,BEL,2012,2,1.0283966500903416,0.87901397
104,BEL,2013,2,1.0398436805115814,0.87901397
105,BEL,2014,2,1.0433791591357418,0.87901397
106,BEL,2015,2,1.0492370132489992,0.87901397
107,BEL,2016,2,1.0699473852808041,0.87901397
108,BEN,2003,2,0.7718535617823599,224.9172239
109,BEN,2011,2,1.022256571771708,224.9172239
110,BEN,2015,2,1.0690275838941876,224.9172239
111,BFA,1994,2,0.6142370146310085,222.2419664
112,BFA,1998,2,0.7391859990639196,222.2419664
113,BFA,2003,2,0.7981087284749017,222.2419664
114,BFA,2009,2,0.9806378800153955,222.2419664
115,BFA,2014,2,1.0410289519700455,222.2419664
116,BGD,1983,2,0.1482982039451599,24.849199295043945
117,BGD,1985,2,0.1806710958480835,24.849199295043945
118,BGD,1988,2,0.24029380083084106,24.849199295043945
119,BGD,1991,2,0.30504271388053894,24.849199295043945
120,BGD,1995,2,0.3540673851966858,24.849199295043945
121,BGD,2000,2,0.3934449851512909,24.849199295043945
122,BGD,2005,2,0.4951991140842438,24.849199295043945
123,BGD,2010,2,0.9200785160064697,24.849199295043945
124,BGD,2016,2,1.303657054901123,24.849199295043945
125,BGR,1989,2,0.2737835255138252,0.765068
126,BGR,1992,2,2.8428728558046736,0.765068
127,BGR,1994,2,9.635676943958302,0.765068
128,BGR,1995,2,15.615937477558164,0.765068
129,BGR,1997,2,0.40086784993401686,0.765068
130,BGR,2001,2,0.5779221278344249,0.765068
131,BGR,2003,2,0.6258621783940351,0.765068
132,BGR,2006,2,0.7484815682454081,0.765068
133,BGR,2007,2,0.811373035357687,0.765068
134,BGR,2008,2,0.9115671671018325,0.765068
135,BGR,2009,2,0.9366644727195449,0.765068
136,BGR,2010,2,0.9595096334190343,0.765068
137,BGR,2011,2,1.0,0.765068
138,BGR,2012,2,1.029545667005678,0.765068
139,BGR,2013,2,1.0387095872121799,0.765068
140,BGR,2014,2,1.023978809852865,0.765068
141,BGR,2015,2,1.0229073847586632,0.765068
142,BGR,2016,2,1.0147369265604567,0.765068
143,BIH,2001,2,0.7820536755493106,0.8669356519999999
144,BIH,2004,2,0.7910160207875844,0.8669356519999999
145,BIH,2007,2,0.8825966092544537,0.8669356519999999
146,BIH,2011,2,1.0,0.8669356519999999
147,BIH,2015,2,1.0000900032513032,0.8669356519999999
148,BLR,1988,2,3.4066725300575535e-11,1832.4347630000002
149,BLR,1993,2,1.2187297838256273e-05,1832.4347630000002
150,BLR,1995,2,0.0022893907480519807,1832.4347630000002
151,BLR,1998,2,0.009908095431177228,1832.4347630000002
152,BLR,1999,2,0.039006068240815865,1832.4347630000002
153,BLR,2000,2,0.10477818602994862,1832.4347630000002
154,BLR,2001,2,0.16883426362647425,1832.4347630000002
155,BLR,2002,2,0.24065223188696747,1832.4347630000002
156,BLR,2003,2,0.3089922561211934,1832.4347630000002
157,BLR,2004,2,0.3649453256105659,1832.4347630000002
158,BLR,2005,2,0.40256571004409886,1832.4347630000002
159,BLR,2006,2,0.4307337405830474,1832.4347630000002
160,BLR,2007,2,0.4670306580484597,1832.4347630000002
161,BLR,2008,2,0.5363280865676505,1832.4347630000002
162,BLR,2009,2,0.6057592534392565,1832.4347630000002
163,BLR,2010,2,0.6526192601550528,1832.4347630000002
164,BLR,2011,2,1.0,1832.4347630000002
165,BLR,2012,2,1.5921973081845482,1832.4347630000002
166,BLR,2013,2,1.8837647415912135,1832.4347630000002
167,BLR,2014,2,2.225094493166498,1832.4347630000002
168,BLR,2015,2,2.526249562338005,1832.4347630000002
169,BLR,2016,2,2.825271191105832,1832.4347630000002
170,BLR,2017,2,2.995686913239161,1832.4347630000002
171,BLZ,1993,2,0.6851234667218302,1.182611229
172,BLZ,1994,2,0.7027221673140722,1.182611229
173,BLZ,1995,2,0.7230330751373342,1.182611229
174,BLZ,1996,2,0.7694853701703175,1.182611229
175,BLZ,1997,2,0.777376820588258,1.182611229
176,BLZ,1998,2,0.7707955041717427,1.182611229
177,BLZ,1999,2,0.7614866573195118,1.182611229
178,BOL,1990,2,0.265536564094202,2.906105727
179,BOL,1992,2,0.3347675731647372,2.906105727
180,BOL,1997,2,0.501498267107994,2.906105727
181,BOL,1999,2,0.5527468261073165,2.906105727
182,BOL,2000,2,0.5741067951992616,2.906105727
183,BOL,2001,2,0.5803303832511206,2.906105727
184,BOL,2002,2,0.5935459037004277,2.906105727
185,BOL,2004,2,0.6395697220421764,2.906105727
186,BOL,2005,2,0.6749135557468888,2.906105727
187,BOL,2006,2,0.7016519343473122,2.906105727
188,BOL,2007,2,0.7811755602739789,2.906105727
189,BOL,2008,2,0.8851325322196242,2.906105727
190,BOL,2009,2,0.8920476300550234,2.906105727
191,BOL,2011,2,1.0142911939834516,2.906105727
192,BOL,2012,2,1.0582404831567092,2.906105727
193,BOL,2013,2,1.1376872742481345,2.906105727
194,BOL,2014,2,1.1790241932292016,2.906105727
195,BOL,2015,2,1.2300422491798273,2.906105727
196,BOL,2016,2,1.2730695247012704,2.906105727
197,BOL,2017,2,1.3124855827710138,2.906105727
198,BRA,1981,2,0.0020984312424594093,1.658782636
199,BRA,1982,2,0.004247421107517095,1.658782636
200,BRA,1983,2,0.010463465477396449,1.658782636
201,BRA,1984,2,0.030662819267480924,1.658782636
202,BRA,1985,2,0.09886587122266828,1.658782636
203,BRA,1986,2,0.0021478306434455337,1.658782636
204,BRA,1987,2,0.008173646746771892,1.658782636
205,BRA,1988,2,0.06236413549635641,1.658782636
206,BRA,1989,2,0.8542800869159508,1.658782636
207,BRA,1990,2,29.085723104620612,1.658782636
208,BRA,1992,2,1672.293925695941,1.658782636
209,BRA,1993,2,33.33099965215523,1.658782636
210,BRA,1995,2,0.3584794979188824,1.658782636
211,BRA,1996,2,0.4060226388429625,1.658782636
212,BRA,1997,2,0.42834894599635437,1.658782636
213,BRA,1998,2,0.4380532869208832,1.658782636
214,BRA,1999,2,0.46544403758499703,1.658782636
215,BRA,2001,2,0.5340007048237803,1.658782636
216,BRA,2002,2,0.5763529416976321,1.658782636
217,BRA,2003,2,0.6636317907138644,1.658782636
218,BRA,2004,2,0.7081248238636514,1.658782636
219,BRA,2005,2,0.7508714971821555,1.658782636
220,BRA,2006,2,0.7786325965691101,1.658782636
221,BRA,2007,2,0.8109161657260441,1.658782636
222,BRA,2008,2,0.8616027543464352,1.658782636
223,BRA,2009,2,0.8990230301795239,1.658782636
224,BRA,2011,2,1.0101336689623275,1.658782636
225,BRA,2012,2,1.0634909837384843,1.658782636
226,BRA,2013,2,1.1257968871673694,1.658782636
227,BRA,2014,2,1.201748485002064,1.658782636
228,BRA,2015,2,1.315827935498052,1.658782636
229,BRA,2016,2,1.411175268701346,1.658782636
230,BRA,2017,2,1.4598095934747852,1.658782636
231,BTN,2003,2,0.6211238143487786,16.96290663
232,BTN,2007,2,0.7592207893795033,16.96290663
233,BTN,2012,2,1.1091966148021868,16.96290663
234,BTN,2017,2,1.4795808581084786,16.96290663
235,BWA,1985,2,0.09739514757683719,4.438052739
236,BWA,1993,2,0.23022284861507086,4.438052739
237,BWA,2002,2,0.49014463720307044,4.438052739
238,BWA,2009,2,0.8770710743038926,4.438052739
239,BWA,2015,2,1.254492252842066,4.438052739
240,CAF,1992,2,0.46631381918873016,267.8691005
241,CAF,2003,2,0.7924643092446656,267.8691005
242,CAF,2008,2,0.9395657430205364,267.8691005
243,CAN,1981,2,0.41319614002595767,1.284584151
244,CAN,1987,2,0.5712994811511303,1.284584151
245,CAN,1991,2,0.6905374560221705,1.284584151
246,CAN,1994,2,0.7150803041819795,1.284584151
247,CAN,1997,2,0.753945670436112,1.284584151
248,CAN,1998,2,0.7614545115950532,1.284584151
249,CAN,2000,2,0.795731067450353,1.284584151
250,CAN,2004,2,0.8731836453071521,1.284584151
251,CAN,2007,2,0.9298477955836127,1.284584151
252,CAN,2010,2,0.9717027312607205,1.284584151
253,CAN,2013,2,1.024681925485542,1.284584151
254,CHE,2006,2,0.965006186098109,1.6134187919999998
255,CHE,2007,2,0.9720732722655002,1.6134187919999998
256,CHE,2008,2,0.995656258463354,1.6134187919999998
257,CHE,2009,2,0.9908724034867459,1.6134187919999998
258,CHE,2010,2,0.9976919543883542,1.6134187919999998
259,CHE,2011,2,1.0,1.6134187919999998
260,CHE,2012,2,0.9930744930436652,1.6134187919999998
261,CHE,2013,2,0.9909164757250265,1.6134187919999998
262,CHE,2014,2,0.9907854007780158,1.6134187919999998
263,CHE,2015,2,0.9794518326972165,1.6134187919999998
264,CHE,2016,2,0.9751950177514451,1.6134187919999998
265,CHL,1987,2,0.1715774621850005,391.6442351
266,CHL,1990,2,0.3227555481268321,391.6442351
267,CHL,1992,2,0.43359597348752926,391.6442351
268,CHL,1994,2,0.5290219166864403,391.6442351
269,CHL,1996,2,0.6098399471038143,391.6442351
270,CHL,1998,2,0.6759184296636802,391.6442351
271,CHL,2000,2,0.7258200097423245,391.6442351
272,CHL,2003,2,0.7776318857215587,391.6442351
273,CHL,2006,2,0.8433073789027438,391.6442351
274,CHL,2009,2,0.9531488663507639,391.6442351
275,CHL,2011,2,1.0149809278304014,391.6442351
276,CHL,2013,2,1.0605789968819541,391.6442351
277,CHL,2015,2,1.1623903859757778,391.6442351
278,CHL,2017,2,1.2193250768644797,391.6442351
279,CHN,1981,0,0.1769007444381714,3.0364999771118164
280,CHN,1981,1,0.17300739884376526,3.9042999744415283
281,CHN,1982,0,0.18026185035705566,3.0364999771118164
282,CHN,1982,1,,3.9042999744415283
283,CHN,1983,0,0.18296578526496887,3.0364999771118164
284,CHN,1983,1,,3.9042999744415283
285,CHN,1984,0,0.1880888193845749,3.0364999771118164
286,CHN,1984,1,0.1848568171262741,3.9042999744415283
287,CHN,1985,0,0.20238357782363892,3.0364999771118164
288,CHN,1985,1,0.20685477554798126,3.9042999744415283
289,CHN,1986,0,0.2147289663553238,3.0364999771118164
290,CHN,1986,1,0.22133462131023407,3.9042999744415283
291,CHN,1987,0,0.22804217040538788,3.0364999771118164
292,CHN,1987,1,0.24081206321716309,3.9042999744415283
293,CHN,1988,0,0.26794955134391785,3.0364999771118164
294,CHN,1988,1,0.29066017270088196,3.9042999744415283
295,CHN,1989,0,0.3196638226509094,3.0364999771118164
296,CHN,1989,1,0.33803775906562805,3.9042999744415283
297,CHN,1990,0,0.33404868841171265,3.0364999771118164
298,CHN,1990,1,0.34243226051330566,3.9042999744415283
299,CHN,1991,0,0.3417317867279053,3.0364999771118164
300,CHN,1991,1,0.35989630222320557,3.9042999744415283
301,CHN,1992,0,0.3577931821346283,3.0364999771118164
302,CHN,1992,1,0.390847384929657,3.9042999744415283
303,CHN,1993,0,0.40681084990501404,3.0364999771118164
304,CHN,1993,1,0.4537737965583801,3.9042999744415283
305,CHN,1994,0,0.5020046234130859,3.0364999771118164
306,CHN,1994,1,0.5672172904014587,3.9042999744415283
307,CHN,1995,0,0.589855432510376,3.0364999771118164
308,CHN,1995,1,0.6625097393989563,3.9042999744415283
309,CHN,1996,0,0.6364539861679077,3.0364999771118164
310,CHN,1996,1,0.72081059217453,3.9042999744415283
311,CHN,1997,0,0.6523653268814087,3.0364999771118164
312,CHN,1997,1,0.7431557774543762,3.9042999744415283
313,CHN,1998,0,0.645841658115387,3.0364999771118164
314,CHN,1998,1,0.738696813583374,3.9042999744415283
315,CHN,1999,0,0.636154055595398,3.0364999771118164
316,CHN,1999,1,0.7290937304496765,3.9042999744415283
317,CHN,2000,0,0.6355178952217102,3.0364999771118164
318,CHN,2000,1,0.7349265217781067,3.9042999744415283
319,CHN,2001,0,0.6406020522117615,3.0364999771118164
320,CHN,2001,1,0.7400709986686707,3.9042999744415283
321,CHN,2002,0,0.6380396485328674,3.0364999771118164
322,CHN,2002,1,0.7326703071594238,3.9042999744415283
323,CHN,2003,0,0.6482482552528381,3.0364999771118164
324,CHN,2003,1,0.7392643094062805,3.9042999744415283
325,CHN,2004,0,0.6793642044067383,3.0364999771118164
326,CHN,2004,1,0.7636600136756897,3.9042999744415283
327,CHN,2005,0,0.694310188293457,3.0364999771118164
328,CHN,2005,1,0.7758786082267761,3.9042999744415283
329,CHN,2006,0,0.7078291177749634,3.0364999771118164
330,CHN,2006,1,0.7901744842529297,3.9042999744415283
331,CHN,2007,0,0.7784010767936707,3.0364999771118164
332,CHN,2007,1,0.8391919732093811,3.9042999744415283
333,CHN,2008,0,0.8615919351577759,3.0364999771118164
334,CHN,2008,1,0.9037764072418213,3.9042999744415283
335,CHN,2009,0,0.8603038787841797,3.0364999771118164
336,CHN,2009,1,0.8997431993484497,3.9042999744415283
337,CHN,2010,0,0.9069400429725647,3.0364999771118164
338,CHN,2010,1,0.936504065990448,3.9042999744415283
339,CHN,2011,0,1.0,3.0364999771118164
340,CHN,2011,1,1.0,3.9042999744415283
341,CHN,2012,0,1.0350946187973022,3.0364999771118164
342,CHN,2012,1,1.0269999504089355,3.9042999744415283
343,CHN,2013,0,1.078864336013794,3.0364999771118164
344,CHN,2013,1,1.0537019968032837,3.9042999744415283
345,CHN,2014,0,1.1041009426116943,3.0364999771118164
346,CHN,2014,1,1.0758297443389893,3.9042999744415283
347,CHN,2015,0,1.125788688659668,3.0364999771118164
348,CHN,2015,1,1.091967225074768,3.9042999744415283
349,CIV,1985,2,0.3199038592087598,235.6879083
350,CIV,1986,2,0.3501168962473702,235.6879083
351,CIV,1987,2,0.3767454228877846,235.6879083
352,CIV,1988,2,0.39954423626124547,235.6879083
353,CIV,1992,2,0.4282109569115386,235.6879083
354,CIV,1995,2,0.6227473865149386,235.6879083
355,CIV,1998,2,0.694470755503403,235.6879083
356,CIV,2002,2,0.7713495729754521,235.6879083
357,CIV,2008,2,0.9321241097882981,235.6879083
358,CIV,2015,2,1.0569200258626903,235.6879083
359,CMR,1996,2,0.676311646044858,230.3752697
360,CMR,2001,2,0.7873020976375636,230.3752697
361,CMR,2007,2,0.883706088236201,230.3752697
362,CMR,2014,2,1.0678643828517624,230.3752697
363,COD,2004,2,0.4980620530281537,537.7323459
364,COD,2012,2,1.089154883376958,537.7323459
365,COG,2005,2,0.8166255342978128,296.5002862
366,COG,2011,2,1.0,296.5002862
367,COL,1980,2,0.010868388834521164,1196.95463
368,COL,1988,2,0.05591113748140421,1196.95463
369,COL,1989,2,0.07569222240643736,1196.95463
370,COL,1991,2,0.12717406485199254,1196.95463
371,COL,1992,2,0.1598256117724159,1196.95463
372,COL,1996,2,0.34989100847681603,1196.95463
373,COL,1999,2,0.5259496336329652,1196.95463
374,COL,2000,2,0.5724224319486828,1196.95463
375,COL,2001,2,0.6168545085818727,1196.95463
376,COL,2002,2,0.6604517445267569,1196.95463
377,COL,2003,2,0.7009878979478517,1196.95463
378,COL,2004,2,0.7418023315983819,1196.95463
379,COL,2005,2,0.7796484428016,1196.95463
380,COL,2008,2,0.9235193214197184,1196.95463
381,COL,2009,2,0.9454106994686386,1196.95463
382,COL,2010,2,0.969899359658958,1196.95463
383,COL,2011,2,1.0083020313210453,1196.95463
384,COL,2012,2,1.0363155744175434,1196.95463
385,COL,2013,2,1.0544965494073273,1196.95463
386,COL,2014,2,1.0930847412223763,1196.95463
387,COL,2015,2,1.1629330788106647,1196.95463
388,COL,2016,2,1.232317616016568,1196.95463
389,COL,2017,2,1.2830573778502938,1196.95463
390,COM,2004,2,0.8051793272794204,220.572489
391,COM,2013,2,1.0312029618968388,220.572489
392,CPV,2001,2,0.7933286109329457,47.56513987
393,CPV,2007,2,0.8890145419017206,47.56513987
394,CRI,1981,2,0.011468258296167747,343.7856684
395,CRI,1986,2,0.041653049651302565,343.7856684
396,CRI,1989,2,0.068515315400447,343.7856684
397,CRI,1990,2,0.08234155750019112,343.7856684
398,CRI,1991,2,0.10677223221680533,343.7856684
399,CRI,1992,2,0.129294455602103,343.7856684
400,CRI,1993,2,0.1420326019063173,343.7856684
401,CRI,1994,2,0.1588351478334465,343.7856684
402,CRI,1995,2,0.19569973309302932,343.7856684
403,CRI,1996,2,0.23242769420572698,343.7856684
404,CRI,1997,2,0.26312569155365323,343.7856684
405,CRI,1998,2,0.2939698698413318,343.7856684
406,CRI,1999,2,0.3206113461111392,343.7856684
407,CRI,2000,2,0.35803371053598504,343.7856684
408,CRI,2001,2,0.3984180066218109,343.7856684
409,CRI,2002,2,0.43415649891014624,343.7856684
410,CRI,2003,2,0.47534217694580716,343.7856684
411,CRI,2004,2,0.5344562299608593,343.7856684
412,CRI,2005,2,0.6079353308656503,343.7856684
413,CRI,2006,2,0.6810456913177075,343.7856684
414,CRI,2007,2,0.740653609781293,343.7856684
415,CRI,2008,2,0.8456027528851892,343.7856684
416,CRI,2009,2,0.9039722248787315,343.7856684
417,CRI,2010,2,0.9553366758284152,343.7856684
418,CRI,2011,2,1.0049555457902146,343.7856684
419,CRI,2012,2,1.0446376287600845,343.7856684
420,CRI,2013,2,1.1053745820694725,343.7856684
421,CRI,2014,2,1.1626992894469381,343.7856684
422,CRI,2015,2,1.158958865875914,343.7856684
423,CRI,2016,2,1.1644700294933565,343.7856684
424,CRI,2017,2,1.1780140751021346,343.7856684
425,CYP,2004,2,0.4895308004427407,0.711552766
426,CYP,2005,2,0.502055203506324,0.711552766
427,CYP,2006,2,0.514585875018272,0.711552766
428,CYP,2007,2,0.5267943915149469,0.711552766
429,CYP,2008,2,0.9421080563833454,0.711552766
430,CYP,2009,2,0.945632255522165,0.711552766
431,CYP,2010,2,0.9681502127837162,0.711552766
432,CYP,2011,2,1.0,0.711552766
433,CYP,2012,2,1.0238874696742117,0.711552766
434,CYP,2013,2,1.0197985063960684,0.711552766
435,CYP,2014,2,1.0059803987104823,0.711552766
436,CYP,2015,2,0.9848849882131523,0.711552766
437,CYP,2016,2,0.968261230374797,0.711552766
438,CZE,1988,2,0.2848998360144489,14.900969240000002
439,CZE,1993,2,0.45941200407770516,14.900969240000002
440,CZE,1996,2,0.5992440090926417,14.900969240000002
441,CZE,2004,2,0.837816448470913,14.900969240000002
442,CZE,2005,2,0.853375537691599,14.900969240000002
443,CZE,2006,2,0.8749999812853156,14.900969240000002
444,CZE,2007,2,0.8999648463367202,14.900969240000002
445,CZE,2008,2,0.9571905336035633,14.900969240000002
446,CZE,2009,2,0.9669479209258169,14.900969240000002
447,CZE,2010,2,0.9811884483385627,14.900969240000002
448,CZE,2011,2,1.0,14.900969240000002
449,CZE,2012,2,1.0328762358990466,14.900969240000002
450,CZE,2013,2,1.0477320272779251,14.900969240000002
451,CZE,2014,2,1.0513361012102111,14.900969240000002
452,CZE,2015,2,1.0545885636509624,14.900969240000002
453,CZE,2016,2,1.0617967115155347,14.900969240000002
454,DEU,1991,2,1.3451713635579174,0.818029202
455,DEU,1994,2,1.5161920725735631,0.818029202
456,DEU,1995,2,1.5420607610755712,0.818029202
457,DEU,1998,2,1.6092874542321185,0.818029202
458,DEU,2000,2,1.6420224652645445,0.818029202
459,DEU,2001,2,1.6745978453714372,0.818029202
460,DEU,2002,2,1.6983906009306833,0.818029202
461,DEU,2003,2,0.8773677523396957,0.818029202
462,DEU,2004,2,0.8919823813043489,0.818029202
463,DEU,2005,2,0.9057805188158901,0.818029202
464,DEU,2006,2,0.9200685960450392,0.818029202
465,DEU,2007,2,0.9412149324058835,0.818029202
466,DEU,2008,2,0.9659536368288769,0.818029202
467,DEU,2009,2,0.9689745206681687,0.818029202
468,DEU,2010,2,0.9796701550922675,0.818029202
469,DEU,2011,2,1.0,0.818029202
470,DEU,2013,2,1.0354343388470921,0.818029202
471,DEU,2015,2,1.047273016459807,0.818029202
472,DJI,2002,2,0.6828939424899101,101.48058389999998
473,DJI,2012,2,1.0373120965328126,101.48058389999998
474,DJI,2013,2,1.0653821068715061,101.48058389999998
475,DJI,2017,2,1.1066988070047803,101.48058389999998
476,DNK,2003,2,0.8504778381659639,8.523886415
477,DNK,2004,2,0.8602954267741725,8.523886415
478,DNK,2005,2,0.8759339557403317,8.523886415
479,DNK,2006,2,0.8927888526850156,8.523886415
480,DNK,2007,2,0.9079061765477602,8.523886415
481,DNK,2008,2,0.9389227061741126,8.523886415
482,DNK,2009,2,0.9511728822478878,8.523886415
483,DNK,2010,2,0.9731537794126361,8.523886415
484,DNK,2011,2,1.0,8.523886415
485,DNK,2012,2,1.023979147044136,8.523886415
486,DNK,2013,2,1.0320590883246643,8.523886415
487,DNK,2014,2,1.037880102928356,8.523886415
488,DNK,2015,2,1.0425716913165004,8.523886415
489,DNK,2016,2,1.0451780880622796,8.523886415
490,DOM,1986,2,0.03147157989844043,20.74102992
491,DOM,1989,2,0.0723143100659668,20.74102992
492,DOM,1992,2,0.16763258461091168,20.74102992
493,DOM,1996,2,0.2228180298241704,20.74102992
494,DOM,1997,2,0.2400963405904591,20.74102992
495,DOM,2000,2,0.3042757135986031,20.74102992
496,DOM,2001,2,0.32224867109218136,20.74102992
497,DOM,2002,2,0.3396027992781982,20.74102992
498,DOM,2003,2,0.45214902878703295,20.74102992
499,DOM,2004,2,0.6686854991292557,20.74102992
500,DOM,2005,2,0.6968825941230454,20.74102992
501,DOM,2006,2,0.7298419847560064,20.74102992
502,DOM,2007,2,0.7795635799055254,20.74102992
503,DOM,2008,2,0.8932129400233693,20.74102992
504,DOM,2009,2,0.8791951093946825,20.74102992
505,DOM,2010,2,0.9293060203750243,20.74102992
506,DOM,2011,2,1.0182398102900159,20.74102992
507,DOM,2012,2,1.0447589387533325,20.74102992
508,DOM,2013,2,1.0983654623694237,20.74102992
509,DOM,2014,2,1.129430726192397,20.74102992
510,DOM,2015,2,1.1338821512054755,20.74102992
511,DOM,2016,2,1.1492253610408094,20.74102992
512,DOM,2017,2,1.1848525730455721,20.74102992
513,DZA,1988,2,0.11611206211122364,31.772286910000002
514,DZA,1995,2,0.4954074383017997,31.772286910000002
515,DZA,2011,2,1.0151154753468208,31.772286910000002
516,ECU,1987,2,76.9697061726756,0.547234451
517,ECU,1994,2,1381.8791191848563,0.547234451
518,ECU,1995,2,1772.3492058154377,0.547234451
519,ECU,1998,2,3613.0995389073014,0.547234451
520,ECU,1999,2,5013.802620157261,0.547234451
521,ECU,2000,2,0.5085517401542624,0.547234451
522,ECU,2003,2,0.7403129992988272,0.547234451
523,ECU,2004,2,0.7528992937109057,0.547234451
524,ECU,2005,2,0.7835405805802425,0.547234451
525,ECU,2006,2,0.8004680348641423,0.547234451
526,ECU,2007,2,0.8220691908495718,0.547234451
527,ECU,2008,2,0.8971786770512693,0.547234451
528,ECU,2009,2,0.9331921343480666,0.547234451
529,ECU,2010,2,0.9648448807926043,0.547234451
530,ECU,2011,2,1.0182259968764298,0.547234451
531,ECU,2012,2,1.066795294471665,0.547234451
532,ECU,2013,2,1.0913806815658804,0.547234451
533,ECU,2014,2,1.1324435064824387,0.547234451
534,ECU,2015,2,1.1709688896502322,0.547234451
535,ECU,2016,2,1.1832474476981625,0.547234451
536,ECU,2017,2,1.1807225963169292,0.547234451
537,EGY,1990,2,0.19122008567494722,2.777
538,EGY,1995,2,0.3500887990401655,2.777
539,EGY,1999,2,0.4069126110824225,2.777
540,EGY,2004,2,0.5123810066518607,2.777
541,EGY,2008,2,0.7515900873948803,2.777
542,EGY,2010,2,0.9534092217899407,2.777
543,EGY,2012,2,1.1206334522173234,2.777
544,EGY,2015,2,1.4247838143632294,2.777
545,ESP,2003,2,0.8093921208032603,0.7769170029999999
546,ESP,2004,2,0.8339911097967821,0.7769170029999999
547,ESP,2005,2,0.8620837823101591,0.7769170029999999
548,ESP,2006,2,0.8923892097699822,0.7769170029999999
549,ESP,2007,2,0.9172604127198293,0.7769170029999999
550,ESP,2008,2,0.954644807733183,0.7769170029999999
551,ESP,2009,2,0.9518954615604986,0.7769170029999999
552,ESP,2010,2,0.9690284541951224,0.7769170029999999
553,ESP,2011,2,1.0,0.7769170029999999
554,ESP,2012,2,1.0244599987062073,0.7769170029999999
555,ESP,2013,2,1.0388899999075862,0.7769170029999999
556,ESP,2014,2,1.037322662625105,0.7769170029999999
557,ESP,2015,2,1.032131227531906,0.7769170029999999
558,ESP,2016,2,1.0300394237078248,0.7769170029999999
559,EST,1988,2,0.13362307704821147,0.608563436
560,EST,1993,2,3.2922984330264957,0.608563436
561,EST,1995,2,6.260131068768827,0.608563436
562,EST,1998,2,9.217452710130123,0.608563436
563,EST,2000,2,9.903881619771473,0.608563436
564,EST,2001,2,10.473184934202934,0.608563436
565,EST,2002,2,10.84727797570789,0.608563436
566,EST,2003,2,10.992087781838444,0.608563436
567,EST,2004,2,11.3271387687581,0.608563436
568,EST,2005,2,11.789254103708465,0.608563436
569,EST,2006,2,12.312416498059475,0.608563436
570,EST,2007,2,13.125198504671593,0.608563436
571,EST,2008,2,14.485278820899829,0.608563436
572,EST,2009,2,14.473921545781206,0.608563436
573,EST,2010,2,14.904092554549399,0.608563436
574,EST,2011,2,1.0,0.608563436
575,EST,2012,2,1.039333982936861,0.608563436
576,EST,2013,2,1.0682333700673274,0.608563436
577,EST,2014,2,1.0670991559126952,0.608563436
578,EST,2015,2,1.0618455212966567,0.608563436
579,EST,2016,2,1.0634243514696164,0.608563436
580,ETH,1981,2,0.10490469086541539,5.438613626
581,ETH,1995,2,0.2709603301121341,5.438613626
582,ETH,1996,2,0.2709603301121341,5.438613626
583,ETH,1999,2,0.28100466764513804,5.438613626
584,ETH,2000,2,0.28100466764513804,5.438613626
585,ETH,2004,2,0.32129668775949255,5.438613626
586,ETH,2010,2,0.8752346504831454,5.438613626
587,ETH,2015,2,1.6441348000250553,5.438613626
588,FIN,2003,2,0.8748922910490616,0.9802462780000001
589,FIN,2004,2,0.8765293933300716,0.9802462780000001
590,FIN,2005,2,0.8819978357878188,0.9802462780000001
591,FIN,2006,2,0.8958157875944076,0.9802462780000001
592,FIN,2007,2,0.918306744468924,0.9802462780000001
593,FIN,2008,2,0.9556446424977618,0.9802462780000001
594,FIN,2009,2,0.9556446424977618,0.9802462780000001
595,FIN,2010,2,0.9669607957124164,0.9802462780000001
596,FIN,2011,2,1.0,0.9802462780000001
597,FIN,2012,2,1.0280833383990968,0.9802462780000001
598,FIN,2013,2,1.0432813664695249,0.9802462780000001
599,FIN,2014,2,1.0541439617181732,0.9802462780000001
600,FIN,2015,2,1.0519520845665762,0.9802462780000001
601,FIN,2016,2,1.055704266041699,0.9802462780000001
602,FJI,2002,2,0.7010193063877894,1.216540939
603,FJI,2008,2,0.8851489636508879,1.216540939
604,FJI,2013,2,1.065589130318989,1.216540939
605,FRA,2003,2,0.8740716040104988,0.879754085
606,FRA,2004,2,0.8927949709394917,0.879754085
607,FRA,2005,2,0.9083820489449655,0.879754085
608,FRA,2006,2,0.9235985343961071,0.879754085
609,FRA,2007,2,0.9373416902950551,0.879754085
610,FRA,2008,2,0.9637078562109855,0.879754085
611,FRA,2009,2,0.9645522244481851,0.879754085
612,FRA,2010,2,0.9793207113195329,0.879754085
613,FRA,2011,2,1.0,0.879754085
614,FRA,2012,2,1.019541958063119,0.879754085
615,FRA,2013,2,1.028347939486719,0.879754085
616,FRA,2014,2,1.0335694839745244,0.879754085
617,FRA,2015,2,1.0339571865479984,0.879754085
618,FRA,2016,2,1.0358528122931527,0.879754085
619,FSM,2000,2,0.6891766103068769,0.998254747
620,FSM,2005,2,0.7386821679353994,0.998254747
621,FSM,2013,2,1.0685877151506809,0.998254747
622,GAB,2005,2,0.8764677496094453,359.2185311
623,GAB,2017,2,1.1282732974527838,359.2185311
624,GBR,2004,2,0.8316331717872553,0.756404104
625,GBR,2005,2,0.8484551990989544,0.756404104
626,GBR,2006,2,0.8692904118146768,0.756404104
627,GBR,2007,2,0.890036516093733,0.756404104
628,GBR,2008,2,0.9213783701427821,0.756404104
629,GBR,2009,2,0.9394533516966745,0.756404104
630,GBR,2010,2,0.9628706521620953,0.756404104
631,GBR,2011,2,1.0,0.756404104
632,GBR,2012,2,1.0257323567499237,0.756404104
633,GBR,2013,2,1.0492387656520108,0.756404104
634,GBR,2014,2,1.0644644810686077,0.756404104
635,GBR,2015,2,1.0683821669114884,0.756404104
636,GBR,2016,2,1.0791559131712114,0.756404104
637,GEO,1996,2,0.3538437888852971,0.841907089
638,GEO,1997,2,0.37892290112440913,0.841907089
639,GEO,1998,2,0.39243831719528705,0.841907089
640,GEO,1999,2,0.46775775168502515,0.841907089
641,GEO,2000,2,0.48676725190148074,0.841907089
642,GEO,2001,2,0.5093826577874552,0.841907089
643,GEO,2002,2,0.5378461593178968,0.841907089
644,GEO,2003,2,0.5634713834086166,0.841907089
645,GEO,2004,2,0.5953812692948216,0.841907089
646,GEO,2005,2,0.644569994993301,0.841907089
647,GEO,2006,2,0.7036188177934832,0.841907089
648,GEO,2007,2,0.7686676663195083,0.841907089
649,GEO,2008,2,0.8455305108147296,0.841907089
650,GEO,2009,2,0.8601371665401812,0.841907089
651,GEO,2010,2,0.9212944541338091,0.841907089
652,GEO,2011,2,1.0,0.841907089
653,GEO,2012,2,0.9905634655494059,0.841907089
654,GEO,2013,2,0.9854911868252194,0.841907089
655,GEO,2014,2,1.0157340240230173,0.841907089
656,GEO,2015,2,1.0563997638564417,0.841907089
657,GEO,2016,2,1.0789531043887937,0.841907089
658,GEO,2017,2,1.144071328344066,0.841907089
659,GHA,1987,2,0.007389499805867672,0.7880219817161561
660,GHA,1988,2,0.009449400007724762,0.7880219817161561
661,GHA,1991,2,0.01827310025691986,0.7880219817161561
662,GHA,1998,2,0.10238929837942123,0.7880219817161561
663,GHA,2005,2,0.3790605068206787,0.7880219817161561
664,GHA,2012,2,1.2509000301361084,0.7880219817161561
665,GHA,2016,2,1.676200032234192,0.788021981716156
666,GIN,1991,2,0.11064905653556448,2572.34312
667,GIN,1994,2,0.14464399911545767,2572.34312
668,GIN,2002,2,0.20872986912731822,2572.34312
669,GIN,2007,2,0.5758964362847713,2572.34312
670,GIN,2012,2,1.1522510745868386,2572.34312
671,GMB,1998,2,0.4645978762926451,10.82647365
672,GMB,2003,2,0.6726082891637456,10.82647365
673,GMB,2010,2,0.9578920324391151,10.82647365
674,GMB,2015,2,1.274937601763551,10.82647365
675,GNB,1991,2,0.06872231790690747,248.23580730000003
676,GNB,1993,2,0.17260792543731562,248.23580730000003
677,GNB,2002,2,0.7966682603892349,248.23580730000003
678,GNB,2010,2,0.9519629551378597,248.23580730000003
679,GRC,2003,2,0.7749649799035001,0.758253883
680,GRC,2004,2,0.797430043240922,0.758253883
681,GRC,2005,2,0.8256995232895825,0.758253883
682,GRC,2006,2,0.8520884175110229,0.758253883
683,GRC,2007,2,0.8767563578863367,0.758253883
684,GRC,2008,2,0.9131662567821441,0.758253883
685,GRC,2009,2,0.9242163782707943,0.758253883
686,GRC,2010,2,0.9677744230285894,0.758253883
687,GRC,2011,2,1.0,0.758253883
688,GRC,2012,2,1.0150153001568558,0.758253883
689,GRC,2013,2,1.005655121676192,0.758253883
690,GRC,2014,2,0.9924688702869803,0.758253883
691,GRC,2015,2,0.9752392486162522,0.758253883
692,GRC,2016,2,0.9671871368224759,0.758253883
693,GTM,1986,2,0.09319915080294246,3.8732391800000006
694,GTM,1989,2,0.12173541216520183,3.8732391800000006
695,GTM,1998,2,0.4394791670467265,3.8732391800000006
696,GTM,2000,2,0.48987534497721313,3.8732391800000006
697,GTM,2006,2,0.7537989512006344,3.8732391800000006
698,GTM,2011,2,1.0094982450616525,3.8732391800000006
699,GTM,2014,2,1.124724189969371,3.8732391800000006
700,GUY,1992,2,0.3145816881687258,133.2612
701,GUY,1998,2,0.47874548625611046,133.2612
702,HND,1986,2,0.05822188939815541,10.08031428
703,HND,1989,2,0.06849160588031082,10.08031428
704,HND,1990,2,0.08060912167183022,10.08031428
705,HND,1991,2,0.11201409759262959,10.08031428
706,HND,1992,2,0.12269359949076886,10.08031428
707,HND,1993,2,0.13334293330444988,10.08031428
708,HND,1994,2,0.1742508558295249,10.08031428
709,HND,1995,2,0.21147827205072184,10.08031428
710,HND,1996,2,0.25647750135392966,10.08031428
711,HND,1997,2,0.315599180770507,10.08031428
712,HND,1998,2,0.3585580989077321,10.08031428
713,HND,1999,2,0.39896500210611224,10.08031428
714,HND,2001,2,0.49150903846655347,10.08031428
715,HND,2002,2,0.5261404132252259,10.08031428
716,HND,2003,2,0.5686739955393103,10.08031428
717,HND,2004,2,0.6137595927922406,10.08031428
718,HND,2005,2,0.6686279139774094,10.08031428
719,HND,2006,2,0.7094601529989312,10.08031428
720,HND,2007,2,0.7524190711361564,10.08031428
721,HND,2008,2,0.8370608999411845,10.08031428
722,HND,2009,2,0.8885265345412269,10.08031428
723,HND,2010,2,0.9272320944470435,10.08031428
724,HND,2011,2,0.9986885127347096,10.08031428
725,HND,2012,2,1.0501541473347455,10.08031428
726,HND,2013,2,1.1007691102885095,10.08031428
727,HND,2014,2,1.1692481778141814,10.08031428
728,HND,2015,2,1.210080416835705,10.08031428
729,HND,2016,2,1.2385779169861444,10.08031428
730,HND,2017,2,1.288767544116763,10.08031428
731,HRV,1988,2,1.164244301161731e-05,4.358502824
732,HRV,1998,2,0.6813538045346882,4.358502824
733,HRV,1999,2,0.708738368997364,4.358502824
734,HRV,2000,2,0.7414205313311812,4.358502824
735,HRV,2001,2,0.7694217896403194,4.358502824
736,HRV,2004,2,0.8124736608677796,4.358502824
737,HRV,2008,2,0.9454795632210804,4.358502824
738,HRV,2009,2,0.9679681083100932,4.358502824
739,HRV,2010,2,0.9779951100244499,4.358502824
740,HRV,2011,2,1.0,4.358502824
741,HRV,2012,2,1.0342298288508558,4.358502824
742,HRV,2013,2,1.057049739623128,4.358502824
743,HRV,2014,2,1.0548491909334887,4.358502824
744,HRV,2015,2,1.049533760052147,4.358502824
745,HRV,2016,2,1.037726516537095,4.358502824
746,HTI,2001,2,0.28151397931931105,20.70574367
747,HTI,2012,2,1.0888479048799613,20.70574367
748,HUN,1987,2,0.05102817416408958,137.8828724
749,HUN,1989,2,0.06917846417011866,137.8828724
750,HUN,1993,2,0.1813021630777116,137.8828724
751,HUN,1998,2,0.46106818355163587,137.8828724
752,HUN,1999,2,0.5071645741546051,137.8828724
753,HUN,2000,2,0.5568850215708754,137.8828724
754,HUN,2001,2,0.6076551813595689,137.8828724
755,HUN,2002,2,0.6396509459523841,137.8828724
756,HUN,2003,2,0.6694651410998566,137.8828724
757,HUN,2004,2,0.7146162436703986,137.8828724
758,HUN,2005,2,0.740067373336212,137.8828724
759,HUN,2006,2,0.7691544520775966,137.8828724
760,HUN,2007,2,0.8303695050682693,137.8828724
761,HUN,2008,2,0.8805447214028347,137.8828724
762,HUN,2009,2,0.9176306678833968,137.8828724
763,HUN,2010,2,0.9621867902952974,137.8828724
764,HUN,2011,2,1.0,137.8828724
765,HUN,2012,2,1.0565214266633183,137.8828724
766,HUN,2013,2,1.0748330146525151,137.8828724
767,HUN,2014,2,1.072387099303253,137.8828724
768,HUN,2015,2,1.0717260510208884,137.8828724
769,HUN,2016,2,1.075956833437048,137.8828724
770,IDN,1984,0,0.07999320328235626,3666.159912109375
771,IDN,1984,1,0.07999320328235626,4360.47998046875
772,IDN,1987,0,0.09687585383653641,3666.159912109375
773,IDN,1987,1,0.09687585383653641,4360.47998046875
774,IDN,1990,0,0.1200944185256958,3666.159912109375
775,IDN,1990,1,0.1200944185256958,4360.47998046875
776,IDN,1993,0,0.15495820343494415,3666.159912109375
777,IDN,1993,1,0.15495820343494415,4360.47998046875
778,IDN,1996,0,0.19869489967823029,3666.159912109375
779,IDN,1996,1,0.19869489967823029,4360.47998046875
780,IDN,1998,0,0.33443617820739746,3666.159912109375
781,IDN,1998,1,0.33443617820739746,4360.47998046875
782,IDN,1999,0,0.4029214382171631,3666.159912109375
783,IDN,1999,1,0.4029214382171631,4360.47998046875
784,IDN,2000,0,0.40785157680511475,3666.159912109375
785,IDN,2000,1,0.40785157680511475,4360.47998046875
786,IDN,2001,0,0.44504305720329285,3666.159912109375
787,IDN,2001,1,0.44504305720329285,4360.47998046875
788,IDN,2002,0,0.5112659931182861,3666.159912109375
789,IDN,2002,1,0.5112659931182861,4360.47998046875
790,IDN,2003,0,0.5503406524658203,3666.159912109375
791,IDN,2003,1,0.5503406524658203,4360.47998046875
792,IDN,2004,0,0.5753704309463501,3666.159912109375
793,IDN,2004,1,0.5753704309463501,4360.47998046875
794,IDN,2005,0,0.6165635585784912,3666.159912109375
795,IDN,2005,1,0.6165635585784912,4360.47998046875
796,IDN,2006,0,0.7271966338157654,3666.159912109375
797,IDN,2006,1,0.7271966338157654,4360.47998046875
798,IDN,2007,0,0.7730191349983215,3666.159912109375
799,IDN,2007,1,0.7730191349983215,4360.47998046875
800,IDN,2008,0,0.838143527507782,3666.159912109375
801,IDN,2008,1,0.838143527507782,4360.47998046875
802,IDN,2009,0,0.8965985774993896,3666.159912109375
803,IDN,2009,1,0.8965985774993896,4360.47998046875
804,IDN,2010,0,0.9273562431335449,3666.159912109375
805,IDN,2010,1,0.9273562431335449,4360.47998046875
806,IDN,2011,0,0.9890282154083252,3666.159912109375
807,IDN,2011,1,0.9890282154083252,4360.47998046875
808,IDN,2012,0,1.0282597541809082,3666.159912109375
809,IDN,2012,1,1.0282597541809082,4360.47998046875
810,IDN,2013,0,1.082108497619629,3666.159912109375
811,IDN,2013,1,1.082108497619629,4360.47998046875
812,IDN,2014,0,1.1613609790802002,3666.159912109375
813,IDN,2014,1,1.1613609790802002,4360.47998046875
814,IDN,2015,0,1.2355036735534668,3666.159912109375
815,IDN,2015,1,1.2355036735534668,4360.47998046875
816,IDN,2016,0,1.2904589176177979,3666.159912109375
817,IDN,2016,1,1.2904589176177979,4360.47998046875
818,IDN,2017,0,1.3370718955993652,3666.159912109375
819,IDN,2017,1,1.3370718955993652,4360.47998046875
820,IDN,2018,0,,3666.159912109375
821,IDN,2018,1,,4360.47998046875
822,IND,1977,0,0.0911194309592247,12.907999992370605
823,IND,1977,1,0.07459203153848648,15.694999694824219
824,IND,1983,0,0.14441841840744019,12.907999992370605
825,IND,1983,1,0.12170078605413437,15.694999694824219
826,IND,1987,0,0.18324972689151764,12.907999992370605
827,IND,1987,1,0.1722807139158249,15.694999694824219
828,IND,1993,0,0.32350218296051025,12.907999992370605
829,IND,1993,1,0.29812759160995483,15.694999694824219
830,IND,2004,0,0.5681251883506775,12.907999992370605
831,IND,2004,1,0.5916497707366943,15.694999694824219
832,IND,2009,0,0.8799501657485962,12.907999992370605
833,IND,2009,1,0.8768494129180908,15.694999694824219
834,IND,2011,0,1.0340626239776611,12.907999992370605
835,IND,2011,1,1.042210578918457,15.694999694824219
836,IND,2014,0,1.342702865600586,12.907999992370605
837,IND,2014,1,1.3285465240478516,15.694999694824219
838,IRL,2003,2,0.8675260980648064,0.9517142490000001
839,IRL,2004,2,0.8866084388652721,0.9517142490000001
840,IRL,2005,2,0.908150240701495,0.9517142490000001
841,IRL,2006,2,0.943855461266669,0.9517142490000001
842,IRL,2007,2,0.9900772006377443,0.9517142490000001
843,IRL,2008,2,1.0302773110944077,0.9517142490000001
844,IRL,2009,2,0.9841404525509477,0.9517142490000001
845,IRL,2010,2,0.9750657175487428,0.9517142490000001
846,IRL,2011,2,1.0,0.9517142490000001
847,IRL,2012,2,1.0169621055087286,0.9517142490000001
848,IRL,2013,2,1.022135521279869,0.9517142490000001
849,IRL,2014,2,1.024001337263591,0.9517142490000001
850,IRL,2015,2,1.0210329632201927,0.9517142490000001
851,IRL,2016,2,1.0211177696561977,0.9517142490000001
852,IRN,1986,2,0.01160685530791573,5001.36341
853,IRN,1990,2,0.024404157968216107,5001.36341
854,IRN,1994,2,0.06091118917563179,5001.36341
855,IRN,1998,2,0.15520448256035496,5001.36341
856,IRN,2005,2,0.39800601496129306,5001.36341
857,IRN,2006,2,0.4453014614401695,5001.36341
858,IRN,2009,2,0.7322983024928205,5001.36341
859,IRN,2013,2,1.7587857595175975,5001.36341
860,IRN,2014,2,2.032390137030896,5001.36341
861,IRN,2015,2,2.274596321142566,5001.36341
862,IRN,2016,2,2.4800971999257486,5001.36341
863,IRQ,2006,2,0.7302039861679077,1003.799
864,IRQ,2012,2,1.0605599880218506,1003.799
865,ISL,2003,2,0.6011812753330986,138.8949544
866,ISL,2004,2,0.6201677525852938,138.8949544
867,ISL,2005,2,0.6448941553034441,138.8949544
868,ISL,2006,2,0.688018734086176,138.8949544
869,ISL,2007,2,0.7227743901074729,138.8949544
870,ISL,2008,2,0.8145261939829176,138.8949544
871,ISL,2009,2,0.9122948162518874,138.8949544
872,ISL,2010,2,0.9615289389972125,138.8949544
873,ISL,2011,2,1.0,138.8949544
874,ISL,2012,2,1.0518589752665548,138.8949544
875,ISL,2013,2,1.0925898552212014,138.8949544
876,ISL,2014,2,1.1149291614065324,138.8949544
877,ISL,2015,2,1.1331365311379282,138.8949544
878,ISL,2016,2,1.1523650558704566,138.8949544
879,ISR,1986,2,160.13271569591396,4.270233236
880,ISR,1992,2,0.41884047561404675,4.270233236
881,ISR,1997,2,0.6968235884674088,4.270233236
882,ISR,2001,2,0.790190414196654,4.270233236
883,ISR,2005,2,0.8487725112608386,4.270233236
884,ISR,2007,2,0.8709192757105919,4.270233236
885,ISR,2010,2,0.966572670561855,4.270233236
886,ISR,2012,2,1.017076151593626,4.270233236
887,ISR,2014,2,1.0377565974565375,4.270233236
888,ISR,2016,2,1.0259087963702789,4.270233236
889,ITA,2003,2,0.8491449051241854,0.825394544
890,ITA,2004,2,0.8678833489228465,0.825394544
891,ITA,2005,2,0.8851133672212556,0.825394544
892,ITA,2006,2,0.9036196941684185,0.825394544
893,ITA,2007,2,0.92015358460199,0.825394544
894,ITA,2008,2,0.9509588385635833,0.825394544
895,ITA,2009,2,0.9583265258342641,0.825394544
896,ITA,2010,2,0.9729459532947046,0.825394544
897,ITA,2011,2,1.0,0.825394544
898,ITA,2012,2,1.0304136170864726,0.825394544
899,ITA,2013,2,1.0429845966307203,0.825394544
900,ITA,2014,2,1.0454986886177304,0.825394544
901,ITA,2015,2,1.0459042807112975,0.825394544
902,ITA,2016,2,1.0449209574200304,0.825394544
903,JAM,1988,2,0.024978681445133166,63.354447199999996
904,JAM,1990,2,0.04028262287232421,63.354447199999996
905,JAM,1993,2,0.1345873431563419,63.354447199999996
906,JAM,1996,2,0.2322885402497335,63.354447199999996
907,JAM,1999,2,0.2928256504603804,63.354447199999996
908,JAM,2002,2,0.3588516707693652,63.354447199999996
909,JAM,2004,2,0.44451303734011627,63.354447199999996
910,JOR,1986,2,0.29562170990594105,0.44600000000000006
911,JOR,1992,2,0.5175181041001782,0.44600000000000006
912,JOR,1997,2,0.621668598381022,0.44600000000000006
913,JOR,2002,2,0.6781780729364073,0.44600000000000006
914,JOR,2006,2,0.7778838005152496,0.44600000000000006
915,JOR,2008,2,0.9213961310782622,0.44600000000000006
916,JOR,2010,2,0.96958174264438,0.44600000000000006
917,JPN,2008,2,1.0238053947022063,116.1032356
918,KAZ,1988,2,1.1433533982417015e-09,83.61161598
919,KAZ,1993,2,0.0034410692251233,83.61161598
920,KAZ,1996,2,0.26152909936371355,83.61161598
921,KAZ,2001,2,0.43694451387355415,83.61161598
922,KAZ,2002,2,0.4624486260739342,83.61161598
923,KAZ,2003,2,0.4922220598757424,83.61161598
924,KAZ,2004,2,0.5260970715798136,83.61161598
925,KAZ,2005,2,0.5666873183582658,83.61161598
926,KAZ,2006,2,0.616112090075236,83.61161598
927,KAZ,2007,2,0.6829407014591978,83.61161598
928,KAZ,2008,2,0.7999961168160228,83.61161598
929,KAZ,2009,2,0.8585244224484896,83.61161598
930,KAZ,2010,2,0.9220592215102503,83.61161598
931,KAZ,2011,2,1.0,83.61161598
932,KAZ,2012,2,1.0519568609213037,83.61161598
933,KAZ,2013,2,1.1144729573168437,83.61161598
934,KAZ,2014,2,1.1908081939965554,83.61161598
935,KAZ,2015,2,1.2703338321208115,83.61161598
936,KAZ,2016,2,1.4527676444106525,83.61161598
937,KAZ,2017,2,1.5608922290524208,83.61161598
938,KEN,1992,2,0.14508566292818081,35.42959486
939,KEN,1994,2,0.27282169566348485,35.42959486
940,KEN,1997,2,0.33576985294432526,35.42959486
941,KEN,2005,2,0.6126802879983081,35.42959486
942,KEN,2015,2,1.3729518046330733,35.42959486
943,KGZ,1988,2,0.020605295466169432,17.53791716
944,KGZ,1993,2,0.08241038891447582,17.53791716
945,KGZ,1998,2,0.25821062239542397,17.53791716
946,KGZ,2000,2,0.41999689686328734,17.53791716
947,KGZ,2001,2,0.4490593355192655,17.53791716
948,KGZ,2002,2,0.45864321365128974,17.53791716
949,KGZ,2003,2,0.47228612411879656,17.53791716
950,KGZ,2004,2,0.4917001558829068,17.53791716
951,KGZ,2005,2,0.5130334031342858,17.53791716
952,KGZ,2006,2,0.5415176667185383,17.53791716
953,KGZ,2007,2,0.5969154925735672,17.53791716
954,KGZ,2008,2,0.743279736850867,17.53791716
955,KGZ,2009,2,0.7940945816969749,17.53791716
956,KGZ,2010,2,0.8573657993124825,17.53791716
957,KGZ,2011,2,1.0,17.53791716
958,KGZ,2012,2,1.0276843751506517,17.53791716
959,KGZ,2013,2,1.0956528809294914,17.53791716
960,KGZ,2014,2,1.1782021391365654,17.53791716
961,KGZ,2015,2,1.2548243669754824,17.53791716
962,KGZ,2016,2,1.2597035654085815,17.53791716
963,KGZ,2017,2,1.2997030237987168,17.53791716
964,KHM,2004,2,0.5188559889793396,1527.56005859375
965,KHM,2007,2,0.669206976890564,1527.56005859375
966,KHM,2008,2,0.9567180275917053,1527.56005859375
967,KHM,2009,2,0.8800899982452393,1527.56005859375
968,KHM,2010,2,0.9288740158081055,1527.56005859375
969,KHM,2011,2,1.0,1527.56005859375
970,KHM,2012,2,1.0143100023269653,1527.56005859375
971,KIR,2006,2,0.7928582983023675,1.065703989
972,KOR,2006,2,0.8467563621407338,912.0213933
973,KOR,2008,2,0.9087991705975177,912.0213933
974,KOR,2010,2,0.9612995380376029,912.0213933
975,KOR,2012,2,1.02187221944666,912.0213933
976,XKX,2003,2,0.8232638763266146,0.3480566
977,XKX,2005,2,0.803434607317938,0.3480566
978,XKX,2006,2,0.8084291345693403,0.3480566
979,XKX,2009,2,0.9003147319113736,0.3480566
980,XKX,2010,2,0.9316502424976006,0.3480566
981,XKX,2011,2,1.0,0.3480566
982,XKX,2012,2,1.0247673593175934,0.3480566
983,XKX,2013,2,1.042878357989193,0.3480566
984,XKX,2014,2,1.0473518741720598,0.3480566
985,XKX,2015,2,1.0417282953576918,0.3480566
986,XKX,2016,2,1.0445739540382941,0.3480566
987,XKX,2017,2,1.0601197017599016,0.3480566
988,LAO,1992,2,0.03738719969987869,3325.199951171875
989,LAO,1997,2,0.08570849895477295,3325.199951171875
990,LAO,2002,2,0.4834659993648529,3325.1999511718745
991,LAO,2007,2,0.8249111175537109,3325.1999511718745
992,LAO,2012,2,1.060549020767212,3325.1999511718745
993,LBN,2011,2,1.0313254757056647,892.382
994,LBR,2007,2,49.16356112792614,0.567729761
995,LBR,2014,2,91.19367692523103,0.567729761
996,LBR,2016,2,106.94053486510781,0.567729761
997,LCA,1995,2,0.6777568575117563,2.139053839
998,LCA,2016,2,1.061854787052419,2.139053839
999,LKA,1985,2,0.07553854919864622,42.21893269
1000,LKA,1990,2,0.144025043109673,42.21893269
1001,LKA,1995,2,0.23898911570121492,42.21893269
1002,LKA,2002,2,0.42751079886585097,42.21893269
1003,LKA,2006,2,0.6481154710107109,42.21893269
1004,LKA,2009,2,0.9096336178238124,42.21893269
1005,LKA,2012,2,1.112576871767668,42.21893269
1006,LKA,2016,2,1.2797105718072748,42.21893269
1007,LSO,1986,2,0.11921587798021857,3.864347333
1008,LSO,1994,2,0.3136818263113939,3.864347333
1009,LSO,2002,2,0.6116515149995799,3.864347333
1010,LSO,2010,2,0.9524299491085939,3.864347333
1011,LSO,2017,2,,3.864347333
1012,LTU,1988,2,5.92334775806386e-05,1.785856583
1013,LTU,1993,2,0.2048331337641527,1.785856583
1014,LTU,1996,2,0.6140595932159032,1.785856583
1015,LTU,1998,2,0.7024760181783186,1.785856583
1016,LTU,1999,2,0.7075866645927005,1.785856583
1017,LTU,2000,2,0.7145327417889364,1.785856583
1018,LTU,2001,2,0.7243012398297931,1.785856583
1019,LTU,2002,2,0.7263399153918503,1.785856583
1020,LTU,2003,2,0.7181009552138331,1.785856583
1021,LTU,2004,2,0.7264605874008604,1.785856583
1022,LTU,2005,2,0.7457733841215711,1.785856583
1023,LTU,2006,2,0.7736588756900267,1.785856583
1024,LTU,2007,2,0.8180449273539119,1.785856583
1025,LTU,2008,2,0.9074234679728649,1.785856583
1026,LTU,2009,2,0.9478315928697862,1.785856583
1027,LTU,2010,2,0.9603352498471084,1.785856583
1028,LTU,2011,2,1.0,1.785856583
1029,LTU,2012,2,1.0308998006896988,1.785856583
1030,LTU,2013,2,1.0416981504358662,1.785856583
1031,LTU,2014,2,1.0427792895767005,1.785856583
1032,LTU,2015,2,0.299339668298927,1.785856583
1033,LTU,2016,2,0.3020502657959191,1.785856583
1034,LUX,2003,2,0.8278632266127697,0.989305593
1035,LUX,2004,2,0.8462888194805391,0.989305593
1036,LUX,2005,2,0.8673419286725302,0.989305593
1037,LUX,2006,2,0.8904679677842625,0.989305593
1038,LUX,2007,2,0.9110596717117035,0.989305593
1039,LUX,2008,2,0.9420528402725493,0.989305593
1040,LUX,2009,2,0.9455200197428922,0.989305593
1041,LUX,2010,2,0.9670180817891368,0.989305593
1042,LUX,2011,2,1.0,0.989305593
1043,LUX,2012,2,1.0266284105090324,0.989305593
1044,LUX,2013,2,1.0444305824485245,0.989305593
1045,LUX,2014,2,1.0509952417120982,0.989305593
1046,LUX,2015,2,1.0559848224670574,0.989305593
1047,LUX,2016,2,1.0590559636482888,0.989305593
1048,LVA,1988,2,0.0008981761197402632,0.40318037
1049,LVA,1993,2,0.23796379568220394,0.40318037
1050,LVA,1995,2,0.40423664158128886,0.40318037
1051,LVA,1996,2,0.475424597266639,0.40318037
1052,LVA,1997,2,0.5155855436820879,0.40318037
1053,LVA,1998,2,0.539530431142915,0.40318037
1054,LVA,2002,2,0.592314584979431,0.40318037
1055,LVA,2003,2,0.609744306338537,0.40318037
1056,LVA,2004,2,0.6475020140597121,0.40318037
1057,LVA,2005,2,0.6911983927580546,0.40318037
1058,LVA,2006,2,0.7363764878292752,0.40318037
1059,LVA,2007,2,0.8106987816811904,0.40318037
1060,LVA,2008,2,0.9355652207030061,0.40318037
1061,LVA,2009,2,0.9686290600179926,0.40318037
1062,LVA,2010,2,0.958122981874157,0.40318037
1063,LVA,2011,2,1.0,0.40318037
1064,LVA,2012,2,1.022577863391306,0.40318037
1065,LVA,2013,2,1.0222766955838931,0.40318037
1066,LVA,2014,2,1.4635942023381627,0.40318037
1067,LVA,2015,2,1.4661443313215434,0.40318037
1068,LVA,2016,2,1.468206235105153,0.40318037
1069,MAR,1984,2,0.4312476563232399,4.193142669
1070,MAR,1990,2,0.5863080702619172,4.193142669
1071,MAR,1998,2,0.8106050239357439,4.193142669
1072,MAR,2000,2,0.8330449615485802,4.193142669
1073,MAR,2006,2,0.9350987292735827,4.193142669
1074,MAR,2013,2,1.0341203047082197,4.193142669
1075,MDA,1988,2,4.4480662031640814e-07,5.45133013
1076,MDA,1992,2,0.0027710793423993837,5.45133013
1077,MDA,1997,2,0.18877699005361967,5.45133013
1078,MDA,1998,2,0.20330482586944484,5.45133013
1079,MDA,1999,2,0.28311412934934954,5.45133013
1080,MDA,2000,2,0.3717268979622287,5.45133013
1081,MDA,2001,2,0.4080247638238576,5.45133013
1082,MDA,2002,2,0.4296551353286834,5.45133013
1083,MDA,2003,2,0.48012279041059297,5.45133013
1084,MDA,2004,2,0.5402546748327622,5.45133013
1085,MDA,2005,2,0.6048647719203335,5.45133013
1086,MDA,2006,2,0.6821528889250369,5.45133013
1087,MDA,2007,2,0.7665158578775175,5.45133013
1088,MDA,2008,2,0.8644999359890974,5.45133013
1089,MDA,2009,2,0.8639577384930395,5.45133013
1090,MDA,2010,2,0.9286150555768375,5.45133013
1091,MDA,2011,2,1.0,5.45133013
1092,MDA,2012,2,1.0454633981974784,5.45133013
1093,MDA,2013,2,1.0935325041837343,5.45133013
1094,MDA,2014,2,1.1491800476139096,5.45133013
1095,MDA,2015,2,1.2603774354873185,5.45133013
1096,MDA,2016,2,1.3405287208453718,5.45133013
1097,MDA,2017,2,1.428604605540163,5.45133013
1098,MDG,1980,2,0.015077763896143969,704.9133774
1099,MDG,1993,2,0.11689727284751081,704.9133774
1100,MDG,1997,2,0.27128780183770196,704.9133774
1101,MDG,1999,2,0.31154422242192664,704.9133774
1102,MDG,2001,2,0.3720909602277225,704.9133774
1103,MDG,2005,2,0.5747259460842631,704.9133774
1104,MDG,2010,2,0.9133876177553099,704.9133774
1105,MDG,2012,2,1.0571384330808657,704.9133774
1106,MDV,2002,2,0.665764679174504,10.67604588
1107,MDV,2009,2,0.8726541463050407,10.67604588
1108,MEX,1984,2,5.365088379977545,8.940212315
1109,MEX,1989,2,90.99708093660534,8.940212315
1110,MEX,1992,2,162.5088412026437,8.940212315
1111,MEX,1994,2,0.1901439033432289,8.940212315
1112,MEX,1996,2,0.3515618070925373,8.940212315
1113,MEX,1998,2,0.48390183418744126,8.940212315
1114,MEX,2000,2,0.6154855429730111,8.940212315
1115,MEX,2002,2,0.6864772339497682,8.940212315
1116,MEX,2004,2,0.7486515787422794,8.940212315
1117,MEX,2005,2,0.7782167609926126,8.940212315
1118,MEX,2006,2,0.8051886448769382,8.940212315
1119,MEX,2008,2,0.8843363481391692,8.940212315
1120,MEX,2010,2,0.9634363615863882,8.940212315
1121,MEX,2012,2,1.04193735406992,8.940212315
1122,MEX,2014,2,1.1226862231101757,8.940212315
1123,MEX,2016,2,1.183146501098513,8.940212315
1124,MKD,1998,2,0.730714962709461,22.93599046
1125,MKD,2000,2,0.7690308336791737,22.93599046
1126,MKD,2002,2,0.8277372559696731,22.93599046
1127,MKD,2003,2,0.8348190513785002,22.93599046
1128,MKD,2004,2,0.8310736232987376,22.93599046
1129,MKD,2005,2,0.8354410498741317,22.93599046
1130,MKD,2006,2,0.862289048450239,22.93599046
1131,MKD,2008,2,0.9551684543157487,22.93599046
1132,MKD,2009,2,0.9481037673533249,22.93599046
1133,MKD,2010,2,0.9481037673533249,22.93599046
1134,MKD,2011,2,0.9624198656524368,22.93599046
1135,MKD,2012,2,1.0,22.93599046
1136,MKD,2013,2,1.0331605747380646,22.93599046
1137,MKD,2014,2,1.0619277298104912,22.93599046
1138,MKD,2015,2,1.0589435174554616,22.93599046
1139,MKD,2016,2,1.0557531226218893,22.93599046
1140,MLI,1994,2,0.6020352174553364,221.86831429999998
1141,MLI,2001,2,0.7836060522570405,221.86831429999998
1142,MLI,2006,2,0.8466409013026098,221.86831429999998
1143,MLI,2009,2,0.9700973411442602,221.86831429999998
1144,MLT,2006,2,0.3811396426633226,0.628590473
1145,MLT,2007,2,0.38590090397852217,0.628590473
1146,MLT,2008,2,0.9371883235113405,0.628590473
1147,MLT,2009,2,0.9567224459829912,0.628590473
1148,MLT,2010,2,0.9712228403347943,0.628590473
1149,MLT,2011,2,1.0,0.628590473
1150,MLT,2012,2,1.0237582512298116,0.628590473
1151,MLT,2013,2,1.035841480948851,0.628590473
1152,MLT,2014,2,1.0390557964083607,0.628590473
1153,MLT,2015,2,1.0504911095230995,0.628590473
1154,MLT,2016,2,1.057242587267935,0.628590473
1155,MMR,2015,2,1.1660932665428703,320.604
1156,MNE,2005,2,0.794638663299462,0.44934114299999994
1157,MNE,2006,2,0.8178779367874002,0.44934114299999994
1158,MNE,2007,2,0.8534321202747877,0.44934114299999994
1159,MNE,2008,2,0.928181867996242,0.44934114299999994
1160,MNE,2009,2,0.9603593576331491,0.44934114299999994
1161,MNE,2010,2,0.9666492298304565,0.44934114299999994
1162,MNE,2011,2,1.0,0.44934114299999994
1163,MNE,2012,2,1.0414525196769153,0.44934114299999994
1164,MNE,2013,2,1.0644257787779519,0.44934114299999994
1165,MNE,2014,2,1.0568629167463468,0.44934114299999994
1166,MNG,1995,2,0.14547405989567333,590.33
1167,MNG,1998,2,0.3191064201342111,590.33
1168,MNG,2002,2,0.4108265742546469,590.33
1169,MNG,2007,2,0.6937643843968999,590.33
1170,MNG,2010,2,0.92243117534743,590.33
1171,MNG,2011,2,1.0,590.33
1172,MNG,2012,2,1.143176066390385,590.33
1173,MNG,2014,2,1.4174905398937478,590.33
1174,MNG,2016,2,1.5267060757707904,590.33
1175,MOZ,1996,2,0.26859306211952944,15.527265069999999
1176,MOZ,2002,2,0.45222325757871656,15.527265069999999
1177,MOZ,2008,2,0.7957199850462301,15.527265069999999
1178,MOZ,2014,2,1.0996523806069685,15.527265069999999
1179,MRT,1987,2,0.22967286378352758,112.80671169999998
1180,MRT,1993,2,0.35646326945493007,112.80671169999998
1181,MRT,1995,2,0.4060206477277728,112.80671169999998
1182,MRT,2000,2,0.502827284023546,112.80671169999998
1183,MRT,2004,2,0.634868378071653,112.80671169999998
1184,MRT,2008,2,0.8707296298571587,112.80671169999998
1185,MRT,2014,2,1.1309468885690592,112.80671169999998
1186,MUS,2006,2,0.7778569523416079,18.28541998
1187,MUS,2012,2,1.0385215965832113,18.28541998
1188,MUS,2017,2,1.1768180410476463,18.28541998
1189,MWI,1997,2,0.12014490365982056,78.01699829101562
1190,MWI,2004,2,0.41756030917167664,78.01699829101562
1191,MWI,2010,2,0.9557955265045166,78.01699829101562
1192,MWI,2016,2,3.5498249530792236,78.01699829101562
1193,MYS,1984,2,0.5015481816399034,1.586086279
1194,MYS,1987,2,0.5114394920642057,1.586086279
1195,MYS,1989,2,0.5361342703443926,1.586086279
1196,MYS,1992,2,0.6015183146342264,1.586086279
1197,MYS,1995,2,0.6682807223452528,1.586086279
1198,MYS,1997,2,0.7100078649535128,1.586086279
1199,MYS,2004,2,0.8254100853017655,1.586086279
1200,MYS,2007,2,0.8983737234239849,1.586086279
1201,MYS,2009,2,0.9486335937335931,1.586086279
1202,MYS,2012,2,1.0,1.586086279
1203,MYS,2014,2,1.038036027343654,1.586086279
1204,MYS,2016,2,1.10073409683624,1.586086279
1205,NAM,1993,2,0.2753331758284436,5.130702228
1206,NAM,2003,2,0.6561253139056202,5.130702228
1207,NAM,2009,2,0.9319672668452222,5.130702228
1208,NAM,2015,2,1.249898503214309,5.130702228
1209,NER,1992,2,0.4430341901467329,228.75315539999997
1210,NER,1994,2,0.6244759748560361,228.75315539999997
1211,NER,2005,2,0.8599601982203333,228.75315539999997
1212,NER,2007,2,0.8909390534137103,228.75315539999997
1213,NER,2011,2,1.0,228.75315539999997
1214,NER,2014,2,1.0180679209395425,228.75315539999997
1215,NGA,1985,2,0.008824304463652457,79.53147412
1216,NGA,1992,2,0.03590755442722286,79.53147412
1217,NGA,1996,2,0.19800349311096954,79.53147412
1218,NGA,2003,2,0.4537614058869991,79.53147412
1219,NGA,2009,2,0.8836967511892797,79.53147412
1220,NIC,1993,2,0.206517948057311,9.160075402
1221,NIC,1998,2,0.3409495943797283,9.160075402
1222,NIC,2001,2,0.45160741763826695,9.160075402
1223,NIC,2005,2,0.5915079887779238,9.160075402
1224,NIC,2009,2,0.8738737814456851,9.160075402
1225,NIC,2014,2,1.2325178879215999,9.160075402
1226,NLD,2004,2,0.8905583243359257,0.869139118
1227,NLD,2005,2,0.9055921146553139,0.869139118
1228,NLD,2006,2,0.9155671788585236,0.869139118
1229,NLD,2007,2,0.930343179751319,0.869139118
1230,NLD,2008,2,0.9534761651757795,0.869139118
1231,NLD,2009,2,0.9648203909199973,0.869139118
1232,NLD,2010,2,0.9771248040021324,0.869139118
1233,NLD,2011,2,1.0,0.869139118
1234,NLD,2012,2,1.0245554492905162,0.869139118
1235,NLD,2013,2,1.0502400132875613,0.869139118
1236,NLD,2014,2,1.0604907586068903,0.869139118
1237,NLD,2015,2,1.0668563235455604,0.869139118
1238,NLD,2016,2,1.070234721820384,0.869139118
1239,NOR,2003,2,0.8649155470768563,9.797198586
1240,NOR,2004,2,0.8688465872895889,9.797198586
1241,NOR,2005,2,0.8821585069353818,9.797198586
1242,NOR,2006,2,0.9027070748705465,9.797198586
1243,NOR,2007,2,0.9091396176495247,9.797198586
1244,NOR,2008,2,0.9432681152919324,9.797198586
1245,NOR,2009,2,0.9639953566013975,9.797198586
1246,NOR,2010,2,0.9873135124903009,9.797198586
1247,NOR,2011,2,1.0,9.797198586
1248,NOR,2012,2,1.0069686382279217,9.797198586
1249,NOR,2013,2,1.0283213116734804,9.797198586
1250,NOR,2014,2,1.0493165630443955,9.797198586
1251,NOR,2015,2,1.0720986234843553,9.797198586
1252,NOR,2016,2,1.110158161339496,9.797198586
1253,NPL,1984,2,0.11893105389282932,25.75926734
1254,NPL,1995,2,0.3711170083746775,25.75926734
1255,NPL,2003,2,0.5560319168589869,25.75926734
1256,NPL,2010,2,0.9295744362945482,25.75926734
1257,PAK,1987,2,0.1245857719820944,25.414252039999997
1258,PAK,1990,2,0.16866790384313204,25.414252039999997
1259,PAK,1996,2,0.31616139443614855,25.414252039999997
1260,PAK,1998,2,0.3612572605579531,25.414252039999997
1261,PAK,2001,2,0.40331065422650453,25.414252039999997
1262,PAK,2004,2,0.4737317180164775,25.414252039999997
1263,PAK,2005,2,0.5138446965759105,25.414252039999997
1264,PAK,2007,2,0.6321714168266679,25.414252039999997
1265,PAK,2010,2,0.9467605666447727,25.414252039999997
1266,PAK,2011,2,1.0484117524151868,25.414252039999997
1267,PAK,2013,2,1.223653168843059,25.414252039999997
1268,PAK,2015,2,1.322575703917506,25.414252039999997
1269,PAN,1989,2,0.6475023010512163,0.553408025
1270,PAN,1991,2,0.6621817273691315,0.553408025
1271,PAN,1995,2,0.6930406816955597,0.553408025
1272,PAN,1997,2,0.710398843439241,0.553408025
1273,PAN,1998,2,0.7129704229428308,0.553408025
1274,PAN,1999,2,0.7226138461757425,0.553408025
1275,PAN,2000,2,0.7341859540363469,0.553408025
1276,PAN,2001,2,0.7322572694086544,0.553408025
1277,PAN,2002,2,0.7419006926415663,0.553408025
1278,PAN,2003,2,0.7431788748003917,0.553408025
1279,PAN,2004,2,0.7476334933738559,0.553408025
1280,PAN,2005,2,0.7706490230321474,0.553408025
1281,PAN,2006,2,0.7892099339280741,0.553408025
1282,PAN,2007,2,0.8218771372409134,0.553408025
1283,PAN,2008,2,0.9005753996814351,0.553408025
1284,PAN,2009,2,0.9176514378454738,0.553408025
1285,PAN,2010,2,0.9488337681430745,0.553408025
1286,PAN,2011,2,1.0000618820684897,0.553408025
1287,PAN,2012,2,1.0601992338964354,0.553408025
1288,PAN,2013,2,1.1040029846346635,0.553408025
1289,PAN,2014,2,1.1285911735625087,0.553408025
1290,PAN,2015,2,1.1391321063209678,0.553408025
1291,PAN,2016,2,1.1402316550262,0.553408025
1292,PAN,2017,2,1.1446298483729769,0.553408025
1293,PER,1985,2,0.628148592298954,1.568638991
1294,PER,1994,2,0.4942774382939791,1.568638991
1295,PER,1997,2,0.6789111847499912,1.568638991
1296,PER,1998,2,0.7198026836220115,1.568638991
1297,PER,1999,2,0.7469373759041441,1.568638991
1298,PER,2000,2,0.7768228980998011,1.568638991
1299,PER,2001,2,0.7785577860273399,1.568638991
1300,PER,2002,2,0.7898212724450111,1.568638991
1301,PER,2003,2,0.8014408966825372,1.568638991
1302,PER,2004,2,0.8294379910786049,1.568638991
1303,PER,2005,2,0.8428441445355164,1.568638991
1304,PER,2006,2,0.8597200738475056,1.568638991
1305,PER,2007,2,0.8750229721716773,1.568638991
1306,PER,2008,2,0.9256507601076449,1.568638991
1307,PER,2009,2,0.9528299575127378,1.568638991
1308,PER,2010,2,0.9673922846863555,1.568638991
1309,PER,2011,2,1.0,1.568638991
1310,PER,2012,2,1.0365373774393125,1.568638991
1311,PER,2013,2,1.0657314833963416,1.568638991
1312,PER,2014,2,1.1001124658480381,1.568638991
1313,PER,2015,2,1.1392258263745183,1.568638991
1314,PER,2016,2,1.1801892124600764,1.568638991
1315,PER,2017,2,1.2132759298433937,1.568638991
1316,PHL,1985,2,0.18095646749604316,18.87329292
1317,PHL,1988,2,0.2168842507445184,18.87329292
1318,PHL,1991,2,0.3256811042564681,18.87329292
1319,PHL,1994,2,0.41684344029704384,18.87329292
1320,PHL,1997,2,0.5053707102584271,18.87329292
1321,PHL,2000,2,0.6077563747062799,18.87329292
1322,PHL,2003,2,0.6729651167026528,18.87329292
1323,PHL,2006,2,0.7928118824519229,18.87329292
1324,PHL,2009,2,0.9201242316212009,18.87329292
1325,PHL,2012,2,1.0302696731637957,18.87329292
1326,PHL,2015,2,1.1022846856382487,18.87329292
1327,PNG,1996,2,0.3229091534957368,2.137886285
1328,PNG,2009,2,0.939556639759253,2.137886285
1329,POL,1985,2,0.0014198701219289096,1.9363257809999999
1330,POL,1987,2,0.002091393674184285,1.9363257809999999
1331,POL,1989,2,0.010031279031699569,1.9363257809999999
1332,POL,1993,2,0.2369813744069967,1.9363257809999999
1333,POL,1996,2,0.4830821012895756,1.9363257809999999
1334,POL,1998,2,0.6195074576953724,1.9363257809999999
1335,POL,1999,2,0.6638275114586126,1.9363257809999999
1336,POL,2000,2,0.7295476125179291,1.9363257809999999
1337,POL,2001,2,0.7690039725922824,1.9363257809999999
1338,POL,2002,2,0.7836556558736903,1.9363257809999999
1339,POL,2003,2,0.7890057042932498,1.9363257809999999
1340,POL,2004,2,0.8156949782208961,1.9363257809999999
1341,POL,2005,2,0.8335081502293772,1.9363257809999999
1342,POL,2006,2,0.8442161517052023,1.9363257809999999
1343,POL,2007,2,0.8649732153580943,1.9363257809999999
1344,POL,2008,2,0.9009991094841223,1.9363257809999999
1345,POL,2009,2,0.9351955925502313,1.9363257809999999
1346,POL,2010,2,0.9593301318090851,1.9363257809999999
1347,POL,2011,2,1.0,1.9363257809999999
1348,POL,2012,2,1.0356037279730528,1.9363257809999999
1349,POL,2013,2,1.0458766816657148,1.9363257809999999
1350,POL,2014,2,1.0464395942667084,1.9363257809999999
1351,POL,2015,2,1.037292392584953,1.9363257809999999
1352,POL,2016,2,1.0303968413071722,1.9363257809999999
1353,PRT,2003,2,0.8455959135012958,0.703862901
1354,PRT,2004,2,0.8655973752994532,0.703862901
1355,PRT,2005,2,0.8853083911998573,0.703862901
1356,PRT,2006,2,0.9128208163001831,0.703862901
1357,PRT,2007,2,0.9352211433425582,0.703862901
1358,PRT,2008,2,0.9594294335340766,0.703862901
1359,PRT,2009,2,0.9514130973140232,0.703862901
1360,PRT,2010,2,0.9647573418738853,0.703862901
1361,PRT,2011,2,1.0,0.703862901
1362,PRT,2012,2,1.0277333877422556,0.703862901
1363,PRT,2013,2,1.0305537160403346,0.703862901
1364,PRT,2014,2,1.0276871637118987,0.703862901
1365,PRT,2015,2,1.0327016613490632,0.703862901
1366,PRT,2016,2,1.0389742181054373,0.703862901
1367,PRY,1990,2,0.12478138182183483,2309.429954
1368,PRY,1995,2,0.2919709815215797,2309.429954
1369,PRY,1997,2,0.3528782574038451,2309.429954
1370,PRY,1999,2,0.40645571785042306,2309.429954
1371,PRY,2001,2,0.46544328016619974,2309.429954
1372,PRY,2002,2,0.54750051639133,2309.429954
1373,PRY,2003,2,0.5826911325420433,2309.429954
1374,PRY,2004,2,0.6154265894264278,2309.429954
1375,PRY,2005,2,0.6907181402605126,2309.429954
1376,PRY,2006,2,0.7725567824714737,2309.429954
1377,PRY,2007,2,0.826570286330708,2309.429954
1378,PRY,2008,2,0.8715815395467362,2309.429954
1379,PRY,2009,2,0.892041200099477,2309.429954
1380,PRY,2010,2,0.9427811582702743,2309.429954
1381,PRY,2011,2,1.0008865942400516,2309.429954
1382,PRY,2012,2,1.0344404375465506,2309.429954
1383,PRY,2013,2,1.0794516907625806,2309.429954
1384,PRY,2014,2,1.1170974661796245,2309.429954
1385,PRY,2015,2,1.1531064687524428,2309.429954
1386,PRY,2016,2,1.1948441762800315,2309.429954
1387,PRY,2017,2,1.2537679986719215,2309.429954
1388,PSE,2004,2,0.7534968377359016,2.5228
1389,PSE,2005,2,0.784444843590996,2.5228
1390,PSE,2006,2,0.8145859125624819,2.5228
1391,PSE,2007,2,0.8297351309957947,2.5228
1392,PSE,2009,2,0.9369061531143641,2.5228
1393,PSE,2010,2,0.9720322691694044,2.5228
1394,PSE,2011,2,1.0,2.5228
1395,PSE,2016,2,1.0782121961453617,2.5228
1396,ROU,1989,2,2.103663110350913,2.000515586
1397,ROU,1992,2,22.745803469837643,2.000515586
1398,ROU,1994,2,191.2673872128599,2.000515586
1399,ROU,1998,2,0.1423282467218938,2.000515586
1400,ROU,1999,2,0.2075199684350414,2.000515586
1401,ROU,2000,2,0.3023201376834531,2.000515586
1402,ROU,2001,2,0.40655108474255286,2.000515586
1403,ROU,2002,2,0.4981872577754709,2.000515586
1404,ROU,2003,2,0.5742778257247634,2.000515586
1405,ROU,2004,2,0.6424696536689107,2.000515586
1406,ROU,2005,2,0.700387761179154,2.000515586
1407,ROU,2006,2,0.7463227522786117,2.000515586
1408,ROU,2007,2,0.7824248491400806,2.000515586
1409,ROU,2008,2,0.8438514643975783,2.000515586
1410,ROU,2009,2,0.8910010082930135,2.000515586
1411,ROU,2010,2,0.9452756016529342,2.000515586
1412,ROU,2011,2,1.0,2.000515586
1413,ROU,2012,2,1.0333492499536097,2.000515586
1414,ROU,2013,2,1.0745251932261115,2.000515586
1415,ROU,2014,2,1.0860044876647637,2.000515586
1416,ROU,2015,2,1.0795519460574416,2.000515586
1417,ROU,2016,2,1.0628750493382775,2.000515586
1418,RUS,1988,2,5.477659821904766e-05,16.76912892
1419,RUS,1993,2,0.004815127043047569,16.76912892
1420,RUS,1996,2,0.08627158852891288,16.76912892
1421,RUS,1997,2,0.09900641882310694,16.76912892
1422,RUS,1998,2,0.1264170146161655,16.76912892
1423,RUS,1999,2,0.23481518532826764,16.76912892
1424,RUS,2000,2,0.2836538289031934,16.76912892
1425,RUS,2001,2,0.3445741653239886,16.76912892
1426,RUS,2002,2,0.3989780778272276,16.76912892
1427,RUS,2003,2,0.4534916043603307,16.76912892
1428,RUS,2004,2,0.5028705789682196,16.76912892
1429,RUS,2005,2,0.5666612305237222,16.76912892
1430,RUS,2006,2,0.6214497771099311,16.76912892
1431,RUS,2007,2,0.6774256096787922,16.76912892
1432,RUS,2008,2,0.7730155164358077,16.76912892
1433,RUS,2009,2,0.8630512000942202,16.76912892
1434,RUS,2010,2,0.9221649629236525,16.76912892
1435,RUS,2011,2,1.0,16.76912892
1436,RUS,2012,2,1.0507474262689107,16.76912892
1437,RUS,2013,2,1.121721877405502,16.76912892
1438,RUS,2014,2,1.20944250993896,16.76912892
1439,RUS,2015,2,1.3973220828157213,16.76912892
1440,RWA,1984,2,0.10609657877581136,246.8343677
1441,RWA,2000,2,0.4591308403481525,246.8343677
1442,RWA,2005,2,0.6701787013234625,246.8343677
1443,RWA,2010,2,0.9424116222954219,246.8343677
1444,RWA,2013,2,1.159783052350653,246.8343677
1445,RWA,2016,2,1.3894406314706014,246.8343677
1446,SDN,2009,2,0.7231371380302246,1.485529577
1447,SDN,2014,2,2.634312777736026,1.485529577
1448,SEN,1991,2,0.5139520132708953,246.107411
1449,SEN,1994,2,0.6929080764875267,246.107411
1450,SEN,2001,2,0.8054827809794657,246.107411
1451,SEN,2005,2,0.8565271490241313,246.107411
1452,SEN,2011,2,1.0041128560285235,246.107411
1453,SLB,2005,2,0.6106733018470457,7.131074061
1454,SLB,2013,2,1.1162210859183095,7.131074061
1455,SLE,1989,2,0.020092987700447696,1767.189739
1456,SLE,2003,2,0.41692360055105326,1767.189739
1457,SLE,2011,2,1.0,1767.189739
1458,SLV,1989,2,2.165246947666592,0.530773513
1459,SLV,1991,2,3.1782379730815893,0.530773513
1460,SLV,1995,2,4.925788127878469,0.530773513
1461,SLV,1996,2,5.407969239428721,0.530773513
1462,SLV,1998,2,5.7947236567650195,0.530773513
1463,SLV,1999,2,5.824556742362436,0.530773513
1464,SLV,2000,2,6.055997431543733,0.530773513
1465,SLV,2001,2,6.142279217108442,0.530773513
1466,SLV,2002,2,6.313707501585684,0.530773513
1467,SLV,2003,2,6.472647632889085,0.530773513
1468,SLV,2004,2,0.7794770031241472,0.530773513
1469,SLV,2005,2,0.8126922468904106,0.530773513
1470,SLV,2006,2,0.8523515939394491,0.530773513
1471,SLV,2007,2,0.8937409016013158,0.530773513
1472,SLV,2008,2,0.9450774827869318,0.530773513
1473,SLV,2009,2,0.932059529175415,0.530773513
1474,SLV,2010,2,0.9620023102480313,0.530773513
1475,SLV,2011,2,1.0113068104993979,0.530773513
1476,SLV,2012,2,1.017893289540611,0.530773513
1477,SLV,2013,2,1.0256088792746043,0.530773513
1478,SLV,2014,2,1.038781837357031,0.530773513
1479,SLV,2015,2,1.041510521531243,0.530773513
1480,SLV,2016,2,1.0329677698615711,0.530773513
1481,SLV,2017,2,1.0520584131501187,0.530773513
1482,SRB,2002,2,0.4142444968597174,45.36962047
1483,SRB,2003,2,0.45515600637358367,45.36962047
1484,SRB,2004,2,0.505343172558305,45.36962047
1485,SRB,2005,2,0.5868043806683338,45.36962047
1486,SRB,2006,2,0.6556014515273254,45.36962047
1487,SRB,2007,2,0.6975056156033764,45.36962047
1488,SRB,2008,2,0.7840729193332245,45.36962047
1489,SRB,2009,2,0.8477157377829521,45.36962047
1490,SRB,2010,2,0.89978712845561,45.36962047
1491,SRB,2012,2,1.0733038324086064,45.36962047
1492,SRB,2013,2,1.155886650931101,45.36962047
1493,SRB,2014,2,1.179957357042812,45.36962047
1494,SRB,2015,2,1.1963866824749994,45.36962047
1495,SRB,2016,2,1.2098138800155227,45.36962047
1496,SSD,2009,2,0.6710139012616794,1.543373
1497,SSD,2015,2,2.2528171290061945,1.543373
1498,STP,2000,2,0.20451085234788566,10194.79028
1499,STP,2010,2,0.8747306925683195,10194.79028
1500,SUR,1999,2,154.4113224442886,1.8848170390000003
1501,SVK,1996,2,13.517903641232756,0.567074277
1502,SVK,2004,2,24.49967258572831,0.567074277
1503,SVK,2005,2,25.163389005976033,0.567074277
1504,SVK,2006,2,26.29154789581224,0.567074277
1505,SVK,2007,2,27.01633285311575,0.567074277
1506,SVK,2008,2,28.2585913296976,0.567074277
1507,SVK,2009,2,0.953163331463414,0.567074277
1508,SVK,2010,2,0.962285263046688,0.567074277
1509,SVK,2011,2,1.0,0.567074277
1510,SVK,2012,2,1.0360610294070682,0.567074277
1511,SVK,2013,2,1.050570780555101,0.567074277
1512,SVK,2014,2,1.0497706136939906,0.567074277
1513,SVK,2015,2,1.0463565243699962,0.567074277
1514,SVK,2016,2,1.0409154043977535,0.567074277
1515,SVN,1993,2,76.82611348609133,0.681298956
1516,SVN,1998,2,135.46675451116548,0.681298956
1517,SVN,2002,2,182.4437178782813,0.681298956
1518,SVN,2003,2,192.55870206796519,0.681298956
1519,SVN,2004,2,199.47728968922178,0.681298956
1520,SVN,2005,2,204.367463947061,0.681298956
1521,SVN,2006,2,209.3906627547504,0.681298956
1522,SVN,2007,2,0.9057299271413211,0.681298956
1523,SVN,2008,2,0.9568803634248068,0.681298956
1524,SVN,2009,2,0.9649110881902602,0.681298956
1525,SVN,2010,2,0.9822907822630984,0.681298956
1526,SVN,2011,2,1.0,0.681298956
1527,SVN,2012,2,1.0259741388749266,0.681298956
1528,SVN,2013,2,1.0441257441917613,0.681298956
1529,SVN,2014,2,1.0462071316655004,0.681298956
1530,SVN,2015,2,1.0407087254373908,0.681298956
1531,SVN,2016,2,1.040136386974245,0.681298956
1532,SWE,2003,2,0.8929959740129249,9.105001516
1533,SWE,2004,2,0.8963327594061469,9.105001516
1534,SWE,2005,2,0.9003946848552877,9.105001516
1535,SWE,2006,2,0.9126419639869335,9.105001516
1536,SWE,2007,2,0.932831179155091,9.105001516
1537,SWE,2008,2,0.9648930251693104,9.105001516
1538,SWE,2009,2,0.9601220393078373,9.105001516
1539,SWE,2010,2,0.9712401125011894,9.105001516
1540,SWE,2011,2,1.0,9.105001516
1541,SWE,2012,2,1.0088837437322735,9.105001516
1542,SWE,2013,2,1.008436922299902,9.105001516
1543,SWE,2014,2,1.0066253318556857,9.105001516
1544,SWE,2015,2,1.0061544280078047,9.105001516
1545,SWE,2016,2,1.01605771006313,9.105001516
1546,SWZ,1994,2,0.31720604554550974,4.049068841
1547,SWZ,2000,2,0.5001595325941612,4.049068841
1548,SWZ,2001,2,0.5024138552445628,4.049068841
1549,SWZ,2009,2,0.9119428926427209,4.049068841
1550,SWZ,2016,2,1.3909142298900783,4.049068841
1551,SYC,1999,2,0.44879587340232074,7.895128359000001
1552,SYC,2006,2,0.5376907745408511,7.895128359000001
1553,SYC,2013,2,1.117578247976143,7.895128359000001
1554,SYR,2004,2,0.626097843972782,22.88657
1555,TCD,2003,2,0.8708306530886442,251.2961585
1556,TCD,2011,2,1.0,251.2961585
1557,TGO,2006,2,0.8363724276497843,232.2149943
1558,TGO,2011,2,1.0,232.2149943
1559,TGO,2015,2,1.0651192824446172,232.2149943
1560,THA,1981,2,0.351498145067632,12.84437926
1561,THA,1988,2,0.4297481939783452,12.84437926
1562,THA,1990,2,0.47931323038099793,12.84437926
1563,THA,1992,2,0.5276535880913915,12.84437926
1564,THA,1994,2,0.5726472918016825,12.84437926
1565,THA,1996,2,0.6411418398924156,12.84437926
1566,THA,1998,2,0.7313524506729394,12.84437926
1567,THA,1999,2,0.7334347755979417,12.84437926
1568,THA,2000,2,0.7451108027927392,12.84437926
1569,THA,2002,2,0.7625133153996502,12.84437926
1570,THA,2004,2,0.7976902237222324,12.84437926
1571,THA,2006,2,0.8725806468208478,12.84437926
1572,THA,2007,2,0.892139860974513,12.84437926
1573,THA,2008,2,0.9409264416680765,12.84437926
1574,THA,2009,2,0.9327189226619834,12.84437926
1575,THA,2010,2,0.9633095421236995,12.84437926
1576,THA,2011,2,1.0,12.84437926
1577,THA,2012,2,1.0301489898963916,12.84437926
1578,THA,2013,2,1.0526565903492953,12.84437926
1579,THA,2014,2,1.0726059142937314,12.84437926
1580,THA,2015,2,1.0629479041741012,12.84437926
1581,THA,2016,2,1.0649478415566291,12.84437926
1582,THA,2017,2,1.0720364774702777,12.84437926
1583,TJK,1999,2,0.1084814965724945,1.8826700448989868
1584,TJK,2003,2,0.26075759530067444,1.8826700448989868
1585,TJK,2004,2,0.2793808877468109,1.8826700448989868
1586,TJK,2007,2,0.6517351269721985,1.8826700448989868
1587,TJK,2009,2,0.8357768058776855,1.8826700448989868
1588,TJK,2012,2,1.0583120584487915,
1589,TJK,2013,2,1.1113289594650269,
1590,TJK,2014,2,1.17917001247406,
1591,TJK,2015,2,1.2465540170669556,1.8826700448989868
1592,TKM,1998,2,1770.6886623081873,1.527624
1593,TLS,2001,2,0.5630566660291502,0.5613374
1594,TLS,2007,2,0.7516069981073026,0.5613374
1595,TLS,2014,2,1.2509525161274537,0.5613374
1596,TON,2001,2,0.48605263649103464,1.638717379
1597,TON,2009,2,0.9088650970054103,1.638717379
1598,TON,2015,2,1.0339012084036896,1.638717379
1599,TTO,1988,2,0.2310357082247132,4.619226235
1600,TTO,1992,2,0.31602001712759065,4.619226235
1601,TUN,1985,2,0.32547389108951325,0.696533751
1602,TUN,1990,2,0.4601751376741185,0.696533751
1603,TUN,1995,2,0.6095776858988354,0.696533751
1604,TUN,2000,2,0.7146005706128838,0.696533751
1605,TUN,2005,2,0.8217660616857542,0.696533751
1606,TUN,2010,2,0.9798059118949035,0.696533751
1607,TUN,2015,2,1.2430442015357992,0.696533751
1608,TUR,1987,2,0.00015230853814293194,1.164342278
1609,TUR,1994,2,0.006474952705861396,1.164342278
1610,TUR,2002,2,0.4329438424269402,1.164342278
1611,TUR,2003,2,0.5264702788481258,1.164342278
1612,TUR,2004,2,0.5717375795404271,1.164342278
1613,TUR,2005,2,0.6185008873215558,1.164342278
1614,TUR,2006,2,0.67785992629993,1.164342278
1615,TUR,2007,2,0.7372145942361575,1.164342278
1616,TUR,2008,2,0.8142102150251779,1.164342278
1617,TUR,2009,2,0.8651062714996157,1.164342278
1618,TUR,2010,2,0.9392151414046466,1.164342278
1619,TUR,2011,2,1.0,1.164342278
1620,TUR,2012,2,1.088915739348881,1.164342278
1621,TUR,2013,2,1.1705091232248375,1.164342278
1622,TUR,2014,2,1.2741527666332126,1.164342278
1623,TUR,2015,2,1.3718911321013492,1.164342278
1624,TUR,2016,2,1.4785574586388346,1.164342278
1625,TUV,2010,2,0.9950177988948304,1.172770841
1626,TZA,1991,2,0.11670626415552128,585.5203743
1627,TZA,2000,2,0.46663957315025834,585.5203743
1628,TZA,2007,2,0.6756567136502157,585.5203743
1629,TZA,2011,2,1.1232084472220554,585.5203743
1630,UGA,1989,2,0.09534234660410694,946.8904202
1631,UGA,1992,2,0.25466782837736307,946.8904202
1632,UGA,1996,2,0.3952167849322734,946.8904202
1633,UGA,1999,2,0.45388371020063517,946.8904202
1634,UGA,2002,2,0.48255070026668756,946.8904202
1635,UGA,2005,2,0.5858610952171287,946.8904202
1636,UGA,2009,2,0.8382092876429786,946.8904202
1637,UGA,2012,2,1.151662545140758,946.8904202
1638,UGA,2016,2,1.3953627237336663,946.8904202
1639,UKR,1988,2,7.104764546003546e-07,3.311231731
1640,UKR,1992,2,3.890280015215179,3.311231731
1641,UKR,1993,2,1.880917209833192,3.311231731
1642,UKR,1995,2,0.08888179503946755,3.311231731
1643,UKR,1996,2,16.02765425771484,3.311231731
1644,UKR,1999,2,0.2520912054037135,3.311231731
1645,UKR,2002,2,0.36457889354276507,3.311231731
1646,UKR,2003,2,0.3835532760380532,3.311231731
1647,UKR,2004,2,0.4182793493669564,3.311231731
1648,UKR,2005,2,0.4742870887456817,3.311231731
1649,UKR,2006,2,0.5172220469961321,3.311231731
1650,UKR,2007,2,0.5836270146946569,3.311231731
1651,UKR,2008,2,0.7308554581694255,3.311231731
1652,UKR,2009,2,0.846924018865619,3.311231731
1653,UKR,2010,2,0.9263056544348176,3.311231731
1654,UKR,2011,2,1.0,3.311231731
1655,UKR,2012,2,1.0056872900040164,3.311231731
1656,UKR,2013,2,1.0032841758779327,3.311231731
1657,UKR,2014,2,1.1243991772987836,3.311231731
1658,UKR,2015,2,1.6719801514815613,3.311231731
1659,UKR,2016,2,1.9045978391619545,3.311231731
1660,URY,1981,2,0.000231793522864437,16.42385031
1661,URY,1989,2,0.00929355121273777,16.42385031
1662,URY,1992,2,0.05087133239738269,16.42385031
1663,URY,1995,2,0.17808114317573867,16.42385031
1664,URY,1996,2,0.24119811189897686,16.42385031
1665,URY,1997,2,0.29987643095140276,16.42385031
1666,URY,1998,2,0.3453647201309935,16.42385031
1667,URY,2000,2,0.39082152952568466,16.42385031
1668,URY,2001,2,0.4105593546575895,16.42385031
1669,URY,2002,2,0.42529189399049483,16.42385031
1670,URY,2003,2,0.5357859389872852,16.42385031
1671,URY,2004,2,0.5901830072933972,16.42385031
1672,URY,2005,2,0.6349787412052018,16.42385031
1673,URY,2006,2,0.6661122484706791,16.42385031
1674,URY,2007,2,0.7086099580848292,16.42385031
1675,URY,2008,2,0.7688622663822244,16.42385031
1676,URY,2009,2,0.8382751920853361,16.42385031
1677,URY,2010,2,0.8890835649129191,16.42385031
1678,URY,2011,2,0.9507209837458833,16.42385031
1679,URY,2012,2,1.0324829883480293,16.42385031
1680,URY,2013,2,1.109681532228194,16.42385031
1681,URY,2014,2,1.204278270110916,16.42385031
1682,URY,2015,2,1.3037236850107334,16.42385031
1683,URY,2016,2,1.4267469803074477,16.42385031
1684,URY,2017,2,1.5423546519309543,16.42385031
1685,USA,1986,2,0.48727987347657054,1.0
1686,USA,1991,2,0.605459969082109,1.0
1687,USA,1994,2,0.6589559302458535,1.0
1688,USA,1997,2,0.7136002924049701,1.0
1689,USA,2000,2,0.7655402635934364,1.0
1690,USA,2004,2,0.8397085150818278,1.0
1691,USA,2007,2,0.9217710203421736,1.0
1692,USA,2010,2,0.9693976188401813,1.0
1693,USA,2013,2,1.0356447693783009,1.0
1694,USA,2016,2,1.0669869641048049,1.0
1695,UZB,1998,2,0.14189732593751528,635.7095
1696,UZB,2000,2,0.22900311616377697,635.7095
1697,UZB,2002,2,0.37093557265521326,635.7095
1698,UZB,2003,2,0.4172815559155043,635.7095
1699,VEN,1981,2,0.4246339040975238,2.915005297
1700,VEN,1987,2,0.8796094479681786,2.915005297
1701,VEN,1989,2,2.100703330422724,2.915005297
1702,VEN,1992,2,5.920479940697878,2.915005297
1703,VEN,1995,2,23.117814667073603,2.915005297
1704,VEN,1998,2,83.99220882130558,2.915005297
1705,VEN,1999,2,100.81440882788878,2.915005297
1706,VEN,2001,2,128.39962507176182,2.915005297
1707,VEN,2002,2,168.48020039576699,2.915005297
1708,VEN,2003,2,214.11174245908003,2.915005297
1709,VEN,2004,2,255.18896591350241,2.915005297
1710,VEN,2005,2,291.8298753740569,2.915005297
1711,VEN,2006,2,341.34246987456083,2.915005297
1712,VNM,1992,2,0.2586429386845297,7624.973319
1713,VNM,1998,2,0.40917037763013653,7624.973319
1714,VNM,2002,2,0.411653962634408,7624.973319
1715,VNM,2004,2,0.4413873746304175,7624.973319
1716,VNM,2006,2,0.5264864503431348,7624.973319
1717,VNM,2008,2,0.6392683579142052,7624.973319
1718,VNM,2010,2,0.8084924837742525,7624.973319
1719,VNM,2012,2,1.0634297770366692,7624.973319
1720,VNM,2014,2,1.200666285782866,7624.973319
1721,VNM,2016,2,1.2388305886243134,7624.973319
1722,VUT,2010,2,0.9890730285922393,115.82710340000001
1723,WSM,2002,2,0.612341372695902,1.900277793
1724,WSM,2008,2,0.8871463537341286,1.900277793
1725,WSM,2013,2,1.0256718427800613,1.900277793
1726,YEM,1998,2,0.25579019573529943,111.30300000000001
1727,YEM,2005,2,0.5152225385405685,111.30300000000001
1728,YEM,2014,2,1.3182085127821417,111.30300000000001
1729,ZAF,1993,2,0.34894588802503546,5.06753456
1730,ZAF,1996,2,0.44351647015225565,5.06753456
1731,ZAF,2000,2,0.5947628205375026,5.06753456
1732,ZAF,2005,2,0.7275405918106521,5.06753456
1733,ZAF,2006,2,0.7300291634994717,5.06753456
1734,ZAF,2008,2,0.8945915464573508,5.06753456
1735,ZAF,2010,2,0.9992112602270683,5.06753456
1736,ZAF,2011,2,1.0,5.06753456
1737,ZAF,2014,2,1.2425915401199845,5.06753456
1738,ZMB,1991,2,4.027383419263374e-06,2505.340556
1739,ZMB,1993,2,3.031728143628699e-05,2505.340556
1740,ZMB,1996,2,9.048333559619078e-05,2505.340556
1741,ZMB,1998,2,0.00014011310392307794,2505.340556
1742,ZMB,2002,2,0.00039122570361365143,2505.340556
1743,ZMB,2004,2,0.000534192016524266,2505.340556
1744,ZMB,2006,2,0.00064644366266344,2505.340556
1745,ZMB,2010,2,0.000939590021845296,2505.340556
1746,ZMB,2015,2,0.0013534049027112281,2505.340556
1747,ZWE,2011,2,1.0,0.535976308
