children,old,urban,decile,cat1workers,cat2workers,cat3workers,cat4workers,cat5workers,cat6workers,cat7workers,totweight,weight,totY,Y,idh,nbpeople
0.0,1.0,0.0,7.0,0.0,0.0,0.0,0.0,0.0,0.0,0.0,39479.2014465332,39479.2014465332,16.6822442046959,16.6822442046959,100.0,1.0
0.0,0.0,3.0,7.0,0.0,0.0,0.0,0.0,0.0,0.0,3.0,152281.04022216797,50760.346740722656,49.73294118590134,16.577647061967113,200.0,3.0
0.0,0.0,1.0,8.0,0.0,0.0,0.0,0.0,0.0,0.0,1.0,99489.68496704102,99489.68496704102,19.546675957705872,19.546675957705872,300.0,1.0
0.0,0.0,1.0,9.0,0.0,0.0,0.0,0.0,0.0,0.0,1.0,91184.1408996582,91184.1408996582,24.30345695461351,24.30345695461351,400.0,1.0
0.0,2.0,2.0,6.0,0.0,0.0,0.0,0.0,0.0,0.0,0.0,81376.81414794922,40688.40707397461,28.000343026730036,14.000171513365018,500.0,2.0
0.0,2.0,2.0,9.0,0.0,0.0,0.0,0.0,0.0,0.0,0.0,115028.03735351562,57514.01867675781,47.767455285789055,23.883727642894527,600.0,2.0
0.0,1.0,2.0,2.0,0.0,0.0,0.0,0.0,0.0,0.0,1.0,20655.397827148438,10327.698913574219,11.19067386600674,5.59533693300337,700.0,2.0
0.0,0.0,0.0,2.0,0.0,0.0,0.0,0.0,0.0,0.0,4.0,154223.48608398438,38555.871520996094,20.911893566020954,5.227973391505238,800.0,4.0
0.0,2.0,2.0,7.0,0.0,0.0,0.0,0.0,0.0,0.0,0.0,120525.01788330078,60262.50894165039,33.353261192273116,16.676630596136558,900.0,2.0
0.0,0.0,0.0,1.0,0.0,0.0,0.0,0.0,0.0,0.0,3.0,95623.48068237305,31874.493560791016,7.0205556605512855,2.3401852201837614,1000.0,3.0
0.0,0.0,2.0,5.0,0.0,0.0,0.0,0.0,0.0,0.0,2.0,85814.70166015625,42907.350830078125,23.035599152876454,11.517799576438227,1100.0,2.0
0.0,2.0,2.0,8.0,0.0,0.0,0.0,0.0,0.0,0.0,0.0,124855.36590576172,62427.68295288086,39.26299952635421,19.631499763177104,1200.0,2.0
0.0,0.0,0.0,8.0,0.0,0.0,0.0,0.0,0.0,0.0,3.0,68060.2532043457,22686.751068115234,60.01333278893196,20.00444426297732,1300.0,3.0
0.0,0.0,2.0,9.0,0.0,0.0,0.0,0.0,0.0,0.0,2.0,252351.89862060547,126175.94931030273,48.36292829605333,24.181464148026667,1400.0,2.0
0.0,1.0,0.0,5.0,0.0,0.0,0.0,0.0,0.0,0.0,1.0,44345.288513183594,22172.644256591797,23.048756869572507,11.524378434786254,1500.0,2.0
0.0,1.0,1.0,6.0,0.0,0.0,0.0,0.0,0.0,0.0,0.0,130910.73461914062,130910.73461914062,13.975751761162797,13.975751761162797,1600.0,1.0
2.0,0.0,4.0,8.0,0.0,0.0,0.0,0.0,0.0,0.0,2.0,100453.20556640625,25113.301391601562,80.55204574763373,20.13801143690843,1800.0,4.0
0.0,1.0,0.0,6.0,0.0,0.0,0.0,0.0,0.0,0.0,0.0,76004.68252563477,76004.68252563477,13.898443333084927,13.898443333084927,1900.0,1.0
0.0,1.0,0.0,3.0,0.0,0.0,0.0,0.0,0.0,0.0,0.0,164258.8106994629,164258.8106994629,7.61858395012225,7.61858395012225,2000.0,1.0
0.0,1.0,1.0,5.0,0.0,0.0,0.0,0.0,0.0,0.0,0.0,72928.9066772461,72928.9066772461,11.69597044330487,11.69597044330487,2200.0,1.0
0.0,0.0,2.0,7.0,0.0,0.0,0.0,0.0,0.0,0.0,2.0,141390.66387939453,70695.33193969727,33.53093633768992,16.76546816884496,2300.0,2.0
0.0,1.0,3.0,7.0,0.0,0.0,0.0,0.0,0.0,0.0,2.0,27148.263885498047,9049.421295166016,50.85297949678364,16.950993165594543,2400.0,3.0
0.0,1.0,1.0,2.0,0.0,0.0,0.0,0.0,0.0,0.0,0.0,3841.5602416992188,3841.5602416992188,5.830905132198522,5.830905132198522,2500.0,1.0
0.0,0.0,4.0,4.0,0.0,0.0,0.0,0.0,0.0,0.0,4.0,71656.07849121094,17914.019622802734,39.39043125665382,9.847607814163455,2600.0,4.0
0.0,0.0,1.0,11.0,0.0,0.0,0.0,0.0,0.0,0.0,1.0,32314.010955810547,32314.010955810547,62.59421931764245,62.59421931764245,2700.0,1.0
0.0,1.0,1.0,9.0,0.0,0.0,0.0,0.0,0.0,0.0,0.0,96938.29574584961,96938.29574584961,24.35112745947265,24.35112745947265,2800.0,1.0
0.0,1.0,2.0,6.0,0.0,0.0,0.0,0.0,0.0,0.0,1.0,51371.72479248047,25685.862396240234,28.191654522990977,14.095827261495488,2900.0,2.0
0.0,0.0,5.0,4.0,0.0,0.0,0.0,0.0,0.0,0.0,5.0,11635.663757324219,2327.1327514648438,49.43578835278018,9.887157670556036,3000.0,5.0
1.0,0.0,4.0,5.0,0.0,0.0,0.0,0.0,0.0,0.0,3.0,94499.13745117188,23624.78436279297,47.359801750953466,11.839950437738366,3100.0,4.0
0.0,0.0,0.0,5.0,0.0,0.0,0.0,0.0,0.0,0.0,2.0,64066.70690917969,32033.353454589844,23.34940081536199,11.674700407680994,3300.0,2.0
1.0,0.0,3.0,9.0,0.0,0.0,0.0,0.0,0.0,0.0,2.0,161192.87741088867,53730.95913696289,72.18430871508917,24.06143623836306,3500.0,3.0
0.0,0.0,0.0,5.0,0.0,0.0,0.0,0.0,0.0,0.0,1.0,22171.105041503906,22171.105041503906,11.356367072673404,11.356367072673404,3700.0,1.0
0.0,0.0,0.0,9.0,0.0,0.0,0.0,0.0,0.0,0.0,3.0,51702.765563964844,17234.25518798828,71.73554048369047,23.911846827896824,3800.0,3.0
0.0,0.0,0.0,1.0,0.0,0.0,0.0,0.0,0.0,0.0,2.0,100733.8988647461,50366.94943237305,4.072095996545745,2.0360479982728723,4000.0,2.0
0.0,0.0,1.0,10.0,0.0,0.0,0.0,0.0,0.0,0.0,1.0,201796.3233642578,201796.3233642578,34.67003584202497,34.67003584202497,4100.0,1.0
0.0,0.0,2.0,8.0,0.0,0.0,0.0,0.0,0.0,0.0,2.0,164136.7216796875,82068.36083984375,39.36078116707167,19.680390583535836,4300.0,2.0
1.0,0.0,5.0,9.0,0.0,0.0,0.0,0.0,0.0,0.0,4.0,34799.5947265625,6959.9189453125,112.25235801592036,22.45047160318407,4400.0,5.0
0.0,1.0,0.0,6.0,0.0,0.0,0.0,0.0,0.0,0.0,4.0,30032.715454101562,6006.5430908203125,68.68912750847714,13.737825501695431,4600.0,5.0
1.0,0.0,3.0,4.0,0.0,0.0,0.0,0.0,0.0,0.0,2.0,53661.19079589844,17887.063598632812,28.979112478042747,9.659704159347584,4700.0,3.0
0.0,0.0,2.0,10.0,0.0,0.0,0.0,0.0,0.0,0.0,2.0,310848.1780395508,155424.0890197754,68.35455109910764,34.17727554955382,4800.0,2.0
0.0,0.0,3.0,5.0,0.0,0.0,0.0,0.0,0.0,0.0,3.0,62815.4296875,20938.4765625,35.18026612031747,11.726755373439158,4900.0,3.0
0.0,1.0,0.0,5.0,0.0,0.0,0.0,0.0,0.0,0.0,0.0,103807.83575439453,103807.83575439453,11.497686076746445,11.497686076746445,5000.0,1.0
0.0,0.0,0.0,5.0,0.0,0.0,0.0,0.0,0.0,0.0,3.0,63092.88299560547,21030.960998535156,34.79693795873181,11.598979319577266,5100.0,3.0
0.0,2.0,0.0,7.0,0.0,0.0,0.0,0.0,0.0,0.0,3.0,8654.673461914062,1730.9346923828125,80.2653980814334,16.05307961628668,5200.0,5.0
1.0,0.0,0.0,5.0,0.0,0.0,0.0,0.0,0.0,0.0,3.0,44319.50732421875,11079.876831054688,45.87369404072971,11.468423510182427,5300.0,4.0
0.0,2.0,0.0,5.0,0.0,0.0,0.0,0.0,0.0,0.0,0.0,96799.24096679688,48399.62048339844,23.246219827134073,11.623109913567037,5500.0,2.0
0.0,0.0,0.0,6.0,0.0,0.0,0.0,0.0,0.0,0.0,4.0,99635.45263671875,24908.863159179688,55.60541763800596,13.90135440950149,5600.0,4.0
0.0,1.0,0.0,2.0,0.0,0.0,0.0,0.0,0.0,0.0,4.0,16437.06329345703,3287.4126586914062,26.207033426813414,5.241406685362683,5700.0,5.0
0.0,1.0,1.0,7.0,0.0,0.0,0.0,0.0,0.0,0.0,0.0,105846.06549072266,105846.06549072266,16.523573053925706,16.523573053925706,5900.0,1.0
1.0,2.0,0.0,2.0,0.0,0.0,0.0,0.0,0.0,0.0,1.0,3956.60888671875,989.1522216796875,18.827933631347662,4.7069834078369155,6000.0,4.0
0.0,0.0,0.0,10.0,0.0,0.0,0.0,0.0,0.0,0.0,1.0,32483.24774169922,32483.24774169922,33.95056807714403,33.95056807714403,6200.0,1.0
2.0,2.0,0.0,4.0,0.0,0.0,0.0,0.0,0.0,0.0,2.0,11398.91748046875,1899.819580078125,57.6291022406082,9.604850373434699,6300.0,6.0
2.0,4.0,8.0,10.0,0.0,0.0,0.0,0.0,0.0,0.0,2.0,17141.80859375,2142.72607421875,224.20040043218864,28.02505005402358,6600.0,8.0
0.0,0.0,4.0,9.0,0.0,0.0,0.0,0.0,0.0,0.0,4.0,82417.81176757812,20604.45294189453,93.18571790607605,23.296429476519013,7000.0,4.0
1.0,0.0,0.0,2.0,0.0,0.0,0.0,0.0,0.0,0.0,3.0,105525.6494140625,26381.412353515625,22.402526484742335,5.600631621185584,7100.0,4.0
0.0,0.0,2.0,11.0,0.0,0.0,0.0,0.0,0.0,0.0,2.0,76660.42578125,38330.212890625,126.51914180468869,63.25957090234434,7200.0,2.0
0.0,1.0,0.0,1.0,0.0,0.0,0.0,0.0,0.0,0.0,0.0,15630.950073242188,15630.950073242188,2.0878522810499174,2.0878522810499174,7300.0,1.0
0.0,1.0,4.0,8.0,0.0,0.0,0.0,0.0,0.0,0.0,3.0,28515.110229492188,7128.777557373047,80.31480722113405,20.07870180528351,7600.0,4.0
0.0,0.0,0.0,9.0,0.0,0.0,0.0,0.0,0.0,0.0,1.0,32143.513153076172,32143.513153076172,24.181058234574166,24.181058234574166,7700.0,1.0
1.0,0.0,3.0,10.0,0.0,0.0,0.0,0.0,0.0,0.0,2.0,187908.26559448242,62636.08853149414,98.80664026673016,32.93554675557673,8000.0,3.0
0.0,2.0,0.0,4.0,0.0,0.0,0.0,0.0,0.0,0.0,1.0,18261.05731201172,6087.019104003906,28.305583315341856,9.435194438447287,8100.0,3.0
0.0,1.0,6.0,7.0,0.0,0.0,0.0,0.0,0.0,0.0,5.0,3919.320556640625,653.2200927734375,108.0237761797653,18.00396269662755,8300.0,6.0
0.0,0.0,2.0,6.0,0.0,0.0,0.0,0.0,0.0,0.0,2.0,100971.50927734375,50485.754638671875,28.088391777522286,14.044195888761143,8400.0,2.0
0.0,0.0,0.0,6.0,0.0,0.0,0.0,0.0,0.0,0.0,1.0,21887.312561035156,21887.312561035156,13.957840890658737,13.957840890658737,8600.0,1.0
0.0,0.0,0.0,7.0,0.0,0.0,0.0,0.0,0.0,0.0,2.0,49708.39685058594,24854.19842529297,33.17729588400782,16.58864794200391,8700.0,2.0
0.0,1.0,4.0,10.0,0.0,0.0,0.0,0.0,0.0,0.0,3.0,4778.7747802734375,1194.6936950683594,112.57464550061002,28.143661375152504,8900.0,4.0
1.0,1.0,0.0,1.0,0.0,0.0,0.0,0.0,0.0,0.0,1.0,12545.656494140625,4181.885498046875,10.601519890937558,3.5338399636458524,9000.0,3.0
0.0,1.0,1.0,8.0,0.0,0.0,0.0,0.0,0.0,0.0,0.0,137513.10885620117,137513.10885620117,19.320312508532233,19.320312508532233,9100.0,1.0
0.0,1.0,0.0,4.0,0.0,0.0,0.0,0.0,0.0,0.0,0.0,81475.88244628906,81475.88244628906,9.530757337754764,9.530757337754764,9200.0,1.0
0.0,0.0,0.0,7.0,0.0,0.0,0.0,0.0,0.0,0.0,1.0,35796.48474121094,35796.48474121094,16.477207879553713,16.477207879553713,9300.0,1.0
0.0,0.0,0.0,10.0,0.0,0.0,0.0,0.0,0.0,0.0,2.0,61350.45184326172,30675.22592163086,66.59114556010348,33.29557278005174,9400.0,2.0
1.0,0.0,3.0,5.0,0.0,0.0,0.0,0.0,0.0,0.0,2.0,73307.68029785156,24435.893432617188,35.91614972879192,11.972049909597311,9500.0,3.0
0.0,0.0,1.0,6.0,0.0,0.0,0.0,0.0,0.0,0.0,1.0,30659.2578125,30659.2578125,13.870710090517417,13.870710090517417,9800.0,1.0
0.0,1.0,3.0,10.0,0.0,0.0,0.0,0.0,0.0,0.0,2.0,50948.917053222656,16982.97235107422,99.6637322130207,33.2212440710069,9900.0,3.0
0.0,1.0,4.0,7.0,0.0,0.0,0.0,0.0,0.0,0.0,3.0,7244.912841796875,1811.2282104492188,66.1783938063919,16.544598451597974,10000.0,4.0
0.0,2.0,3.0,9.0,0.0,0.0,0.0,0.0,0.0,0.0,1.0,28259.357849121094,9419.785949707031,71.6390545877385,23.8796848625795,10100.0,3.0
0.0,2.0,2.0,5.0,0.0,0.0,0.0,0.0,0.0,0.0,0.0,56680.077575683594,28340.038787841797,23.407714109576037,11.703857054788019,10400.0,2.0
0.0,1.0,2.0,8.0,0.0,0.0,0.0,0.0,0.0,0.0,1.0,73090.98486328125,36545.492431640625,39.32040298828289,19.660201494141447,10600.0,2.0
0.0,0.0,1.0,7.0,0.0,0.0,0.0,0.0,0.0,0.0,1.0,60217.1555480957,60217.1555480957,16.78351182213141,16.78351182213141,10700.0,1.0
0.0,0.0,3.0,4.0,0.0,0.0,0.0,0.0,0.0,0.0,3.0,64952.46844482422,21650.822814941406,28.230378862396645,9.41012628746555,10800.0,3.0
1.0,0.0,3.0,2.0,0.0,0.0,0.0,0.0,0.0,0.0,2.0,70462.18295288086,23487.394317626953,17.494073605639393,5.831357868546464,11000.0,3.0
1.0,0.0,3.0,1.0,0.0,0.0,0.0,0.0,0.0,0.0,2.0,21286.353149414062,7095.4510498046875,5.623713993634135,1.8745713312113788,11100.0,3.0
2.0,0.0,0.0,2.0,0.0,0.0,0.0,0.0,0.0,0.0,2.0,210694.99731445312,52673.74932861328,20.921552871639587,5.230388217909897,11200.0,4.0
0.0,1.0,2.0,10.0,0.0,0.0,0.0,0.0,0.0,0.0,1.0,60632.615295410156,30316.307647705078,69.50260892752237,34.75130446376119,11300.0,2.0
0.0,0.0,4.0,5.0,0.0,0.0,0.0,0.0,0.0,0.0,4.0,106617.34619140625,26654.336547851562,46.17692688789429,11.544231721973572,11400.0,4.0
0.0,1.0,1.0,10.0,0.0,0.0,0.0,0.0,0.0,0.0,0.0,50435.90383911133,50435.90383911133,32.05217672182144,32.05217672182144,11800.0,1.0
0.0,0.0,2.0,1.0,0.0,0.0,0.0,0.0,0.0,0.0,2.0,46835.03186035156,23417.51593017578,2.025960985309018,1.012980492654509,11900.0,2.0
0.0,1.0,0.0,2.0,0.0,0.0,0.0,0.0,0.0,0.0,1.0,46145.098571777344,23072.549285888672,10.853708888329736,5.426854444164868,12200.0,2.0
0.0,1.0,2.0,9.0,0.0,0.0,0.0,0.0,0.0,0.0,1.0,70658.88104248047,35329.440521240234,47.523063560117976,23.761531780058988,12600.0,2.0
0.0,0.0,0.0,1.0,0.0,0.0,0.0,0.0,0.0,0.0,4.0,98512.17358398438,24628.043395996094,9.265117519701562,2.3162793799253905,12900.0,4.0
0.0,0.0,0.0,2.0,0.0,0.0,0.0,0.0,0.0,0.0,1.0,39041.48648071289,39041.48648071289,5.2992213993905875,5.2992213993905875,13000.0,1.0
0.0,0.0,3.0,8.0,0.0,0.0,0.0,0.0,0.0,0.0,3.0,131817.24517822266,43939.08172607422,59.947162689441726,19.98238756314724,13100.0,3.0
0.0,2.0,0.0,4.0,0.0,0.0,0.0,0.0,0.0,0.0,0.0,86850.5337524414,43425.2668762207,19.07533627085724,9.53766813542862,13900.0,2.0
0.0,2.0,0.0,6.0,0.0,0.0,0.0,0.0,0.0,0.0,0.0,68650.13757324219,34325.068786621094,27.400323012100355,13.700161506050177,14100.0,2.0
0.0,0.0,0.0,1.0,0.0,0.0,0.0,0.0,0.0,0.0,1.0,57141.07781982422,57141.07781982422,1.3750329538207078,1.3750329538207078,14500.0,1.0
0.0,2.0,0.0,8.0,0.0,0.0,0.0,0.0,0.0,0.0,0.0,33668.490478515625,16834.245239257812,39.27119225000055,19.635596125000276,14700.0,2.0
1.0,0.0,0.0,1.0,0.0,0.0,0.0,0.0,0.0,0.0,2.0,37156.33868408203,12385.446228027344,7.088765471638168,2.362921823879389,14800.0,3.0
0.0,0.0,3.0,10.0,0.0,0.0,0.0,0.0,0.0,0.0,3.0,194572.6291809082,64857.543060302734,100.50961910557865,33.503206368526214,15300.0,3.0
0.0,0.0,3.0,9.0,0.0,0.0,0.0,0.0,0.0,0.0,3.0,207692.28771972656,69230.76257324219,71.20636091976294,23.735453639920973,15400.0,3.0
0.0,0.0,4.0,6.0,0.0,0.0,0.0,0.0,0.0,0.0,4.0,113479.00170898438,28369.750427246094,55.377288467560405,13.844322116890101,15500.0,4.0
0.0,0.0,0.0,2.0,0.0,0.0,0.0,0.0,0.0,0.0,3.0,79593.89575195312,26531.298583984375,16.493977533670144,5.497992511223383,15900.0,3.0
0.0,0.0,2.0,4.0,0.0,0.0,0.0,0.0,0.0,0.0,2.0,75340.265625,37670.1328125,19.012866951737156,9.506433475868578,16300.0,2.0
0.0,0.0,0.0,2.0,0.0,0.0,0.0,0.0,0.0,0.0,2.0,64858.38702392578,32429.19351196289,10.47391940249161,5.236959701245805,16600.0,2.0
2.0,0.0,4.0,9.0,0.0,0.0,0.0,0.0,0.0,0.0,2.0,108180.22314453125,27045.055786132812,94.182195377756,23.545548844439,17100.0,4.0
0.0,0.0,2.0,3.0,0.0,0.0,0.0,0.0,0.0,0.0,2.0,40079.30334472656,20039.65167236328,15.239223556727465,7.6196117783637325,17300.0,2.0
1.0,1.0,0.0,8.0,0.0,0.0,0.0,0.0,0.0,0.0,3.0,10480.159912109375,2096.031982421875,94.09414987625532,18.818829975251063,18500.0,5.0
0.0,1.0,0.0,7.0,0.0,0.0,0.0,0.0,0.0,0.0,4.0,14200.798797607422,2840.1597595214844,83.89677863577866,16.779355727155732,18700.0,5.0
1.0,1.0,4.0,5.0,0.0,0.0,0.0,0.0,0.0,0.0,2.0,15078.19189453125,3769.5479736328125,47.44536237426651,11.861340593566627,19000.0,4.0
0.0,0.0,0.0,8.0,0.0,0.0,0.0,0.0,0.0,0.0,2.0,89469.81774902344,44734.90887451172,39.69251478618438,19.84625739309219,19100.0,2.0
0.0,2.0,0.0,3.0,0.0,0.0,0.0,0.0,0.0,0.0,0.0,77231.98797607422,38615.99398803711,15.359212876566877,7.679606438283439,19200.0,2.0
1.0,1.0,5.0,6.0,0.0,0.0,0.0,0.0,0.0,0.0,3.0,14675.708923339844,2935.1417846679688,66.84238584316776,13.368477168633554,19700.0,5.0
0.0,0.0,0.0,4.0,0.0,0.0,0.0,0.0,0.0,0.0,4.0,72483.27697753906,18120.819244384766,38.55940264836965,9.639850662092412,19900.0,4.0
0.0,0.0,3.0,3.0,0.0,0.0,0.0,0.0,0.0,0.0,3.0,73422.66027832031,24474.220092773438,22.201519677475385,7.400506559158463,20700.0,3.0
0.0,0.0,0.0,9.0,0.0,0.0,0.0,0.0,0.0,0.0,4.0,25810.2841796875,6452.571044921875,95.42907219609162,23.857268049022906,20800.0,4.0
0.0,0.0,1.0,1.0,0.0,0.0,0.0,0.0,0.0,0.0,1.0,34685.1572265625,34685.1572265625,1.036339229072747,1.036339229072747,21000.0,1.0
0.0,1.0,2.0,7.0,0.0,0.0,0.0,0.0,0.0,0.0,1.0,52028.08514404297,26014.042572021484,33.206099250092684,16.603049625046342,21100.0,2.0
1.0,0.0,3.0,8.0,0.0,0.0,0.0,0.0,0.0,0.0,2.0,154067.84674072266,51355.94891357422,58.789200911322965,19.596400303774324,21700.0,3.0
0.0,0.0,0.0,5.0,0.0,0.0,0.0,0.0,0.0,0.0,4.0,79101.12365722656,19775.28091430664,46.74795043634557,11.686987609086392,22800.0,4.0
0.0,0.0,3.0,6.0,0.0,0.0,0.0,0.0,0.0,0.0,3.0,85500.52880859375,28500.17626953125,42.6695006391639,14.2231668797213,23100.0,3.0
0.0,1.0,3.0,9.0,0.0,0.0,0.0,0.0,0.0,0.0,2.0,78595.0746459961,26198.35821533203,69.89344955149805,23.297816517166016,23200.0,3.0
1.0,1.0,0.0,7.0,0.0,0.0,0.0,0.0,0.0,0.0,3.0,14283.561096191406,2856.7122192382812,82.7869216038871,16.55738432077742,23500.0,5.0
0.0,0.0,0.0,3.0,0.0,0.0,0.0,0.0,0.0,0.0,3.0,59334.69808959961,19778.232696533203,23.304701811756882,7.768233937252293,23600.0,3.0
0.0,2.0,0.0,7.0,0.0,0.0,0.0,0.0,0.0,0.0,0.0,66001.31341552734,33000.65670776367,32.80615650920541,16.403078254602704,23900.0,2.0
2.0,0.0,0.0,4.0,0.0,0.0,0.0,0.0,0.0,0.0,2.0,140214.19873046875,35053.54968261719,38.371716922418464,9.592929230604616,24500.0,4.0
1.0,0.0,0.0,7.0,0.0,0.0,0.0,0.0,0.0,0.0,2.0,35374.871337890625,11791.623779296875,49.73543805094492,16.578479350314975,25100.0,3.0
1.0,2.0,5.0,9.0,0.0,0.0,0.0,0.0,0.0,0.0,2.0,2887.366943359375,577.473388671875,125.31347841443551,25.062695682887103,25400.0,5.0
0.0,1.0,3.0,6.0,0.0,0.0,0.0,0.0,0.0,0.0,2.0,15208.429962158203,5069.476654052734,41.008752206119055,13.669584068706351,25900.0,3.0
0.0,1.0,0.0,4.0,0.0,0.0,0.0,0.0,0.0,0.0,3.0,18673.798095703125,4668.449523925781,39.323037006866066,9.830759251716517,26100.0,4.0
0.0,0.0,0.0,3.0,0.0,0.0,0.0,0.0,0.0,0.0,1.0,35285.09826660156,35285.09826660156,7.556778058106867,7.556778058106867,26700.0,1.0
0.0,1.0,0.0,4.0,0.0,0.0,0.0,0.0,0.0,0.0,2.0,22389.278045654297,7463.092681884766,28.19975544057275,9.399918480190916,27100.0,3.0
0.0,1.0,0.0,3.0,0.0,0.0,0.0,0.0,0.0,0.0,1.0,55548.87902832031,27774.439514160156,15.016848479897433,7.508424239948717,27800.0,2.0
2.0,0.0,3.0,1.0,0.0,0.0,0.0,0.0,0.0,0.0,1.0,7274.42431640625,2424.80810546875,3.7076078076403647,1.235869269213455,27900.0,3.0
0.0,0.0,0.0,4.0,0.0,0.0,0.0,0.0,0.0,0.0,3.0,68353.38757324219,22784.462524414062,28.15329302553743,9.384431008512477,28000.0,3.0
0.0,0.0,0.0,4.0,0.0,0.0,0.0,0.0,0.0,0.0,1.0,21456.049743652344,21456.049743652344,9.71893841695424,9.71893841695424,28200.0,1.0
0.0,1.0,3.0,2.0,0.0,0.0,0.0,0.0,0.0,0.0,2.0,2553.780303955078,851.2601013183594,13.445799920504161,4.48193330683472,28900.0,3.0
0.0,1.0,1.0,1.0,0.0,0.0,0.0,0.0,0.0,0.0,0.0,7982.183502197266,7982.183502197266,2.350840799464368,2.350840799464368,29100.0,1.0
0.0,1.0,1.0,3.0,0.0,0.0,0.0,0.0,0.0,0.0,0.0,35231.74865722656,35231.74865722656,7.7096014121052105,7.7096014121052105,29200.0,1.0
0.0,2.0,0.0,7.0,0.0,0.0,0.0,0.0,0.0,0.0,1.0,21177.67611694336,7059.225372314453,50.42139601723145,16.807132005743817,29900.0,3.0
0.0,2.0,2.0,11.0,0.0,0.0,0.0,0.0,0.0,0.0,0.0,5421.735290527344,2710.867645263672,127.48799991924217,63.743999959621085,30000.0,2.0
0.0,1.0,0.0,3.0,0.0,0.0,0.0,0.0,0.0,0.0,2.0,20089.763214111328,6696.587738037109,21.817750850943327,7.272583616981109,30400.0,3.0
0.0,1.0,3.0,3.0,0.0,0.0,0.0,0.0,0.0,0.0,2.0,16590.442016601562,5530.1473388671875,22.854855562614272,7.618285187538092,30500.0,3.0
1.0,0.0,0.0,1.0,0.0,0.0,0.0,0.0,0.0,0.0,1.0,5256.112060546875,2628.0560302734375,1.0591348303225332,0.5295674151612666,31600.0,2.0
1.0,0.0,0.0,3.0,0.0,0.0,0.0,0.0,0.0,0.0,4.0,81279.72961425781,16255.945922851562,35.686934648902614,7.137386929780524,32100.0,5.0
0.0,1.0,4.0,6.0,0.0,0.0,0.0,0.0,0.0,0.0,3.0,14812.197509765625,3703.0493774414062,55.72484869947199,13.931212174867998,32300.0,4.0
0.0,1.0,0.0,6.0,0.0,0.0,0.0,0.0,0.0,0.0,1.0,39532.399169921875,19766.199584960938,27.766825668381376,13.883412834190688,32800.0,2.0
0.0,0.0,0.0,4.0,0.0,0.0,0.0,0.0,0.0,0.0,2.0,66174.15490722656,33087.07745361328,19.13852721930118,9.56926360965059,34000.0,2.0
0.0,0.0,0.0,8.0,0.0,0.0,0.0,0.0,0.0,0.0,1.0,41462.032165527344,41462.032165527344,19.526285890756935,19.526285890756935,34300.0,1.0
0.0,1.0,2.0,5.0,0.0,0.0,0.0,0.0,0.0,0.0,1.0,28588.8310546875,14294.41552734375,23.70462181933527,11.852310909667635,34800.0,2.0
0.0,2.0,2.0,3.0,0.0,0.0,0.0,0.0,0.0,0.0,0.0,25445.626586914062,12722.813293457031,15.472538486397974,7.736269243198987,35000.0,2.0
0.0,0.0,0.0,4.0,0.0,0.0,0.0,0.0,0.0,0.0,5.0,35238.81072998047,7047.762145996094,48.61978949920604,9.723957899841208,35300.0,5.0
0.0,1.0,0.0,2.0,0.0,0.0,0.0,0.0,0.0,0.0,0.0,18256.143829345703,18256.143829345703,5.334517770858206,5.334517770858206,35900.0,1.0
0.0,1.0,0.0,8.0,0.0,0.0,0.0,0.0,0.0,0.0,3.0,21831.283447265625,5457.820861816406,79.62884359049939,19.907210897624847,36300.0,4.0
0.0,0.0,0.0,7.0,0.0,0.0,0.0,0.0,0.0,0.0,4.0,34310.92565917969,8577.731414794922,64.68162960685594,16.170407401713984,36800.0,4.0
0.0,1.0,1.0,4.0,0.0,0.0,0.0,0.0,0.0,0.0,0.0,40563.871002197266,40563.871002197266,9.848940732227403,9.848940732227403,37200.0,1.0
0.0,0.0,0.0,3.0,0.0,0.0,0.0,0.0,0.0,0.0,4.0,30567.124145507812,7641.781036376953,29.797538561739366,7.449384640434841,37400.0,4.0
2.0,0.0,4.0,10.0,0.0,0.0,0.0,0.0,0.0,0.0,2.0,70858.16772460938,17714.541931152344,130.90682485338505,32.72670621334626,38700.0,4.0
1.0,2.0,0.0,3.0,0.0,0.0,0.0,0.0,0.0,0.0,2.0,11881.045532226562,2376.2091064453125,37.2762582294336,7.455251645886719,38900.0,5.0
0.0,1.0,0.0,10.0,0.0,0.0,0.0,0.0,0.0,0.0,3.0,12735.165405273438,3183.7913513183594,126.82899960000923,31.707249900002306,39100.0,4.0
0.0,0.0,0.0,7.0,0.0,0.0,0.0,0.0,0.0,0.0,3.0,89525.98443603516,29841.99481201172,50.13959291505175,16.713197638350582,39600.0,3.0
0.0,0.0,0.0,6.0,0.0,0.0,0.0,0.0,0.0,0.0,3.0,64016.340911865234,21338.780303955078,41.85757696712252,13.952525655707511,40600.0,3.0
0.0,0.0,0.0,3.0,0.0,0.0,0.0,0.0,0.0,0.0,2.0,51066.33380126953,25533.166900634766,15.110676870212602,7.555338435106301,40700.0,2.0
1.0,0.0,2.0,5.0,0.0,0.0,0.0,0.0,0.0,0.0,1.0,3283.23193359375,1641.615966796875,24.857247197225004,12.428623598612502,41400.0,2.0
1.0,0.0,0.0,4.0,0.0,0.0,0.0,0.0,0.0,0.0,1.0,7871.7579345703125,3935.8789672851562,19.082227578860966,9.541113789430483,41500.0,2.0
1.0,0.0,4.0,4.0,0.0,0.0,0.0,0.0,0.0,0.0,3.0,125679.83374023438,31419.958435058594,38.85823520265989,9.714558800664973,41800.0,4.0
0.0,0.0,2.0,2.0,0.0,0.0,0.0,0.0,0.0,0.0,2.0,19353.467651367188,9676.733825683594,10.322220849391528,5.161110424695764,42500.0,2.0
0.0,0.0,5.0,7.0,0.0,0.0,0.0,0.0,0.0,0.0,5.0,27998.255615234375,5599.651123046875,82.19245905374274,16.43849181074854,42800.0,5.0
0.0,0.0,4.0,3.0,0.0,0.0,0.0,0.0,0.0,0.0,4.0,49679.31689453125,12419.829223632812,31.31000543452766,7.827501358631915,43900.0,4.0
0.0,1.0,0.0,5.0,0.0,0.0,0.0,0.0,0.0,0.0,4.0,26906.25473022461,5381.250946044922,57.99214671780045,11.59842934356009,44500.0,5.0
0.0,1.0,0.0,7.0,0.0,0.0,0.0,0.0,0.0,0.0,1.0,44030.392028808594,22015.196014404297,33.61932182325876,16.80966091162938,44600.0,2.0
0.0,0.0,0.0,6.0,0.0,0.0,0.0,0.0,0.0,0.0,2.0,65625.29583740234,32812.64791870117,27.715887627763657,13.857943813881828,45300.0,2.0
0.0,2.0,5.0,10.0,0.0,0.0,0.0,0.0,0.0,0.0,3.0,6285.555114746094,1257.1110229492188,156.04106675432124,31.208213350864245,45400.0,5.0
0.0,2.0,2.0,4.0,0.0,0.0,0.0,0.0,0.0,0.0,0.0,21461.742431640625,10730.871215820312,18.423928665909095,9.211964332954548,45900.0,2.0
0.0,1.0,0.0,8.0,0.0,0.0,0.0,0.0,0.0,0.0,1.0,23320.139038085938,11660.069519042969,39.73725162192221,19.868625810961106,46100.0,2.0
0.0,1.0,3.0,4.0,0.0,0.0,0.0,0.0,0.0,0.0,2.0,24200.75958251953,8066.919860839844,26.874387421283075,8.958129140427692,46300.0,3.0
0.0,1.0,0.0,1.0,0.0,0.0,0.0,0.0,0.0,0.0,1.0,9960.203369140625,4980.1016845703125,5.361427467034451,2.6807137335172255,46400.0,2.0
0.0,0.0,4.0,7.0,0.0,0.0,0.0,0.0,0.0,0.0,4.0,85753.86584472656,21438.46646118164,67.26182147242905,16.815455368107262,47400.0,4.0
0.0,1.0,5.0,9.0,0.0,0.0,0.0,0.0,0.0,0.0,4.0,17488.275756835938,3497.6551513671875,116.05277160423708,23.21055432084741,48400.0,5.0
0.0,2.0,0.0,1.0,0.0,0.0,0.0,0.0,0.0,0.0,0.0,5119.314636230469,2559.6573181152344,5.576669332356191,2.7883346661780957,49500.0,2.0
1.0,0.0,4.0,2.0,0.0,0.0,0.0,0.0,0.0,0.0,3.0,50878.8330078125,12719.708251953125,20.962663692144016,5.240665923036004,50300.0,4.0
1.0,0.0,3.0,7.0,0.0,0.0,0.0,0.0,0.0,0.0,2.0,82168.9271850586,27389.64239501953,51.41040913745691,17.136803045818965,50400.0,3.0
1.0,0.0,3.0,6.0,0.0,0.0,0.0,0.0,0.0,0.0,2.0,56393.46487426758,18797.82162475586,42.74231520919533,14.24743840306511,50600.0,3.0
0.0,1.0,0.0,8.0,0.0,0.0,0.0,0.0,0.0,0.0,0.0,46875.48403930664,46875.48403930664,19.168823879667638,19.168823879667638,50700.0,1.0
0.0,2.0,0.0,2.0,0.0,0.0,0.0,0.0,0.0,0.0,0.0,23157.307067871094,11578.653533935547,11.15422882046079,5.577114410230395,51000.0,2.0
0.0,2.0,2.0,10.0,0.0,0.0,0.0,0.0,0.0,0.0,0.0,50843.16192626953,25421.580963134766,64.68615555645525,32.343077778227624,51900.0,2.0
1.0,0.0,4.0,3.0,0.0,0.0,0.0,0.0,0.0,0.0,3.0,33609.48486328125,8402.371215820312,29.443288058709626,7.360822014677407,52200.0,4.0
0.0,1.0,0.0,9.0,0.0,0.0,0.0,0.0,0.0,0.0,0.0,14550.341247558594,14550.341247558594,23.131158167217308,23.131158167217308,52300.0,1.0
1.0,0.0,4.0,6.0,0.0,0.0,0.0,0.0,0.0,0.0,3.0,62041.142578125,15510.28564453125,54.954949142163876,13.738737285540969,52500.0,4.0
0.0,0.0,0.0,5.0,0.0,0.0,0.0,0.0,0.0,0.0,5.0,46160.11962890625,9232.02392578125,56.77675169686472,11.355350339372945,52800.0,5.0
0.0,1.0,0.0,9.0,0.0,0.0,0.0,0.0,0.0,0.0,1.0,16402.883728027344,8201.441864013672,48.153902704138936,24.076951352069468,53300.0,2.0
1.0,1.0,8.0,2.0,0.0,0.0,0.0,0.0,0.0,0.0,6.0,8122.69580078125,1015.3369750976562,33.62785328980316,4.203481661225395,53800.0,8.0
0.0,0.0,1.0,5.0,0.0,0.0,0.0,0.0,0.0,0.0,1.0,21851.945556640625,21851.945556640625,11.481750341186059,11.481750341186059,54400.0,1.0
1.0,0.0,0.0,3.0,0.0,0.0,0.0,0.0,0.0,0.0,3.0,158872.72705078125,39718.18176269531,30.407568987583875,7.601892246895969,54800.0,4.0
1.0,1.0,4.0,4.0,0.0,0.0,0.0,0.0,0.0,0.0,2.0,9608.327880859375,2402.0819702148438,38.30532852741733,9.576332131854333,55800.0,4.0
0.0,2.0,4.0,10.0,0.0,0.0,0.0,0.0,0.0,0.0,2.0,28446.0537109375,7111.513427734375,125.24690784058942,31.311726960147354,56000.0,4.0
2.0,0.0,4.0,7.0,0.0,0.0,0.0,0.0,0.0,0.0,2.0,95715.55126953125,23928.887817382812,67.00507948095387,16.751269870238467,56800.0,4.0
1.0,2.0,5.0,6.0,0.0,0.0,0.0,0.0,0.0,0.0,2.0,30177.54119873047,6035.508239746094,70.4470663343274,14.08941326686548,57400.0,5.0
1.0,0.0,3.0,3.0,0.0,0.0,0.0,0.0,0.0,0.0,2.0,80939.9094543457,26979.969818115234,22.138957570057087,7.379652523352362,57700.0,3.0
0.0,0.0,0.0,11.0,0.0,0.0,0.0,0.0,0.0,0.0,3.0,1994.8430786132812,664.9476928710938,146.82335707396118,48.94111902465372,58200.0,3.0
1.0,0.0,2.0,6.0,0.0,0.0,0.0,0.0,0.0,0.0,1.0,22635.305053710938,11317.652526855469,28.813929578430855,14.406964789215428,58900.0,2.0
1.0,0.0,0.0,1.0,0.0,0.0,0.0,0.0,0.0,0.0,4.0,59098.91799926758,11819.783599853516,9.731376750808694,1.946275350161739,60800.0,5.0
0.0,1.0,0.0,3.0,0.0,0.0,0.0,0.0,0.0,0.0,4.0,40382.713623046875,8076.542724609375,36.32682140321676,7.265364280643353,61100.0,5.0
0.0,1.0,0.0,6.0,0.0,0.0,0.0,0.0,0.0,0.0,2.0,22676.748779296875,7558.916259765625,41.00201405465163,13.66733801821721,63600.0,3.0
3.0,0.0,5.0,4.0,0.0,0.0,0.0,0.0,0.0,0.0,2.0,50024.69482421875,10004.93896484375,46.89493191159201,9.378986382318402,64500.0,5.0
0.0,2.0,6.0,6.0,0.0,0.0,0.0,0.0,0.0,0.0,4.0,10697.953491210938,1782.9922485351562,84.73058787277982,14.121764645463307,66800.0,6.0
0.0,0.0,0.0,9.0,0.0,0.0,0.0,0.0,0.0,0.0,2.0,75324.38818359375,37662.194091796875,47.88231079885835,23.941155399429174,67000.0,2.0
2.0,0.0,4.0,6.0,0.0,0.0,0.0,0.0,0.0,0.0,2.0,88672.83154296875,22168.207885742188,55.31334146124977,13.828335365312443,67100.0,4.0
1.0,0.0,4.0,1.0,0.0,0.0,0.0,0.0,0.0,0.0,3.0,17583.13818359375,4395.7845458984375,9.1371043920048,2.2842760980012,67600.0,4.0
0.0,2.0,0.0,9.0,0.0,0.0,0.0,0.0,0.0,0.0,0.0,10222.582214355469,5111.291107177734,46.55117757531319,23.275588787656595,68800.0,2.0
0.0,0.0,4.0,8.0,0.0,0.0,0.0,0.0,0.0,0.0,4.0,103995.423828125,25998.85595703125,78.58918285247431,19.647295713118577,69000.0,4.0
0.0,2.0,0.0,10.0,0.0,0.0,0.0,0.0,0.0,0.0,0.0,7945.021240234375,3972.5106201171875,70.09029208055394,35.04514604027697,69300.0,2.0
0.0,0.0,6.0,5.0,0.0,0.0,0.0,0.0,0.0,0.0,6.0,6553.595947265625,1092.2659912109375,65.39294594006246,10.898824323343744,71200.0,6.0
0.0,1.0,0.0,10.0,0.0,0.0,0.0,0.0,0.0,0.0,4.0,2054.0829467773438,410.81658935546875,174.75156430933697,34.950312861867395,71400.0,5.0
1.0,0.0,0.0,7.0,0.0,0.0,0.0,0.0,0.0,0.0,3.0,71496.43811035156,17874.10952758789,64.63906989534362,16.159767473835906,72200.0,4.0
0.0,1.0,0.0,10.0,0.0,0.0,0.0,0.0,0.0,0.0,1.0,10718.040893554688,5359.020446777344,65.95686347137143,32.97843173568572,73800.0,2.0
1.0,0.0,0.0,6.0,0.0,0.0,0.0,0.0,0.0,0.0,2.0,26453.58984375,8817.86328125,42.25874542051563,14.086248473505213,74500.0,3.0
1.0,0.0,0.0,1.0,0.0,0.0,0.0,0.0,0.0,0.0,5.0,54865.389404296875,9144.231567382812,12.806097873685093,2.134349645614182,74700.0,6.0
0.0,2.0,5.0,6.0,0.0,0.0,0.0,0.0,0.0,0.0,3.0,22244.54376220703,4448.908752441406,68.81956691682304,13.763913383364606,75000.0,5.0
3.0,0.0,0.0,1.0,0.0,0.0,0.0,0.0,0.0,0.0,2.0,131359.98413085938,26271.996826171875,10.021603174216603,2.00432063484332,75600.0,5.0
0.0,1.0,2.0,11.0,0.0,0.0,0.0,0.0,0.0,0.0,1.0,1514.3533935546875,757.1766967773438,113.45370780798508,56.72685390399254,75800.0,2.0
0.0,0.0,4.0,10.0,0.0,0.0,0.0,0.0,0.0,0.0,4.0,101034.04833984375,25258.512084960938,130.53185062887474,32.632962657218684,76300.0,4.0
0.0,0.0,0.0,1.0,0.0,0.0,0.0,0.0,0.0,0.0,5.0,36273.470153808594,7254.694030761719,12.713221228489408,2.5426442456978813,77000.0,5.0
0.0,1.0,0.0,2.0,0.0,0.0,0.0,0.0,0.0,0.0,3.0,12696.545776367188,3174.136444091797,21.32041038298402,5.330102595746005,77800.0,4.0
1.0,0.0,0.0,1.0,0.0,0.0,0.0,0.0,0.0,0.0,3.0,108463.57678222656,27115.89419555664,7.869089672042907,1.9672724180107268,78000.0,4.0
0.0,2.0,3.0,6.0,0.0,0.0,0.0,0.0,0.0,0.0,1.0,27603.514251708984,9201.171417236328,41.57792861515432,13.859309538384776,78100.0,3.0
0.0,0.0,4.0,1.0,0.0,0.0,0.0,0.0,0.0,0.0,4.0,42345.245361328125,10586.311340332031,8.081942683012805,2.0204856707532013,78900.0,4.0
0.0,2.0,3.0,5.0,0.0,0.0,0.0,0.0,0.0,0.0,1.0,14073.10482788086,4691.034942626953,34.59102939426797,11.53034313142266,79100.0,3.0
0.0,0.0,6.0,3.0,0.0,0.0,0.0,0.0,0.0,0.0,6.0,11075.728637695312,1845.9547729492188,48.287191735153996,8.04786528919233,79200.0,6.0
1.0,3.0,0.0,5.0,0.0,0.0,0.0,0.0,0.0,0.0,3.0,3465.4375,495.0625,81.3291498013751,11.618449971625015,79600.0,7.0
0.0,2.0,3.0,8.0,0.0,0.0,0.0,0.0,0.0,0.0,1.0,19005.091552734375,6335.030517578125,59.39055371440025,19.796851238133414,80400.0,3.0
2.0,0.0,0.0,7.0,0.0,0.0,0.0,0.0,0.0,0.0,3.0,16828.9453125,3365.7890625,80.7098607958254,16.141972159165082,80800.0,5.0
0.0,1.0,0.0,7.0,0.0,0.0,0.0,0.0,0.0,0.0,5.0,10742.834106445312,1790.4723510742188,96.9746621096186,16.162443684936434,81200.0,6.0
0.0,4.0,6.0,3.0,0.0,0.0,0.0,0.0,0.0,0.0,2.0,2425.0416870117188,404.1736145019531,50.3700625828598,8.395010430476635,81900.0,6.0
0.0,0.0,3.0,1.0,0.0,0.0,0.0,0.0,0.0,0.0,3.0,32836.05615234375,10945.35205078125,2.906157677514559,0.9687192258381864,83500.0,3.0
5.0,0.0,0.0,2.0,0.0,0.0,0.0,0.0,0.0,0.0,2.0,55321.428955078125,7903.061279296875,34.7898724463314,4.969981778047343,83600.0,7.0
0.0,1.0,2.0,4.0,0.0,0.0,0.0,0.0,0.0,0.0,1.0,36363.0546875,18181.52734375,18.797274996060317,9.398637498030158,84300.0,2.0
0.0,1.0,0.0,7.0,0.0,0.0,0.0,0.0,0.0,0.0,2.0,49705.883697509766,16568.627899169922,49.80509165685296,16.60169721895099,84800.0,3.0
1.0,0.0,0.0,5.0,0.0,0.0,0.0,0.0,0.0,0.0,5.0,36903.848876953125,6150.6414794921875,65.77468469086665,10.962447448477777,84900.0,6.0
1.0,0.0,4.0,8.0,0.0,0.0,0.0,0.0,0.0,0.0,3.0,51478.175048828125,12869.543762207031,76.36581635856172,19.09145408964043,85800.0,4.0
0.0,1.0,2.0,1.0,0.0,0.0,0.0,0.0,0.0,0.0,1.0,6022.712646484375,3011.3563232421875,5.454849855305049,2.7274249276525246,86000.0,2.0
2.0,0.0,0.0,9.0,0.0,0.0,0.0,0.0,0.0,0.0,2.0,16549.8173828125,4137.454345703125,97.2793658331558,24.31984145828895,86100.0,4.0
0.0,2.0,2.0,1.0,0.0,0.0,0.0,0.0,0.0,0.0,0.0,7098.53271484375,3549.266357421875,6.137754150235567,3.0688770751177836,89100.0,2.0
0.0,1.0,3.0,8.0,0.0,0.0,0.0,0.0,0.0,0.0,2.0,34420.486907958984,11473.495635986328,58.928402426005846,19.642800808668618,89400.0,3.0
2.0,0.0,0.0,5.0,0.0,0.0,0.0,0.0,0.0,0.0,2.0,49996.31591796875,12499.078979492188,47.51629572531846,11.879073931329614,89700.0,4.0
1.0,2.0,6.0,9.0,0.0,0.0,0.0,0.0,0.0,0.0,3.0,4191.6317138671875,698.6052856445312,144.59940437588597,24.099900729314328,89900.0,6.0
0.0,1.0,0.0,8.0,0.0,0.0,0.0,0.0,0.0,0.0,2.0,14962.434448242188,4987.4781494140625,58.77267883506709,19.590892945022365,90100.0,3.0
1.0,0.0,0.0,1.0,0.0,0.0,0.0,0.0,0.0,0.0,6.0,25263.706665039062,3609.1009521484375,9.837366599933627,1.4053380857048037,90900.0,7.0
0.0,0.0,1.0,4.0,0.0,0.0,0.0,0.0,0.0,0.0,1.0,7128.1021728515625,7128.1021728515625,9.571266193300504,9.571266193300504,91800.0,1.0
1.0,0.0,4.0,7.0,0.0,0.0,0.0,0.0,0.0,0.0,3.0,82914.98876953125,20728.747192382812,67.4982922808343,16.874573070208577,93200.0,4.0
0.0,1.0,5.0,6.0,0.0,0.0,0.0,0.0,0.0,0.0,4.0,11975.531005859375,2395.106201171875,69.36265481780163,13.872530963560324,93900.0,5.0
0.0,0.0,0.0,2.0,0.0,0.0,0.0,0.0,0.0,0.0,5.0,61624.50500488281,12324.901000976562,25.036224816749513,5.007244963349902,94900.0,5.0
0.0,1.0,3.0,5.0,0.0,0.0,0.0,0.0,0.0,0.0,2.0,28321.08609008789,9440.362030029297,35.608956140218226,11.869652046739409,96700.0,3.0
1.0,0.0,0.0,5.0,0.0,0.0,0.0,0.0,0.0,0.0,1.0,1474.667236328125,737.3336181640625,24.14588277292919,12.072941386464596,97700.0,2.0
1.0,0.0,4.0,9.0,0.0,0.0,0.0,0.0,0.0,0.0,3.0,80533.59716796875,20133.399291992188,94.80867271184997,23.70216817796249,99000.0,4.0
1.0,0.0,0.0,2.0,0.0,0.0,0.0,0.0,0.0,0.0,2.0,38123.553131103516,12707.851043701172,16.592565046183,5.530855015394333,99500.0,3.0
1.0,1.0,0.0,1.0,0.0,0.0,0.0,0.0,0.0,0.0,2.0,22170.001708984375,5542.500427246094,12.014971467723933,3.0037428669309834,99900.0,4.0
0.0,2.0,0.0,5.0,0.0,0.0,0.0,0.0,0.0,0.0,3.0,9485.077362060547,1897.0154724121094,59.36283231187083,11.872566462374166,102500.0,5.0
0.0,2.0,0.0,9.0,0.0,0.0,0.0,0.0,0.0,0.0,1.0,11897.075958251953,3965.6919860839844,69.06049881319447,23.02016627106482,102800.0,3.0
0.0,0.0,5.0,2.0,0.0,0.0,0.0,0.0,0.0,0.0,5.0,6184.6148681640625,1236.9229736328125,31.59604035191718,6.319208070383436,104800.0,5.0
2.0,0.0,0.0,3.0,0.0,0.0,0.0,0.0,0.0,0.0,4.0,8414.68212890625,1402.447021484375,44.68633906262728,7.447723177104546,105000.0,6.0
0.0,1.0,0.0,4.0,0.0,0.0,0.0,0.0,0.0,0.0,4.0,33919.4465637207,6783.889312744141,48.28013530254632,9.656027060509263,105500.0,5.0
2.0,0.0,0.0,10.0,0.0,0.0,0.0,0.0,0.0,0.0,4.0,8402.80810546875,1400.468017578125,177.19974009961842,29.53329001660307,106000.0,6.0
0.0,2.0,0.0,6.0,0.0,0.0,0.0,0.0,0.0,0.0,2.0,18356.204711914062,4589.051177978516,55.98185554312051,13.995463885780127,106700.0,4.0
2.0,0.0,0.0,6.0,0.0,0.0,0.0,0.0,0.0,0.0,4.0,9180.06005859375,1530.010009765625,77.46301114416784,12.910501857361306,107700.0,6.0
0.0,0.0,1.0,2.0,0.0,0.0,0.0,0.0,0.0,0.0,1.0,9000.655517578125,9000.655517578125,5.147030996361011,5.147030996361011,107800.0,1.0
2.0,2.0,10.0,6.0,0.0,0.0,0.0,0.0,0.0,0.0,6.0,6385.89599609375,638.589599609375,146.10405052875228,14.610405052875228,108400.0,10.0
1.0,0.0,0.0,10.0,0.0,0.0,0.0,0.0,0.0,0.0,2.0,13219.971130371094,4406.657043457031,105.83600977010022,35.27866992336674,109100.0,3.0
0.0,0.0,0.0,10.0,0.0,0.0,0.0,0.0,0.0,0.0,4.0,12415.287841796875,3103.8219604492188,127.10524358419602,31.776310896049004,110600.0,4.0
1.0,1.0,5.0,9.0,0.0,0.0,0.0,0.0,0.0,0.0,3.0,31198.870544433594,6239.774108886719,114.59234557328067,22.918469114656133,110800.0,5.0
0.0,2.0,0.0,3.0,0.0,0.0,0.0,0.0,0.0,0.0,1.0,20289.386444091797,6763.128814697266,23.396765335049558,7.798921778349853,111300.0,3.0
1.0,0.0,0.0,5.0,0.0,0.0,0.0,0.0,0.0,0.0,2.0,36791.93197631836,12263.977325439453,35.986748472414256,11.995582824138086,111500.0,3.0
1.0,1.0,7.0,7.0,0.0,0.0,0.0,0.0,0.0,0.0,5.0,2445.2071533203125,349.3153076171875,112.51175808533736,16.07310829790534,112300.0,7.0
2.0,0.0,0.0,1.0,0.0,0.0,0.0,0.0,0.0,0.0,5.0,15278.789855957031,2182.6842651367188,18.34096071476851,2.62013724496693,113800.0,7.0
0.0,0.0,0.0,3.0,0.0,0.0,0.0,0.0,0.0,0.0,5.0,16839.705810546875,3367.941162109375,36.436977556604006,7.287395511320801,114400.0,5.0
0.0,1.0,0.0,4.0,0.0,0.0,0.0,0.0,0.0,0.0,1.0,27080.579223632812,13540.289611816406,18.783267474254316,9.391633737127158,114700.0,2.0
0.0,1.0,0.0,1.0,0.0,0.0,0.0,0.0,0.0,0.0,2.0,19481.810577392578,6493.936859130859,6.617049910312433,2.2056833034374774,114800.0,3.0
0.0,2.0,0.0,10.0,0.0,0.0,0.0,0.0,0.0,0.0,1.0,8426.562561035156,2808.8541870117188,96.38157543737334,32.12719181245778,114900.0,3.0
0.0,2.0,0.0,2.0,0.0,0.0,0.0,0.0,0.0,0.0,1.0,22473.864990234375,7491.288330078125,17.588199651640526,5.862733217213509,115000.0,3.0
1.0,1.0,7.0,8.0,0.0,0.0,0.0,0.0,0.0,0.0,5.0,3912.847900390625,558.978271484375,148.7465232159923,21.249503316570333,115700.0,7.0
0.0,1.0,0.0,7.0,0.0,0.0,0.0,0.0,0.0,0.0,3.0,10042.133056640625,2510.5332641601562,69.32318956804309,17.330797392010773,116100.0,4.0
0.0,2.0,0.0,7.0,0.0,0.0,0.0,0.0,0.0,0.0,2.0,15012.977661132812,3753.244415283203,65.78396066262235,16.445990165655587,117800.0,4.0
1.0,1.0,0.0,2.0,0.0,0.0,0.0,0.0,0.0,0.0,2.0,24302.323974609375,6075.580993652344,18.315145867142984,4.578786466785746,119700.0,4.0
1.0,2.0,0.0,2.0,0.0,0.0,0.0,0.0,0.0,0.0,3.0,8295.493286132812,1382.5822143554688,29.98381604392963,4.997302673988271,120800.0,6.0
0.0,2.0,0.0,3.0,0.0,0.0,0.0,0.0,0.0,0.0,2.0,4799.5003662109375,1199.8750915527344,30.724642191223197,7.681160547805799,121000.0,4.0
3.0,0.0,0.0,2.0,0.0,0.0,0.0,0.0,0.0,0.0,4.0,17916.751220703125,2559.535888671875,33.76847598630726,4.824067998043894,122500.0,7.0
0.0,2.0,0.0,5.0,0.0,0.0,0.0,0.0,0.0,0.0,2.0,17200.477294921875,4300.119323730469,47.874812707337966,11.968703176834492,122900.0,4.0
0.0,2.0,3.0,4.0,0.0,0.0,0.0,0.0,0.0,0.0,1.0,11084.029541015625,3694.676513671875,28.622981845496543,9.540993948498848,123100.0,3.0
2.0,1.0,7.0,4.0,0.0,0.0,0.0,0.0,0.0,0.0,4.0,12630.92578125,1804.41796875,67.25651071934878,9.608072959906968,124800.0,7.0
3.0,0.0,5.0,3.0,0.0,0.0,0.0,0.0,0.0,0.0,2.0,26162.37548828125,5232.47509765625,37.82953804617198,7.565907609234396,127000.0,5.0
0.0,0.0,3.0,2.0,0.0,0.0,0.0,0.0,0.0,0.0,3.0,30731.647247314453,10243.882415771484,17.01408856769119,5.671362855897062,127200.0,3.0
1.0,0.0,7.0,3.0,0.0,0.0,0.0,0.0,0.0,0.0,6.0,26222.45458984375,3746.06494140625,57.020362782632034,8.145766111804576,128600.0,7.0
1.0,1.0,5.0,5.0,0.0,0.0,0.0,0.0,0.0,0.0,3.0,2886.6000366210938,577.3200073242188,55.00141749886108,11.000283499772216,128900.0,5.0
2.0,0.0,4.0,2.0,0.0,0.0,0.0,0.0,0.0,0.0,2.0,35223.59716796875,8805.899291992188,22.49385449318108,5.62346362329527,130100.0,4.0
2.0,1.0,9.0,1.0,0.0,0.0,0.0,0.0,0.0,0.0,6.0,7839.987121582031,871.1096801757812,31.282596395226946,3.475844043914105,130500.0,9.0
0.0,0.0,4.0,2.0,0.0,0.0,0.0,0.0,0.0,0.0,4.0,8891.266845703125,2222.8167114257812,21.299469893882566,5.324867473470642,130900.0,4.0
0.0,2.0,0.0,5.0,0.0,0.0,0.0,0.0,0.0,0.0,1.0,22642.26544189453,7547.421813964844,35.574446174382466,11.858148724794155,132800.0,3.0
3.0,0.0,0.0,1.0,0.0,0.0,0.0,0.0,0.0,0.0,4.0,15645.17431640625,2235.02490234375,6.286150233039216,0.8980214618627449,134700.0,7.0
1.0,0.0,4.0,10.0,0.0,0.0,0.0,0.0,0.0,0.0,3.0,34736.901611328125,8684.225402832031,149.7133814153537,37.428345353838424,135700.0,4.0
2.0,1.0,0.0,1.0,0.0,0.0,0.0,0.0,0.0,0.0,3.0,18415.295654296875,3069.2159423828125,17.45093118935402,2.908488531559003,137400.0,6.0
0.0,2.0,0.0,7.0,0.0,0.0,0.0,0.0,0.0,0.0,4.0,8666.07568359375,1444.345947265625,98.3120826519528,16.3853471086588,138500.0,6.0
0.0,0.0,0.0,10.0,0.0,0.0,0.0,0.0,0.0,0.0,3.0,57928.86218261719,19309.620727539062,110.70807207573353,36.90269069191119,139500.0,3.0
1.0,0.0,0.0,8.0,0.0,0.0,0.0,0.0,0.0,0.0,2.0,21378.86260986328,7126.287536621094,59.441256678459155,19.81375222615305,141800.0,3.0
1.0,2.0,5.0,8.0,0.0,0.0,0.0,0.0,0.0,0.0,2.0,35839.493103027344,7167.898620605469,95.91506262976675,19.183012525953348,143200.0,5.0
0.0,1.0,0.0,9.0,0.0,0.0,0.0,0.0,0.0,0.0,2.0,26567.316833496094,8855.772277832031,72.84480894769294,24.281602982564316,144400.0,3.0
2.0,0.0,0.0,3.0,0.0,0.0,0.0,0.0,0.0,0.0,2.0,44422.250732421875,11105.562683105469,30.41656212080736,7.60414053020184,146200.0,4.0
3.0,1.0,7.0,2.0,0.0,0.0,0.0,0.0,0.0,0.0,3.0,11871.208740234375,1695.886962890625,34.13608449850661,4.876583499786659,146400.0,7.0
0.0,1.0,1.0,11.0,0.0,0.0,0.0,0.0,0.0,0.0,0.0,3441.478515625,3441.478515625,80.60251263128896,80.60251263128896,146800.0,1.0
1.0,2.0,0.0,7.0,0.0,0.0,0.0,0.0,0.0,0.0,3.0,2046.2195434570312,341.0365905761719,107.05989769398225,17.843316282330374,147100.0,6.0
2.0,0.0,0.0,7.0,0.0,0.0,0.0,0.0,0.0,0.0,2.0,24084.25537109375,6021.0638427734375,69.58472928265368,17.39618232066342,150300.0,4.0
2.0,1.0,0.0,3.0,0.0,0.0,0.0,0.0,0.0,0.0,2.0,23072.18505859375,4614.43701171875,36.65898406432027,7.331796812864056,150400.0,5.0
0.0,2.0,0.0,3.0,0.0,0.0,0.0,0.0,0.0,0.0,3.0,2583.5079956054688,516.7015991210938,36.56433691118328,7.312867382236656,150600.0,5.0
2.0,0.0,0.0,1.0,0.0,0.0,0.0,0.0,0.0,0.0,2.0,121460.18725585938,30365.046813964844,8.780312079898387,2.1950780199745967,154500.0,4.0
0.0,2.0,4.0,8.0,0.0,0.0,0.0,0.0,0.0,0.0,2.0,22410.611572265625,5602.652893066406,77.2108731177932,19.3027182794483,154700.0,4.0
0.0,0.0,5.0,10.0,0.0,0.0,0.0,0.0,0.0,0.0,5.0,29639.70947265625,5927.94189453125,196.22094666162127,39.244189332324254,154800.0,5.0
1.0,0.0,2.0,8.0,0.0,0.0,0.0,0.0,0.0,0.0,1.0,1609.383056640625,804.6915283203125,40.112960920173414,20.056480460086707,155600.0,2.0
1.0,1.0,0.0,4.0,0.0,0.0,0.0,0.0,0.0,0.0,3.0,32627.749633789062,6525.5499267578125,48.179954665761265,9.635990933152254,157700.0,5.0
0.0,2.0,4.0,7.0,0.0,0.0,0.0,0.0,0.0,0.0,2.0,21540.532104492188,5385.133026123047,66.37731367956535,16.594328419891337,158600.0,4.0
2.0,0.0,4.0,4.0,0.0,0.0,0.0,0.0,0.0,0.0,2.0,130766.5673828125,32691.641845703125,37.593166181797926,9.398291545449482,158700.0,4.0
0.0,2.0,3.0,3.0,0.0,0.0,0.0,0.0,0.0,0.0,1.0,6401.827331542969,2133.9424438476562,22.10959937827837,7.369866459426124,160300.0,3.0
0.0,2.0,3.0,7.0,0.0,0.0,0.0,0.0,0.0,0.0,1.0,18019.924438476562,6006.6414794921875,50.052985602234415,16.68432853407814,160600.0,3.0
1.0,1.0,0.0,9.0,0.0,0.0,0.0,0.0,0.0,0.0,3.0,15999.864501953125,3199.972900390625,112.4097585610396,22.48195171220792,162000.0,5.0
2.0,0.0,5.0,3.0,0.0,0.0,0.0,0.0,0.0,0.0,3.0,27134.86083984375,5426.97216796875,41.615578995735156,8.32311579914703,162600.0,5.0
4.0,0.0,0.0,1.0,0.0,0.0,0.0,0.0,0.0,0.0,6.0,45291.630859375,4529.1630859375,33.56173300584812,3.356173300584812,164400.0,10.0
0.0,0.0,0.0,6.0,0.0,0.0,0.0,0.0,0.0,0.0,6.0,9732.307983398438,1622.0513305664062,86.638990179328,14.439831696554666,165100.0,6.0
1.0,0.0,5.0,5.0,0.0,0.0,0.0,0.0,0.0,0.0,4.0,43142.42889404297,8628.485778808594,54.55218348441876,10.910436696883753,165200.0,5.0
2.0,0.0,6.0,2.0,0.0,0.0,0.0,0.0,0.0,0.0,4.0,25460.759765625,4243.4599609375,37.19437756291904,6.199062927153173,166900.0,6.0
1.0,2.0,0.0,6.0,0.0,0.0,0.0,0.0,0.0,0.0,3.0,11687.69970703125,1947.949951171875,89.7673618240291,14.961226970671516,167500.0,6.0
2.0,0.0,5.0,7.0,0.0,0.0,0.0,0.0,0.0,0.0,3.0,25222.100219726562,5044.4200439453125,83.92208350941996,16.78441670188399,168300.0,5.0
0.0,2.0,0.0,4.0,0.0,0.0,0.0,0.0,0.0,0.0,2.0,14962.512084960938,3740.6280212402344,38.358777299279176,9.589694324819794,170400.0,4.0
0.0,0.0,0.0,11.0,0.0,0.0,0.0,0.0,0.0,0.0,1.0,4918.129699707031,4918.129699707031,54.91948700499271,54.91948700499271,173500.0,1.0
0.0,1.0,0.0,4.0,0.0,0.0,0.0,0.0,0.0,0.0,5.0,3271.0799560546875,545.1799926757812,51.468666385810046,8.578111064301675,173600.0,6.0
1.0,0.0,0.0,6.0,0.0,0.0,0.0,0.0,0.0,0.0,3.0,40603.814453125,10150.95361328125,56.70818850161098,14.177047125402744,173900.0,4.0
2.0,0.0,3.0,3.0,0.0,0.0,0.0,0.0,0.0,0.0,1.0,11306.159912109375,3768.719970703125,20.985021117073245,6.995007039024415,174400.0,3.0
0.0,2.0,0.0,2.0,0.0,0.0,0.0,0.0,0.0,0.0,2.0,8728.861572265625,2182.2153930664062,21.47208465892496,5.36802116473124,176800.0,4.0
0.0,2.0,0.0,8.0,0.0,0.0,0.0,0.0,0.0,0.0,2.0,12648.190185546875,3162.0475463867188,77.30127212095076,19.32531803023769,178100.0,4.0
1.0,0.0,0.0,7.0,0.0,0.0,0.0,0.0,0.0,0.0,4.0,15149.8095703125,3029.9619140625,79.6881920345128,15.93763840690256,178400.0,5.0
1.0,2.0,5.0,5.0,0.0,0.0,0.0,0.0,0.0,0.0,2.0,2765.9249877929688,553.1849975585938,57.1879046597648,11.43758093195296,178900.0,5.0
1.0,1.0,0.0,2.0,0.0,0.0,0.0,0.0,0.0,0.0,1.0,8033.1690673828125,2677.7230224609375,15.690555479707557,5.230185159902518,180200.0,3.0
0.0,2.0,6.0,8.0,0.0,0.0,0.0,0.0,0.0,0.0,4.0,15844.01953125,2640.669921875,118.33593234097384,19.722655390162306,180300.0,6.0
2.0,0.0,4.0,3.0,0.0,0.0,0.0,0.0,0.0,0.0,2.0,53951.20751953125,13487.801879882812,30.265099729306502,7.566274932326626,182200.0,4.0
0.0,0.0,6.0,9.0,0.0,0.0,0.0,0.0,0.0,0.0,6.0,6733.45166015625,1122.241943359375,132.94276485767406,22.157127476279012,182600.0,6.0
1.0,0.0,0.0,3.0,0.0,0.0,0.0,0.0,0.0,0.0,2.0,52054.12097167969,17351.373657226562,21.877093965828003,7.292364655276003,183800.0,3.0
1.0,0.0,0.0,4.0,0.0,0.0,0.0,0.0,0.0,0.0,2.0,36974.81726074219,12324.939086914062,29.094556354677298,9.698185451559098,183900.0,3.0
0.0,2.0,0.0,6.0,0.0,0.0,0.0,0.0,0.0,0.0,1.0,10956.697814941406,3652.2326049804688,40.62099485226633,13.540331617422112,184300.0,3.0
0.0,0.0,3.0,11.0,0.0,0.0,0.0,0.0,0.0,0.0,3.0,18176.38311767578,6058.794372558594,167.50590357973743,55.8353011932458,184400.0,3.0
0.0,2.0,0.0,9.0,0.0,0.0,0.0,0.0,0.0,0.0,2.0,9751.314697265625,2437.8286743164062,96.43027652281224,24.10756913070306,184700.0,4.0
0.0,3.0,4.0,8.0,0.0,0.0,0.0,0.0,0.0,0.0,1.0,9450.942993164062,2362.7357482910156,77.67808945143702,19.419522362859254,185300.0,4.0
0.0,1.0,3.0,1.0,0.0,0.0,0.0,0.0,0.0,0.0,2.0,2721.4386291503906,907.1462097167969,10.347226652542197,3.4490755508473985,185800.0,3.0
0.0,1.0,0.0,5.0,0.0,0.0,0.0,0.0,0.0,0.0,3.0,17315.692993164062,4328.923248291016,46.64819865045256,11.66204966261314,186000.0,4.0
0.0,0.0,0.0,10.0,0.0,0.0,0.0,0.0,0.0,0.0,5.0,7768.33984375,1553.66796875,158.56277051091766,31.71255410218353,188500.0,5.0
1.0,0.0,0.0,6.0,0.0,0.0,0.0,0.0,0.0,0.0,5.0,36752.89306640625,6125.482177734375,84.32142114922596,14.05357019153766,189300.0,6.0
1.0,2.0,7.0,3.0,0.0,0.0,0.0,0.0,0.0,0.0,4.0,28192.836669921875,4027.548095703125,50.908503633986314,7.272643376283758,189900.0,7.0
0.0,0.0,0.0,11.0,0.0,0.0,0.0,0.0,0.0,0.0,2.0,4076.36181640625,2038.180908203125,131.81505554530392,65.90752777265196,190300.0,2.0
1.0,0.0,5.0,1.0,0.0,0.0,0.0,0.0,0.0,0.0,4.0,2900.93994140625,580.18798828125,5.2232000822874305,1.044640016457486,193500.0,5.0
0.0,1.0,0.0,6.0,0.0,0.0,0.0,0.0,0.0,0.0,3.0,7158.3311767578125,1789.5827941894531,57.7769800409291,14.444245010232274,194500.0,4.0
0.0,2.0,3.0,10.0,0.0,0.0,0.0,0.0,0.0,0.0,1.0,5069.7872314453125,1689.9290771484375,94.95241800919696,31.650806003065654,195400.0,3.0
0.0,1.0,0.0,9.0,0.0,0.0,0.0,0.0,0.0,0.0,3.0,17722.765625,4430.69140625,93.79292823696052,23.44823205924013,195900.0,4.0
0.0,1.0,0.0,10.0,0.0,0.0,0.0,0.0,0.0,0.0,2.0,12152.089050292969,4050.6963500976562,107.34500848887409,35.78166949629136,196000.0,3.0
1.0,0.0,0.0,4.0,0.0,0.0,0.0,0.0,0.0,0.0,3.0,58086.158203125,14521.53955078125,38.061871005079205,9.515467751269801,196800.0,4.0
0.0,2.0,2.0,2.0,0.0,0.0,0.0,0.0,0.0,0.0,0.0,10952.29638671875,5476.148193359375,11.28088339285109,5.640441696425545,197900.0,2.0
1.0,3.0,0.0,9.0,0.0,0.0,0.0,0.0,0.0,0.0,2.0,9080.44775390625,1513.407958984375,138.66679322330452,23.111132203884086,200100.0,6.0
1.0,0.0,5.0,7.0,0.0,0.0,0.0,0.0,0.0,0.0,4.0,10572.572631835938,2114.5145263671875,82.77501078624397,16.555002157248794,200300.0,5.0
0.0,1.0,4.0,9.0,0.0,0.0,0.0,0.0,0.0,0.0,3.0,33649.43115234375,8412.357788085938,97.95426174010188,24.48856543502547,202800.0,4.0
0.0,2.0,0.0,5.0,0.0,0.0,0.0,0.0,0.0,0.0,4.0,21873.206909179688,3645.5344848632812,71.92532876152055,11.987554793586757,203300.0,6.0
2.0,2.0,0.0,2.0,0.0,0.0,0.0,0.0,0.0,0.0,2.0,13950.058227539062,2325.0097045898438,30.095779738942525,5.0159632898237545,205000.0,6.0
2.0,0.0,0.0,3.0,0.0,0.0,0.0,0.0,0.0,0.0,3.0,5345.670166015625,1069.134033203125,40.76439636923667,8.152879273847335,206500.0,5.0
0.0,1.0,0.0,5.0,0.0,0.0,0.0,0.0,0.0,0.0,2.0,30736.85888671875,10245.61962890625,34.85696819292288,11.61898939764096,207600.0,3.0
2.0,1.0,0.0,2.0,0.0,0.0,0.0,0.0,0.0,0.0,2.0,10050.710754394531,2010.1421508789062,25.59469900680743,5.118939801361486,208500.0,5.0
1.0,1.0,4.0,6.0,0.0,0.0,0.0,0.0,0.0,0.0,2.0,7394.357177734375,1848.5892944335938,57.7030398407191,14.425759960179775,209200.0,4.0
2.0,0.0,6.0,5.0,0.0,0.0,0.0,0.0,0.0,0.0,4.0,8543.92822265625,1423.988037109375,62.978267462967764,10.496377910494626,211600.0,6.0
2.0,0.0,0.0,1.0,0.0,0.0,0.0,0.0,0.0,0.0,4.0,74418.15307617188,12403.025512695312,16.25218933215094,2.708698222025157,212000.0,6.0
1.0,0.0,0.0,9.0,0.0,0.0,0.0,0.0,0.0,0.0,2.0,11240.960998535156,3746.9869995117188,67.19145021215307,22.39715007071769,214200.0,3.0
1.0,1.0,0.0,3.0,0.0,0.0,0.0,0.0,0.0,0.0,5.0,20182.946533203125,2883.278076171875,57.887250244118135,8.269607177731164,214700.0,7.0
0.0,2.0,3.0,2.0,0.0,0.0,0.0,0.0,0.0,0.0,1.0,8911.120056152344,2970.3733520507812,16.064427276100183,5.354809092033395,215900.0,3.0
1.0,1.0,0.0,6.0,0.0,0.0,0.0,0.0,0.0,0.0,3.0,15919.895629882812,3183.9791259765625,68.98607064529358,13.79721412905872,217200.0,5.0
0.0,0.0,0.0,7.0,0.0,0.0,0.0,0.0,0.0,0.0,5.0,20047.725219726562,4009.5450439453125,83.75998269423057,16.751996538846115,217400.0,5.0
1.0,1.0,0.0,6.0,0.0,0.0,0.0,0.0,0.0,0.0,2.0,19788.0546875,4947.013671875,54.53837695815294,13.634594239538234,219300.0,4.0
0.0,1.0,0.0,1.0,0.0,0.0,0.0,0.0,0.0,0.0,3.0,8807.288452148438,2201.8221130371094,9.604051829075987,2.4010129572689967,221700.0,4.0
0.0,2.0,4.0,5.0,0.0,0.0,0.0,0.0,0.0,0.0,2.0,5706.3826904296875,1426.5956726074219,46.04345322835412,11.51086330708853,222200.0,4.0
0.0,0.0,0.0,3.0,0.0,0.0,0.0,0.0,0.0,0.0,8.0,14503.1357421875,1812.8919677734375,66.36068628213951,8.295085785267439,222900.0,8.0
1.0,1.0,0.0,4.0,0.0,0.0,0.0,0.0,0.0,0.0,2.0,15951.502685546875,3987.8756713867188,36.05830585907086,9.014576464767716,223200.0,4.0
1.0,0.0,5.0,4.0,0.0,0.0,0.0,0.0,0.0,0.0,4.0,15221.195983886719,3044.2391967773438,49.06379217333533,9.812758434667066,226000.0,5.0
1.0,0.0,0.0,8.0,0.0,0.0,0.0,0.0,0.0,0.0,3.0,11841.755859375,2960.43896484375,77.97257194900628,19.49314298725157,226200.0,4.0
0.0,3.0,0.0,5.0,0.0,0.0,0.0,0.0,0.0,0.0,0.0,2116.2513427734375,705.4171142578125,37.52221129537965,12.50740376512655,227200.0,3.0
1.0,0.0,2.0,7.0,0.0,0.0,0.0,0.0,0.0,0.0,1.0,5485.8656005859375,2742.9328002929688,35.72178212264455,17.860891061322274,231700.0,2.0
2.0,0.0,4.0,5.0,0.0,0.0,0.0,0.0,0.0,0.0,2.0,72106.16357421875,18026.540893554688,44.15731621205445,11.039329053013612,232300.0,4.0
0.0,1.0,0.0,3.0,0.0,0.0,0.0,0.0,0.0,0.0,3.0,17964.159790039062,4491.039947509766,29.911592145503835,7.477898036375959,235500.0,4.0
0.0,2.0,0.0,1.0,0.0,0.0,0.0,0.0,0.0,0.0,1.0,2673.5681762695312,891.1893920898438,8.378990126646034,2.792996708882011,235600.0,3.0
2.0,0.0,3.0,10.0,0.0,0.0,0.0,0.0,0.0,0.0,1.0,4538.4180908203125,1512.8060302734375,98.41491893541816,32.80497297847272,236200.0,3.0
1.0,0.0,0.0,2.0,0.0,0.0,0.0,0.0,0.0,0.0,4.0,71760.9994506836,14352.199890136719,24.44443813369906,4.888887626739811,239800.0,5.0
1.0,0.0,5.0,6.0,0.0,0.0,0.0,0.0,0.0,0.0,4.0,13202.739868164062,2640.5479736328125,67.74590137353981,13.549180274707961,240200.0,5.0
3.0,0.0,0.0,2.0,0.0,0.0,0.0,0.0,0.0,0.0,2.0,41905.72998046875,8381.14599609375,24.703756137487936,4.9407512274975875,241400.0,5.0
0.0,3.0,3.0,5.0,0.0,0.0,0.0,0.0,0.0,0.0,0.0,1101.6252136230469,367.2084045410156,34.77471469583344,11.591571565277814,241800.0,3.0
1.0,0.0,2.0,1.0,0.0,0.0,0.0,0.0,0.0,0.0,1.0,5759.4991455078125,2879.7495727539062,3.3273023910162833,1.6636511955081417,245200.0,2.0
4.0,0.0,0.0,1.0,0.0,0.0,0.0,0.0,0.0,0.0,4.0,11578.0478515625,1447.2559814453125,22.807636817314375,2.850954602164297,246300.0,8.0
0.0,2.0,4.0,9.0,0.0,0.0,0.0,0.0,0.0,0.0,2.0,16496.30908203125,4124.0772705078125,93.84051313924758,23.460128284811894,247500.0,4.0
0.0,0.0,0.0,2.0,0.0,0.0,0.0,0.0,0.0,0.0,7.0,17059.042724609375,2437.006103515625,36.97405497393446,5.282007853419207,249100.0,7.0
1.0,2.0,5.0,2.0,0.0,0.0,0.0,0.0,0.0,0.0,2.0,6407.152099609375,1281.430419921875,28.777363025526114,5.755472605105223,249400.0,5.0
2.0,1.0,0.0,5.0,0.0,0.0,0.0,0.0,0.0,0.0,3.0,14790.99609375,2465.166015625,73.70769556576911,12.284615927628186,249600.0,6.0
2.0,0.0,0.0,6.0,0.0,0.0,0.0,0.0,0.0,0.0,6.0,6017.6943359375,752.2117919921875,111.6668554073037,13.958356925912963,251200.0,8.0
1.0,1.0,0.0,5.0,0.0,0.0,0.0,0.0,0.0,0.0,3.0,15021.884765625,3004.376953125,63.064765669126245,12.612953133825249,253300.0,5.0
3.0,1.0,0.0,3.0,0.0,0.0,0.0,0.0,0.0,0.0,4.0,19362.384765625,2420.298095703125,66.95341243882471,8.36917655485309,254000.0,8.0
1.0,1.0,0.0,5.0,0.0,0.0,0.0,0.0,0.0,0.0,2.0,9640.86669921875,2410.2166748046875,44.53354636587347,11.133386591468367,256900.0,4.0
1.0,2.0,6.0,6.0,0.0,0.0,0.0,0.0,0.0,0.0,3.0,7692.17431640625,1282.029052734375,82.5680135870038,13.761335597833968,257200.0,6.0
0.0,0.0,1.0,3.0,0.0,0.0,0.0,0.0,0.0,0.0,1.0,8210.595703125,8210.595703125,7.33956319071465,7.33956319071465,258600.0,1.0
2.0,0.0,0.0,8.0,0.0,0.0,0.0,0.0,0.0,0.0,2.0,16182.310791015625,4045.5776977539062,76.91943537004745,19.229858842511863,260600.0,4.0
2.0,2.0,0.0,6.0,0.0,0.0,0.0,0.0,0.0,0.0,2.0,7447.0078125,1241.16796875,89.05692776246882,14.842821293744802,269400.0,6.0
1.0,0.0,2.0,4.0,0.0,0.0,0.0,0.0,0.0,0.0,1.0,9408.511962890625,4704.2559814453125,19.8239397690189,9.91196988450945,269500.0,2.0
3.0,0.0,5.0,2.0,0.0,0.0,0.0,0.0,0.0,0.0,2.0,24358.094482421875,4871.618896484375,26.59674736115456,5.319349472230911,272500.0,5.0
1.0,1.0,4.0,8.0,0.0,0.0,0.0,0.0,0.0,0.0,2.0,5102.261474609375,1275.5653686523438,80.3597465777319,20.089936644432974,275000.0,4.0
1.0,2.0,0.0,3.0,0.0,0.0,0.0,0.0,0.0,0.0,1.0,3276.63720703125,819.1593017578125,26.9907731757615,6.747693293940375,279200.0,4.0
1.0,1.0,6.0,2.0,0.0,0.0,0.0,0.0,0.0,0.0,4.0,19237.172241210938,3206.1953735351562,31.052274534189227,5.175379089031538,283200.0,6.0
1.0,1.0,6.0,1.0,0.0,0.0,0.0,0.0,0.0,0.0,4.0,7436.909912109375,1239.4849853515625,10.59897770312744,1.7664962838545735,286800.0,6.0
0.0,2.0,5.0,3.0,0.0,0.0,0.0,0.0,0.0,0.0,3.0,7447.6739501953125,1489.5347900390625,37.51963046064188,7.503926092128376,287600.0,5.0
1.0,1.0,6.0,5.0,0.0,0.0,0.0,0.0,0.0,0.0,4.0,9943.93798828125,1657.322998046875,68.47590283549964,11.412650472583273,288100.0,6.0
2.0,1.0,0.0,3.0,0.0,0.0,0.0,0.0,0.0,0.0,3.0,27785.603759765625,4630.9339599609375,44.340537699836744,7.390089616639457,288200.0,6.0
0.0,2.0,0.0,8.0,0.0,0.0,0.0,0.0,0.0,0.0,1.0,8218.219116210938,2739.4063720703125,58.23305671255785,19.411018904185948,288800.0,3.0
1.0,1.0,0.0,3.0,0.0,0.0,0.0,0.0,0.0,0.0,3.0,4745.9429931640625,949.1885986328125,35.5254330383714,7.105086607674281,289400.0,5.0
1.0,0.0,6.0,3.0,0.0,0.0,0.0,0.0,0.0,0.0,5.0,35542.697021484375,5923.7828369140625,43.449382095135654,7.2415636825226075,293800.0,6.0
1.0,0.0,6.0,6.0,0.0,0.0,0.0,0.0,0.0,0.0,5.0,8169.144287109375,1361.5240478515625,91.14124946547715,15.190208244246191,294700.0,6.0
1.0,2.0,6.0,5.0,0.0,0.0,0.0,0.0,0.0,0.0,3.0,21990.498413085938,3665.0830688476562,69.34427589906727,11.557379316511211,295200.0,6.0
2.0,0.0,0.0,5.0,0.0,0.0,0.0,0.0,0.0,0.0,4.0,10194.05419921875,1699.009033203125,63.0886558524799,10.514775975413318,297800.0,6.0
1.0,1.0,0.0,6.0,0.0,0.0,0.0,0.0,0.0,0.0,4.0,3891.5284423828125,648.5880737304688,77.33505506684315,12.88917584447386,300800.0,6.0
0.0,3.0,3.0,8.0,0.0,0.0,0.0,0.0,0.0,0.0,0.0,3411.2471923828125,1137.0823974609375,57.57597157905364,19.191990526351212,301200.0,3.0
2.0,1.0,4.0,6.0,0.0,0.0,0.0,0.0,0.0,0.0,1.0,2797.804443359375,699.4511108398438,54.170381622118036,13.542595405529509,304100.0,4.0
1.0,0.0,6.0,1.0,0.0,0.0,0.0,0.0,0.0,0.0,5.0,12611.6162109375,2101.93603515625,10.26076673875239,1.710127789792065,304800.0,6.0
1.0,1.0,0.0,8.0,0.0,0.0,0.0,0.0,0.0,0.0,4.0,5055.9990234375,842.66650390625,115.14254876365582,19.190424793942636,305600.0,6.0
4.0,0.0,7.0,2.0,0.0,0.0,0.0,0.0,0.0,0.0,3.0,10031.965576171875,1433.137939453125,43.21728424822054,6.173897749745791,308000.0,7.0
1.0,1.0,5.0,1.0,0.0,0.0,0.0,0.0,0.0,0.0,3.0,2900.93994140625,580.18798828125,3.951729901522212,0.7903459803044424,311100.0,5.0
0.0,1.0,5.0,5.0,0.0,0.0,0.0,0.0,0.0,0.0,4.0,16887.672576904297,3377.5345153808594,57.52976474505222,11.505952949010444,316300.0,5.0
0.0,1.0,2.0,3.0,0.0,0.0,0.0,0.0,0.0,0.0,1.0,10041.519104003906,5020.759552001953,15.203394434139275,7.6016972170696375,321500.0,2.0
2.0,1.0,5.0,6.0,0.0,0.0,0.0,0.0,0.0,0.0,2.0,3240.6216430664062,648.1243286132812,67.00822016430423,13.401644032860846,322400.0,5.0
2.0,0.0,0.0,2.0,0.0,0.0,0.0,0.0,0.0,0.0,6.0,11256.3115234375,1407.0389404296875,48.111677954154736,6.013959744269342,325400.0,8.0
1.0,1.0,5.0,7.0,0.0,0.0,0.0,0.0,0.0,0.0,3.0,21472.125244140625,4294.425048828125,86.97048579682388,17.394097159364776,331200.0,5.0
1.0,2.0,0.0,3.0,0.0,0.0,0.0,0.0,0.0,0.0,3.0,12683.994506835938,2113.9990844726562,46.775661465339084,7.795943577556515,331900.0,6.0
2.0,1.0,6.0,3.0,0.0,0.0,0.0,0.0,0.0,0.0,3.0,35505.57604980469,5917.596008300781,42.72287445725962,7.120479076209938,333400.0,6.0
0.0,1.0,0.0,9.0,0.0,0.0,0.0,0.0,0.0,0.0,4.0,11455.794677734375,2291.158935546875,134.24993868345243,26.849987736690487,334800.0,5.0
0.0,1.0,4.0,4.0,0.0,0.0,0.0,0.0,0.0,0.0,3.0,24448.166137695312,6112.041534423828,38.464808017234645,9.616202004308661,337300.0,4.0
0.0,1.0,0.0,10.0,0.0,0.0,0.0,0.0,0.0,0.0,0.0,4823.280303955078,4823.280303955078,31.42295544168145,31.42295544168145,344100.0,1.0
0.0,1.0,4.0,1.0,0.0,0.0,0.0,0.0,0.0,0.0,3.0,8451.8876953125,2112.971923828125,15.47379585380579,3.8684489634514474,344800.0,4.0
0.0,0.0,5.0,9.0,0.0,0.0,0.0,0.0,0.0,0.0,5.0,10992.477722167969,2198.4955444335938,118.0520043548037,23.61040087096074,346300.0,5.0
1.0,1.0,6.0,10.0,0.0,0.0,0.0,0.0,0.0,0.0,4.0,5345.7359619140625,890.9559936523438,226.50375164762042,37.7506252746034,347400.0,6.0
0.0,1.0,0.0,2.0,0.0,0.0,0.0,0.0,0.0,0.0,2.0,25192.72036743164,8397.573455810547,14.890285837050193,4.963428612350064,352000.0,3.0
1.0,2.0,5.0,7.0,0.0,0.0,0.0,0.0,0.0,0.0,2.0,4355.548400878906,871.1096801757812,81.88759932425901,16.377519864851802,353600.0,5.0
1.0,2.0,0.0,4.0,0.0,0.0,0.0,0.0,0.0,0.0,4.0,6687.5361328125,955.3623046875,66.19715092136019,9.4567358459086,358000.0,7.0
3.0,0.0,7.0,2.0,0.0,0.0,0.0,0.0,0.0,0.0,4.0,11126.92041015625,1589.56005859375,32.45320367911038,4.636171954158625,358800.0,7.0
1.0,2.0,0.0,4.0,0.0,0.0,0.0,0.0,0.0,0.0,3.0,4959.251403808594,826.5419006347656,56.29079246437891,9.38179874406315,360200.0,6.0
4.0,0.0,0.0,2.0,0.0,0.0,0.0,0.0,0.0,0.0,2.0,13100.82568359375,2183.470947265625,36.40593769163374,6.067656281938956,362200.0,6.0
6.0,0.0,0.0,1.0,0.0,0.0,0.0,0.0,0.0,0.0,2.0,35519.423828125,4439.927978515625,17.47127436477847,2.1839092955973087,363300.0,8.0
1.0,0.0,0.0,4.0,0.0,0.0,0.0,0.0,0.0,0.0,5.0,3013.4501953125,502.24169921875,52.42112523630884,8.736854206051472,365200.0,6.0
2.0,0.0,0.0,2.0,0.0,0.0,0.0,0.0,0.0,0.0,4.0,18252.0234375,3042.00390625,26.180847740052553,4.363474623342092,370100.0,6.0
3.0,0.0,0.0,1.0,0.0,0.0,0.0,0.0,0.0,0.0,3.0,4974.9173583984375,829.1528930664062,21.520757946940655,3.5867929911567757,371400.0,6.0
0.0,1.0,0.0,11.0,0.0,0.0,0.0,0.0,0.0,0.0,3.0,3013.4228515625,753.355712890625,206.34928101606118,51.587320254015296,373300.0,4.0
0.0,0.0,0.0,8.0,0.0,0.0,0.0,0.0,0.0,0.0,5.0,8912.069702148438,1782.4139404296875,97.55341864291209,19.510683728582418,378100.0,5.0
2.0,0.0,0.0,4.0,0.0,0.0,0.0,0.0,0.0,0.0,5.0,7644.73486328125,1092.10498046875,69.20389891192893,9.886271273132703,379100.0,7.0
1.0,0.0,0.0,5.0,0.0,0.0,0.0,0.0,0.0,0.0,4.0,21832.009887695312,4366.4019775390625,59.222561396957474,11.844512279391495,382500.0,5.0
1.0,0.0,7.0,8.0,0.0,0.0,0.0,0.0,0.0,0.0,6.0,3257.2127075195312,465.31610107421875,146.04383932458012,20.863405617797163,387100.0,7.0
1.0,1.0,0.0,1.0,0.0,0.0,0.0,0.0,0.0,0.0,4.0,20188.03271484375,3364.672119140625,17.1317930156163,2.85529883593605,390200.0,6.0
2.0,1.0,9.0,6.0,0.0,0.0,0.0,0.0,0.0,0.0,6.0,42294.0322265625,4699.3369140625,133.589833558471,14.843314839830114,390500.0,9.0
2.0,0.0,0.0,6.0,0.0,0.0,0.0,0.0,0.0,0.0,2.0,13368.14013671875,3342.0350341796875,56.580023943612346,14.145005985903087,391600.0,4.0
1.0,0.0,0.0,10.0,0.0,0.0,0.0,0.0,0.0,0.0,4.0,8279.865112304688,1655.9730224609375,161.39963937162779,32.27992787432556,391800.0,5.0
0.0,0.0,7.0,7.0,0.0,0.0,0.0,0.0,0.0,0.0,7.0,3575.3172912597656,510.7596130371094,126.32022733431857,18.04574676204551,394300.0,7.0
0.0,2.0,5.0,4.0,0.0,0.0,0.0,0.0,0.0,0.0,3.0,7687.046966552734,1537.4093933105469,50.7473108443174,10.14946216886348,395500.0,5.0
0.0,0.0,0.0,8.0,0.0,0.0,0.0,0.0,0.0,0.0,4.0,32124.460205078125,8031.115051269531,78.40636066562652,19.60159016640663,395600.0,4.0
1.0,0.0,5.0,3.0,0.0,0.0,0.0,0.0,0.0,0.0,4.0,28295.458984375,5659.091796875,35.876290412064634,7.175258082412927,397200.0,5.0
1.0,0.0,0.0,3.0,0.0,0.0,0.0,0.0,0.0,0.0,5.0,46995.76611328125,7832.627685546875,45.176449471526055,7.529408245254343,397900.0,6.0
2.0,1.0,0.0,5.0,0.0,0.0,0.0,0.0,0.0,0.0,2.0,39823.1298828125,7964.6259765625,58.16861122335035,11.633722244670068,399000.0,5.0
3.0,0.0,0.0,6.0,0.0,0.0,0.0,0.0,0.0,0.0,4.0,13351.065307617188,1907.2950439453125,102.99261986082614,14.713231408689447,403000.0,7.0
2.0,0.0,3.0,7.0,0.0,0.0,0.0,0.0,0.0,0.0,1.0,4372.30517578125,1457.43505859375,51.57796131546077,17.192653771820257,406400.0,3.0
0.0,1.0,0.0,8.0,0.0,0.0,0.0,0.0,0.0,0.0,4.0,18034.38720703125,3606.87744140625,99.21136238450454,19.84227247690091,407600.0,5.0
1.0,0.0,0.0,10.0,0.0,0.0,0.0,0.0,0.0,0.0,6.0,9788.736938476562,1398.3909912109375,218.19480118841614,31.17068588405945,410300.0,7.0
3.0,0.0,0.0,5.0,0.0,0.0,0.0,0.0,0.0,0.0,3.0,21263.53857421875,3543.923095703125,64.9649606446523,10.827493440775381,411100.0,6.0
2.0,0.0,5.0,5.0,0.0,0.0,0.0,0.0,0.0,0.0,3.0,38515.23986816406,7703.0479736328125,59.10851726809885,11.82170345361977,412400.0,5.0
1.0,1.0,3.0,9.0,0.0,0.0,0.0,0.0,0.0,0.0,1.0,15980.783935546875,5326.927978515625,65.72474718738991,21.908249062463305,416400.0,3.0
3.0,1.0,7.0,7.0,0.0,0.0,0.0,0.0,0.0,0.0,3.0,5660.613830566406,808.6591186523438,107.21141492393704,15.31591641770529,416700.0,7.0
2.0,0.0,0.0,1.0,0.0,0.0,0.0,0.0,0.0,0.0,6.0,36830.6484375,4603.8310546875,3.2727650758440565,0.40909563448050706,420100.0,8.0
2.0,0.0,0.0,1.0,0.0,0.0,0.0,0.0,0.0,0.0,3.0,71136.07482910156,14227.214965820312,10.985292495402875,2.1970584990805757,420300.0,5.0
2.0,1.0,5.0,2.0,0.0,0.0,0.0,0.0,0.0,0.0,2.0,26969.767456054688,5393.9534912109375,30.33571144809873,6.0671422896197456,423100.0,5.0
1.0,1.0,3.0,6.0,0.0,0.0,0.0,0.0,0.0,0.0,1.0,6033.8228759765625,2011.2742919921875,39.49326842651661,13.164422808838868,423800.0,3.0
1.0,1.0,4.0,10.0,0.0,0.0,0.0,0.0,0.0,0.0,2.0,15851.229248046875,3962.8073120117188,142.553474318077,35.63836857951925,426300.0,4.0
0.0,1.0,4.0,2.0,0.0,0.0,0.0,0.0,0.0,0.0,3.0,9790.38037109375,2447.5950927734375,23.458934697497533,5.864733674374383,429700.0,4.0
2.0,1.0,5.0,4.0,0.0,0.0,0.0,0.0,0.0,0.0,2.0,6017.0751953125,1203.4150390625,45.818006907703705,9.16360138154074,431800.0,5.0
2.0,0.0,4.0,1.0,0.0,0.0,0.0,0.0,0.0,0.0,2.0,9889.8359375,2472.458984375,12.292575067371775,3.0731437668429438,432300.0,4.0
3.0,1.0,0.0,4.0,0.0,0.0,0.0,0.0,0.0,0.0,2.0,6766.146240234375,1127.6910400390625,55.79955030325001,9.299925050541669,432700.0,6.0
2.0,1.0,0.0,3.0,0.0,0.0,0.0,0.0,0.0,0.0,4.0,13827.0576171875,1975.2939453125,49.91793253075598,7.131133218679426,434800.0,7.0
1.0,1.0,5.0,4.0,0.0,0.0,0.0,0.0,0.0,0.0,3.0,8248.730773925781,1649.7461547851562,48.35570068288543,9.671140136577085,435200.0,5.0
0.0,0.0,0.0,9.0,0.0,0.0,0.0,0.0,0.0,0.0,8.0,6547.59521484375,818.4494018554688,191.6398377154001,23.95497971442501,436200.0,8.0
3.0,1.0,8.0,1.0,0.0,0.0,0.0,0.0,0.0,0.0,4.0,14787.896484375,1848.487060546875,30.991432215051674,3.8739290268814592,436800.0,8.0
0.0,0.0,6.0,4.0,0.0,0.0,0.0,0.0,0.0,0.0,6.0,5837.2093505859375,972.8682250976562,61.04186918020104,10.17364486336684,437200.0,6.0
1.0,1.0,5.0,3.0,0.0,0.0,0.0,0.0,0.0,0.0,3.0,6670.458984375,1334.091796875,40.01701265380529,8.003402530761058,439800.0,5.0
3.0,0.0,0.0,1.0,0.0,0.0,0.0,0.0,0.0,0.0,5.0,57067.87109375,7133.48388671875,27.934206373136938,3.4917757966421172,439900.0,8.0
1.0,2.0,6.0,4.0,0.0,0.0,0.0,0.0,0.0,0.0,3.0,3375.3856201171875,562.5642700195312,60.46858987386582,10.078098312310969,440200.0,6.0
0.0,1.0,0.0,2.0,0.0,0.0,0.0,0.0,0.0,0.0,5.0,6024.9239501953125,1004.1539916992188,33.044905869492155,5.507484311582026,441200.0,6.0
1.0,0.0,0.0,6.0,0.0,0.0,0.0,0.0,0.0,0.0,1.0,2879.468017578125,1439.7340087890625,30.040624191114105,15.020312095557053,444200.0,2.0
0.0,3.0,3.0,9.0,0.0,0.0,0.0,0.0,0.0,0.0,0.0,4091.9873657226562,1363.9957885742188,67.69510867382903,22.565036224609678,452200.0,3.0
1.0,1.0,0.0,7.0,0.0,0.0,0.0,0.0,0.0,0.0,4.0,3219.6221923828125,536.6036987304688,91.93793496015327,15.322989160025545,452800.0,6.0
1.0,0.0,0.0,2.0,0.0,0.0,0.0,0.0,0.0,0.0,1.0,2619.412109375,1309.7060546875,8.274729136602149,4.1373645683010745,456500.0,2.0
0.0,2.0,0.0,2.0,0.0,0.0,0.0,0.0,0.0,0.0,3.0,13658.270263671875,2731.654052734375,29.41928273233067,5.883856546466134,458800.0,5.0
0.0,4.0,0.0,3.0,0.0,0.0,0.0,0.0,0.0,0.0,0.0,1637.5748291015625,409.3937072753906,28.544510145285805,7.136127536321451,458900.0,4.0
2.0,0.0,6.0,3.0,0.0,0.0,0.0,0.0,0.0,0.0,4.0,41238.696533203125,6873.1160888671875,48.6338695677167,8.105644927952785,460000.0,6.0
0.0,3.0,0.0,7.0,0.0,0.0,0.0,0.0,0.0,0.0,2.0,2319.907989501953,463.9815979003906,86.32530902268728,17.265061804537456,460800.0,5.0
1.0,2.0,0.0,9.0,0.0,0.0,0.0,0.0,0.0,0.0,2.0,8920.819702148438,1784.1639404296875,108.26397853560144,21.652795707120287,461000.0,5.0
1.0,2.0,0.0,4.0,0.0,0.0,0.0,0.0,0.0,0.0,2.0,23051.14013671875,4610.22802734375,48.30239806023074,9.66047961204615,461600.0,5.0
1.0,0.0,0.0,7.0,0.0,0.0,0.0,0.0,0.0,0.0,5.0,19581.8935546875,3263.64892578125,99.85151245794657,16.641918742991095,467800.0,6.0
1.0,1.0,6.0,3.0,0.0,0.0,0.0,0.0,0.0,0.0,4.0,6912.287841796875,1152.0479736328125,49.106550566801026,8.184425094466837,468400.0,6.0
2.0,0.0,5.0,9.0,0.0,0.0,0.0,0.0,0.0,0.0,3.0,7478.0548095703125,1495.6109619140625,113.95655042947263,22.791310085894526,469400.0,5.0
0.0,2.0,0.0,8.0,0.0,0.0,0.0,0.0,0.0,0.0,4.0,15629.6513671875,2604.94189453125,115.25646430579489,19.209410717632483,473300.0,6.0
3.0,1.0,9.0,4.0,0.0,0.0,0.0,0.0,0.0,0.0,5.0,16387.30810546875,1820.81201171875,78.30223946045629,8.700248828939587,473500.0,9.0
0.0,1.0,0.0,3.0,0.0,0.0,0.0,0.0,0.0,0.0,6.0,4123.243103027344,589.0347290039062,48.156940952179795,6.879562993168543,474400.0,7.0
1.0,0.0,0.0,6.0,0.0,0.0,0.0,0.0,0.0,0.0,4.0,25512.021484375,5102.404296875,71.58648590215034,14.317297180430069,474700.0,5.0
0.0,0.0,6.0,8.0,0.0,0.0,0.0,0.0,0.0,0.0,6.0,4931.4737548828125,821.9122924804688,113.13472670387081,18.855787783978467,480400.0,6.0
2.0,0.0,4.0,11.0,0.0,0.0,0.0,0.0,0.0,0.0,2.0,20839.4921875,5209.873046875,239.10088577846986,59.775221444617465,482700.0,4.0
0.0,0.0,0.0,6.0,0.0,0.0,0.0,0.0,0.0,0.0,7.0,7598.857177734375,1085.551025390625,95.04220935906264,13.57745847986609,484400.0,7.0
1.0,1.0,0.0,8.0,0.0,0.0,0.0,0.0,0.0,0.0,2.0,2010.9144287109375,502.7286071777344,79.51094375103557,19.877735937758892,484600.0,4.0
2.0,1.0,0.0,4.0,0.0,0.0,0.0,0.0,0.0,0.0,3.0,7729.661865234375,1288.2769775390625,54.39210578270839,9.065350963784732,484700.0,6.0
1.0,0.0,5.0,8.0,0.0,0.0,0.0,0.0,0.0,0.0,4.0,45359.1943359375,9071.8388671875,97.25359648726466,19.45071929745293,485200.0,5.0
0.0,0.0,5.0,6.0,0.0,0.0,0.0,0.0,0.0,0.0,5.0,7268.3245849609375,1453.6649169921875,69.86740496654417,13.973480993308833,486000.0,5.0
2.0,1.0,0.0,8.0,0.0,0.0,0.0,0.0,0.0,0.0,2.0,27911.78955078125,5582.35791015625,93.79112959870453,18.758225919740905,486800.0,5.0
0.0,2.0,5.0,5.0,0.0,0.0,0.0,0.0,0.0,0.0,3.0,5609.12841796875,1121.82568359375,58.94625831960915,11.78925166392183,488400.0,5.0
0.0,1.0,4.0,3.0,0.0,0.0,0.0,0.0,0.0,0.0,3.0,14936.0205078125,3734.005126953125,32.0776732558592,8.0194183139648,489700.0,4.0
0.0,1.0,5.0,8.0,0.0,0.0,0.0,0.0,0.0,0.0,4.0,7786.115417480469,1557.2230834960938,95.84605056285781,19.169210112571562,497300.0,5.0
1.0,2.0,5.0,10.0,0.0,0.0,0.0,0.0,0.0,0.0,2.0,32877.320556640625,6575.464111328125,157.40885125404384,31.481770250808765,501200.0,5.0
1.0,0.0,5.0,2.0,0.0,0.0,0.0,0.0,0.0,0.0,4.0,13725.4150390625,2745.0830078125,20.512608519128733,4.102521703825746,501700.0,5.0
1.0,0.0,5.0,10.0,0.0,0.0,0.0,0.0,0.0,0.0,4.0,4547.69287109375,909.53857421875,167.32867373332658,33.46573474666532,506800.0,5.0
1.0,0.0,0.0,4.0,0.0,0.0,0.0,0.0,0.0,0.0,4.0,18251.71600341797,3650.3432006835938,47.052017490160175,9.410403498032034,507400.0,5.0
0.0,2.0,5.0,9.0,0.0,0.0,0.0,0.0,0.0,0.0,3.0,3510.264892578125,702.052978515625,122.59481951410103,24.518963902820207,509000.0,5.0
1.0,0.0,0.0,7.0,0.0,0.0,0.0,0.0,0.0,0.0,1.0,2197.278076171875,1098.6390380859375,33.239285024131675,16.619642512065838,512300.0,2.0
4.0,0.0,0.0,1.0,0.0,0.0,0.0,0.0,0.0,0.0,2.0,32434.96875,5405.828125,11.61106840844247,1.9351780680737452,513200.0,6.0
2.0,1.0,5.0,7.0,0.0,0.0,0.0,0.0,0.0,0.0,2.0,5730.31982421875,1146.06396484375,83.88643260505353,16.777286521010705,514600.0,5.0
1.0,2.0,0.0,7.0,0.0,0.0,0.0,0.0,0.0,0.0,2.0,3543.4945678710938,708.6989135742188,77.58385618680356,15.516771237360711,515100.0,5.0
0.0,0.0,4.0,11.0,0.0,0.0,0.0,0.0,0.0,0.0,4.0,2260.1279296875,565.031982421875,271.5470592623363,67.88676481558407,516000.0,4.0
2.0,0.0,5.0,6.0,0.0,0.0,0.0,0.0,0.0,0.0,3.0,14814.46044921875,2962.89208984375,75.31565027464795,15.06313005492959,516100.0,5.0
0.0,1.0,6.0,6.0,0.0,0.0,0.0,0.0,0.0,0.0,5.0,7181.723876953125,1196.9539794921875,79.64491031200838,13.274151718668064,517500.0,6.0
0.0,2.0,7.0,8.0,0.0,0.0,0.0,0.0,0.0,0.0,5.0,4185.255310058594,597.8936157226562,145.3146831312032,20.759240447314742,522700.0,7.0
0.0,0.0,5.0,3.0,0.0,0.0,0.0,0.0,0.0,0.0,5.0,18056.2451171875,3611.2490234375,34.91325684030549,6.982651368061099,523300.0,5.0
0.0,1.0,5.0,4.0,0.0,0.0,0.0,0.0,0.0,0.0,4.0,22105.955047607422,4421.191009521484,46.41886806538129,9.283773613076256,524000.0,5.0
2.0,1.0,0.0,1.0,0.0,0.0,0.0,0.0,0.0,0.0,2.0,17967.919921875,3593.583984375,18.98178066828994,3.7963561336579876,528000.0,5.0
3.0,0.0,5.0,9.0,0.0,0.0,0.0,0.0,0.0,0.0,2.0,7028.1597900390625,1405.6319580078125,123.57635220008515,24.71527044001703,530100.0,5.0
0.0,2.0,4.0,6.0,0.0,0.0,0.0,0.0,0.0,0.0,2.0,7368.2235107421875,1842.0558776855469,56.35774383455807,14.089435958639518,531700.0,4.0
2.0,0.0,8.0,6.0,0.0,0.0,0.0,0.0,0.0,0.0,6.0,18952.9921875,2369.1240234375,115.04722629386858,14.380903286733572,539200.0,8.0
3.0,0.0,0.0,5.0,0.0,0.0,0.0,0.0,0.0,0.0,2.0,13290.159912109375,2658.031982421875,55.73645901656998,11.147291803313998,543700.0,5.0
0.0,3.0,0.0,7.0,0.0,0.0,0.0,0.0,0.0,0.0,0.0,1740.56396484375,580.18798828125,48.2904508412001,16.0968169470667,551700.0,3.0
1.0,2.0,7.0,8.0,0.0,0.0,0.0,0.0,0.0,0.0,4.0,15266.55224609375,2180.93603515625,145.31634104894383,20.759477292706258,556900.0,7.0
1.0,0.0,3.0,11.0,0.0,0.0,0.0,0.0,0.0,0.0,2.0,22663.487548828125,7554.495849609375,174.36367112394313,58.12122370798104,561200.0,3.0
0.0,2.0,0.0,11.0,0.0,0.0,0.0,0.0,0.0,0.0,0.0,1676.262939453125,838.1314697265625,98.72962831306994,49.36481415653497,561800.0,2.0
1.0,3.0,0.0,7.0,0.0,0.0,0.0,0.0,0.0,0.0,2.0,18795.18603515625,3132.531005859375,91.27203917808474,15.212006529680789,570500.0,6.0
1.0,1.0,0.0,1.0,0.0,0.0,0.0,0.0,0.0,0.0,3.0,25570.83251953125,5114.16650390625,15.1334649813531,3.02669299627062,572000.0,5.0
1.0,2.0,5.0,4.0,0.0,0.0,0.0,0.0,0.0,0.0,2.0,2511.20849609375,502.24169921875,46.185922113411536,9.237184422682308,572700.0,5.0
0.0,2.0,0.0,4.0,0.0,0.0,0.0,0.0,0.0,0.0,3.0,2511.20849609375,502.24169921875,48.51712606323823,9.703425212647646,575200.0,5.0
0.0,2.0,5.0,7.0,0.0,0.0,0.0,0.0,0.0,0.0,3.0,3611.1468505859375,722.2293701171875,86.8420361734139,17.36840723468278,577400.0,5.0
0.0,2.0,5.0,8.0,0.0,0.0,0.0,0.0,0.0,0.0,3.0,2040.47607421875,408.09521484375,94.3934685581663,18.87869371163326,579200.0,5.0
5.0,0.0,8.0,1.0,0.0,0.0,0.0,0.0,0.0,0.0,3.0,12399.50390625,1549.93798828125,24.010449756059227,3.0013062195074034,581000.0,8.0
1.0,1.0,0.0,10.0,0.0,0.0,0.0,0.0,0.0,0.0,3.0,10243.84033203125,2048.76806640625,237.7409649239418,47.54819298478836,581100.0,5.0
1.0,2.0,0.0,5.0,0.0,0.0,0.0,0.0,0.0,0.0,4.0,6113.729248046875,873.389892578125,86.02260075702951,12.288942965289928,582300.0,7.0
1.0,2.0,0.0,2.0,0.0,0.0,0.0,0.0,0.0,0.0,2.0,7581.044921875,1516.208984375,23.770012682185396,4.7540025364370795,583600.0,5.0
0.0,1.0,0.0,1.0,0.0,0.0,0.0,0.0,0.0,0.0,4.0,16911.44256591797,3382.2885131835938,13.29926273719288,2.659852547438576,589200.0,5.0
3.0,0.0,5.0,5.0,0.0,0.0,0.0,0.0,0.0,0.0,2.0,20616.4404296875,4123.2880859375,57.191297789101306,11.438259557820261,590600.0,5.0
1.0,0.0,6.0,8.0,0.0,0.0,0.0,0.0,0.0,0.0,5.0,15449.45947265625,2574.909912109375,127.8927842939351,21.31546404898918,592400.0,6.0
0.0,1.0,5.0,7.0,0.0,0.0,0.0,0.0,0.0,0.0,4.0,26737.594299316406,5347.518859863281,87.07993342320405,17.41598668464081,595000.0,5.0
1.0,2.0,0.0,5.0,0.0,0.0,0.0,0.0,0.0,0.0,3.0,9851.471923828125,1641.9119873046875,69.85423239171551,11.642372065285919,597200.0,6.0
1.0,0.0,2.0,10.0,0.0,0.0,0.0,0.0,0.0,0.0,1.0,2383.9619140625,1191.98095703125,57.143645063622955,28.571822531811478,598800.0,2.0
0.0,3.0,3.0,4.0,0.0,0.0,0.0,0.0,0.0,0.0,0.0,1540.2471313476562,513.4157104492188,31.151890713095106,10.383963571031702,599200.0,3.0
0.0,1.0,0.0,5.0,0.0,0.0,0.0,0.0,0.0,0.0,5.0,6671.759765625,1111.9599609375,66.02435731677367,11.004059552795612,600800.0,6.0
1.0,0.0,2.0,3.0,0.0,0.0,0.0,0.0,0.0,0.0,1.0,2728.384033203125,1364.1920166015625,16.734102656781815,8.367051328390907,607100.0,2.0
2.0,0.0,6.0,6.0,0.0,0.0,0.0,0.0,0.0,0.0,4.0,8726.855712890625,1454.4759521484375,79.33793315635981,13.222988859393302,610900.0,6.0
0.0,1.0,5.0,3.0,0.0,0.0,0.0,0.0,0.0,0.0,4.0,21839.67041015625,4367.93408203125,35.66792496976183,7.133584993952365,611700.0,5.0
0.0,0.0,6.0,2.0,0.0,0.0,0.0,0.0,0.0,0.0,6.0,9367.1337890625,1561.18896484375,34.13872738106403,5.689787896844005,611800.0,6.0
1.0,1.0,6.0,6.0,0.0,0.0,0.0,0.0,0.0,0.0,4.0,9164.969970703125,1527.4949951171875,83.1821891430978,13.863698190516299,613000.0,6.0
2.0,2.0,6.0,4.0,0.0,0.0,0.0,0.0,0.0,0.0,2.0,10266.76171875,1711.126953125,55.42603802965228,9.237673004942048,613500.0,6.0
1.0,0.0,0.0,2.0,0.0,0.0,0.0,0.0,0.0,0.0,6.0,7433.412109375,1061.916015625,35.484197475679004,5.0691710679541435,613900.0,7.0
1.0,1.0,5.0,2.0,0.0,0.0,0.0,0.0,0.0,0.0,3.0,20280.426330566406,4056.0852661132812,25.409612133636188,5.081922426727237,615100.0,5.0
2.0,1.0,6.0,5.0,0.0,0.0,0.0,0.0,0.0,0.0,3.0,8428.07373046875,1404.678955078125,63.75628330055467,10.626047216759112,621900.0,6.0
1.0,1.0,4.0,7.0,0.0,0.0,0.0,0.0,0.0,0.0,2.0,1814.1748046875,453.543701171875,68.93912420128214,17.234781050320535,624100.0,4.0
2.0,0.0,0.0,4.0,0.0,0.0,0.0,0.0,0.0,0.0,3.0,34298.929443359375,6859.785888671875,46.548710396422806,9.309742079284561,639300.0,5.0
1.0,1.0,0.0,9.0,0.0,0.0,0.0,0.0,0.0,0.0,2.0,8601.66796875,2150.4169921875,101.71280238688564,25.42820059672141,641300.0,4.0
1.0,2.0,4.0,7.0,0.0,0.0,0.0,0.0,0.0,0.0,1.0,2592.497314453125,648.1243286132812,66.39364041098518,16.598410102746296,641700.0,4.0
2.0,0.0,0.0,3.0,0.0,0.0,0.0,0.0,0.0,0.0,5.0,9931.144897460938,1418.7349853515625,59.49261099957736,8.49894442851105,642900.0,7.0
1.0,1.0,4.0,1.0,0.0,0.0,0.0,0.0,0.0,0.0,2.0,9310.0283203125,2327.507080078125,12.27986058273149,3.0699651456828727,643700.0,4.0
0.0,2.0,0.0,4.0,0.0,0.0,0.0,0.0,0.0,0.0,4.0,3587.3616943359375,597.8936157226562,51.465513647454735,8.577585607909123,649400.0,6.0
0.0,2.0,4.0,4.0,0.0,0.0,0.0,0.0,0.0,0.0,2.0,1802.5623779296875,450.6405944824219,41.4773236894693,10.369330922367325,650500.0,4.0
0.0,2.0,6.0,2.0,0.0,0.0,0.0,0.0,0.0,0.0,4.0,3353.760498046875,558.9600830078125,32.88022741059572,5.480037901765954,655300.0,6.0
2.0,1.0,5.0,9.0,0.0,0.0,0.0,0.0,0.0,0.0,2.0,6896.3897705078125,1379.2779541015625,122.55088256662127,24.510176513324254,661000.0,5.0
1.0,0.0,2.0,9.0,0.0,0.0,0.0,0.0,0.0,0.0,1.0,4880.419921875,2440.2099609375,52.4192120361103,26.20960601805515,664500.0,2.0
0.0,1.0,4.0,5.0,0.0,0.0,0.0,0.0,0.0,0.0,3.0,7819.215087890625,1954.8037719726562,45.220880201463764,11.305220050365941,664600.0,4.0
0.0,2.0,4.0,2.0,0.0,0.0,0.0,0.0,0.0,0.0,2.0,3753.0419921875,938.260498046875,26.140160680085703,6.535040170021426,666800.0,4.0
2.0,0.0,3.0,5.0,0.0,0.0,0.0,0.0,0.0,0.0,1.0,4041.1680908203125,1347.0560302734375,33.19921135118178,11.06640378372726,668800.0,3.0
0.0,2.0,6.0,3.0,0.0,0.0,0.0,0.0,0.0,0.0,4.0,3753.0487060546875,625.5081176757812,50.254257950532136,8.375709658422021,669700.0,6.0
3.0,1.0,0.0,1.0,0.0,0.0,0.0,0.0,0.0,0.0,2.0,7395.539794921875,1232.5899658203125,14.021776179639629,2.3369626966066046,670200.0,6.0
1.0,1.0,0.0,3.0,0.0,0.0,0.0,0.0,0.0,0.0,2.0,3929.13232421875,982.2830810546875,34.02200373188783,8.505500932971957,678500.0,4.0
4.0,0.0,0.0,2.0,0.0,0.0,0.0,0.0,0.0,0.0,1.0,6162.9498291015625,1232.5899658203125,19.95191428340997,3.990382856681994,684800.0,5.0
0.0,1.0,6.0,4.0,0.0,0.0,0.0,0.0,0.0,0.0,5.0,4292.33935546875,715.389892578125,61.28946763613746,10.214911272689577,690000.0,6.0
4.0,0.0,0.0,1.0,0.0,0.0,0.0,0.0,0.0,0.0,5.0,16006.130859375,1778.458984375,34.20128222002346,3.8001424688914955,694800.0,9.0
5.0,0.0,0.0,1.0,0.0,0.0,0.0,0.0,0.0,0.0,2.0,50523.7099609375,7217.6728515625,13.719166304095825,1.959880900585118,696600.0,7.0
0.0,0.0,0.0,8.0,0.0,0.0,0.0,0.0,0.0,0.0,6.0,5722.8358154296875,953.8059692382812,116.85775330605028,19.47629221767505,697300.0,6.0
0.0,3.0,0.0,8.0,0.0,0.0,0.0,0.0,0.0,0.0,0.0,1468.1745300292969,489.3915100097656,63.47185184064806,21.157283946882686,710300.0,3.0
1.0,0.0,0.0,2.0,0.0,0.0,0.0,0.0,0.0,0.0,5.0,3889.2022705078125,648.2003784179688,27.47423844045704,4.5790397400761735,715500.0,6.0
3.0,0.0,0.0,2.0,0.0,0.0,0.0,0.0,0.0,0.0,3.0,35217.697265625,5869.6162109375,29.83124010089241,4.971873350148735,718200.0,6.0
0.0,2.0,6.0,5.0,0.0,0.0,0.0,0.0,0.0,0.0,4.0,7355.165771484375,1225.8609619140625,73.25271415043392,12.208785691738987,721400.0,6.0
0.0,1.0,6.0,10.0,0.0,0.0,0.0,0.0,0.0,0.0,5.0,3078.53759765625,513.089599609375,271.31337937330005,45.21889656221667,728700.0,6.0
0.0,0.0,0.0,2.0,0.0,0.0,0.0,0.0,0.0,0.0,8.0,10777.7998046875,1347.2249755859375,43.749314873181504,5.468664359147688,729400.0,8.0
1.0,1.0,0.0,4.0,0.0,0.0,0.0,0.0,0.0,0.0,1.0,6286.3798828125,2095.4599609375,28.08434011399339,9.361446704664464,730100.0,3.0
5.0,0.0,7.0,1.0,0.0,0.0,0.0,0.0,0.0,0.0,2.0,28188.88037109375,4026.98291015625,16.007812540833477,2.286830362976211,738400.0,7.0
0.0,2.0,0.0,10.0,0.0,0.0,0.0,0.0,0.0,0.0,2.0,1390.2672119140625,347.5668029785156,165.41893686681786,41.354734216704465,738600.0,4.0
2.0,1.0,0.0,6.0,0.0,0.0,0.0,0.0,0.0,0.0,3.0,4556.063232421875,759.3438720703125,84.01301441181305,14.002169068635508,740600.0,6.0
1.0,0.0,0.0,10.0,0.0,0.0,0.0,0.0,0.0,0.0,1.0,2372.7041015625,1186.35205078125,65.80927050008923,32.90463525004461,743400.0,2.0
1.0,1.0,0.0,2.0,0.0,0.0,0.0,0.0,0.0,0.0,5.0,8011.486328125,1144.498046875,38.407726930555576,5.48681813293651,746900.0,7.0
0.0,0.0,0.0,7.0,0.0,0.0,0.0,0.0,0.0,0.0,6.0,2070.6551513671875,345.10919189453125,92.83071728140567,15.471786213567611,747800.0,6.0
3.0,1.0,0.0,4.0,0.0,0.0,0.0,0.0,0.0,0.0,5.0,6732.541076660156,748.0601196289062,83.49384222243391,9.277093580270435,748200.0,9.0
1.0,1.0,0.0,2.0,0.0,0.0,0.0,0.0,0.0,0.0,3.0,11724.189453125,2344.837890625,25.185399678199044,5.037079935639809,756300.0,5.0
3.0,0.0,8.0,2.0,0.0,0.0,0.0,0.0,0.0,0.0,5.0,46387.65625,5798.45703125,48.40787935360732,6.050984919200915,757100.0,8.0
1.0,2.0,6.0,7.0,0.0,0.0,0.0,0.0,0.0,0.0,3.0,7365.977783203125,1227.6629638671875,95.31240314899671,15.885400524832782,758800.0,6.0
0.0,1.0,5.0,2.0,0.0,0.0,0.0,0.0,0.0,0.0,4.0,4408.72314453125,881.74462890625,21.500565813637134,4.300113162727427,759500.0,5.0
2.0,1.0,0.0,4.0,0.0,0.0,0.0,0.0,0.0,0.0,2.0,27403.83056640625,5480.76611328125,46.81009835979453,9.362019671958906,764100.0,5.0
2.0,1.0,0.0,3.0,0.0,0.0,0.0,0.0,0.0,0.0,1.0,5122.17578125,1280.5439453125,31.16373936473228,7.79093484118307,766500.0,4.0
1.0,0.0,11.0,2.0,0.0,0.0,0.0,0.0,0.0,0.0,10.0,22369.457397460938,2033.5870361328125,58.874526430846466,5.352229675531497,771500.0,11.0
2.0,0.0,3.0,6.0,0.0,0.0,0.0,0.0,0.0,0.0,1.0,8542.902099609375,2847.634033203125,43.411666948449756,14.470555649483252,772800.0,3.0
0.0,2.0,4.0,1.0,0.0,0.0,0.0,0.0,0.0,0.0,2.0,5846.85205078125,1461.7130126953125,14.92706308662246,3.731765771655615,773300.0,4.0
0.0,3.0,0.0,3.0,0.0,0.0,0.0,0.0,0.0,0.0,0.0,1915.768798828125,638.589599609375,24.31051443004167,8.10350481001389,774200.0,3.0
2.0,0.0,0.0,2.0,0.0,0.0,0.0,0.0,0.0,0.0,3.0,24561.990966796875,4912.398193359375,32.24509245558858,6.449018491117716,777400.0,5.0
3.0,2.0,15.0,4.0,0.0,0.0,0.0,0.0,0.0,0.0,10.0,26336.174926757812,1755.7449951171875,133.743788026781,8.916252535118735,777900.0,15.0
1.0,0.0,6.0,5.0,0.0,0.0,0.0,0.0,0.0,0.0,5.0,2479.4747314453125,413.24578857421875,67.57275179174808,11.262125298624678,778600.0,6.0
3.0,0.0,0.0,3.0,0.0,0.0,0.0,0.0,0.0,0.0,2.0,6736.1248779296875,1347.2249755859375,36.64851275609264,7.329702551218529,782600.0,5.0
1.0,0.0,7.0,6.0,0.0,0.0,0.0,0.0,0.0,0.0,6.0,20422.5,2917.5,91.77798773614361,13.111141105163375,786200.0,7.0
0.0,0.0,0.0,2.0,0.0,0.0,0.0,0.0,0.0,0.0,6.0,5369.8289794921875,894.9714965820312,26.351225379822036,4.391870896637006,788700.0,6.0
2.0,1.0,8.0,5.0,0.0,0.0,0.0,0.0,0.0,0.0,5.0,8161.69580078125,1020.2119750976562,98.9127622754381,12.364095284429762,789400.0,8.0
0.0,2.0,7.0,2.0,0.0,0.0,0.0,0.0,0.0,0.0,5.0,9817.129150390625,1402.447021484375,42.13800461821689,6.019714945459556,794700.0,7.0
