ISO,RCP85_2030_SSP4_RP100_GFDL,RCP85_2030_SSP5_RP100_GFDL,RCP85_2030_SSP4_RP100_hadGEM,RCP85_2030_SSP5_RP100_hadGEM,RCP85_2030_SSP4_RP100_IPSL,RCP85_2030_SSP5_RP100_IPSL,RCP85_2030_SSP4_RP100_MIROC,RCP85_2030_SSP5_RP100_MIROC,RCP85_2030_SSP4_RP100_NorESM,RCP85_2030_SSP5_RP100_NorESM,max_SSP4,max_SSP5,min_SSP4,min_SSP5,wbregion,tot_pop_ssp4,tot_pop_ssp5,max_SSP4_region,max_SSP5_region,min_SSP4_region,min_SSP5_region
AFG,23347258.640000004,15451892.080000002,2481876.749999999,1164275.72000001,39166427.26,30986808.880000003,39082435.769999996,31184540.689999998,30760118.44,23285408.16,0.7101401155711183,0.6692824235120504,0.04499977060400048,0.024987678454655608,SAS,55153097.82,46593993.2,0.1705648639874173,0.15314798024090653,-0.3446286968782827,-0.3620236354666627
ALB,0.0,0.0,0.0,0.0,463517.0,452385.0,0.0,0.0,0.0,0.0,0.14371857639977256,0.1437186972109345,0.0,0.0,ECA,3225171.106,3147711.5280000004,0.2596675584329898,0.25867633383976757,-0.08670699346489576,-0.08620112967829673
DZA,19621540.664965004,18974415.756076,24482523.471965,23978829.898075998,23725330.433965,23067189.160076004,17082783.899965,16529691.146076001,28586572.674376998,28058347.171488,0.6593341914972076,0.6580696827699422,0.3940053828593639,0.3876810184969454,MNA,43356727.20000001,42637349.67,0.5194129906253099,0.5033613678305945,0.11660250888522931,0.10009664927413231
AGO,6711796.96969999,5848482.77309998,397935.8900000099,-269405.1900000097,5875781.918799961,4854091.4131999705,3238746.7800000003,2764440.4,3911762.7397000003,3448481.8731,0.19959942750844792,0.1948588322615161,0.01183405519976821,-0.00897599989009942,SSA,33626333.77,30013947.56,0.3412686284507667,0.3138282582420754,-0.10099571710812388,-0.12731818830540712
ARG,6713054.7568459995,6460482.122644,-1010741.7531109999,-1035534.2310019999,5823612.746305,5411393.725942999,4559364.301026002,4303388.619844001,1479348.3141259998,1354375.9880440002,0.14911994515283872,0.14599147820591807,-0.022452037149539073,-0.02340060234621304,LAC,45017819.379999995,44252460.5,0.333916679968369,0.30806970453057436,-0.0548451852367966,-0.08098049724679462
ARM,211048.4,203391.5,0.0,0.0,0.0,0.0,102825.0,99094.2,0.0,0.0,0.07412488294391949,0.07412508467864733,0.0,0.0,ECA,2847200.449,2743895.685,0.2596675584329898,0.25867633383976757,-0.08670699346489576,-0.08620112967829673
ABW,0.0,0.0,0.0,0.0,0.0,0.0,0.0,0.0,0.0,0.0,0.0,0.0,0.0,0.0,YHI,135132.81399999998,143132.202,0.17866857783198742,0.1809183490848196,-0.01952914708671649,-0.015371747782669047
AUS,7965637.81836,9432823.657219999,9274586.6465,10500529.43379,8005929.646500001,9069525.2701,2155732.24675,2424291.3126,1087494.87345,1433570.2469,0.3202235209695227,0.32468789195368375,0.03754791999747851,0.044327565040259254,YHI,28962852.63,32340378.85,0.17866857783198742,0.1809183490848196,-0.01952914708671649,-0.015371747782669047
AUT,0.0,0.0,1316798.8,1383921.1,0.0,0.0,0.0,0.0,0.0,0.0,0.14990936508299033,0.14571812026276051,0.0,0.0,YHI,8783966.227,9497247.82,0.17866857783198742,0.1809183490848196,-0.01952914708671649,-0.015371747782669047
AZE,1770701.2999999998,1811172.7999999998,0.0,0.0,1437152.6,1461327.2999999998,2200764.9,2242530.0,484121.6,492727.30000000005,0.21307544723124996,0.21440362548286424,0.0,0.0,ECA,10328571.07,10459384.7,0.2596675584329898,0.25867633383976757,-0.08670699346489576,-0.08620112967829673
BHS,0.0,0.0,0.0,0.0,0.0,0.0,0.0,0.0,0.0,0.0,0.0,0.0,0.0,0.0,YHI,414556.989,424372.14400000003,0.17866857783198742,0.1809183490848196,-0.01952914708671649,-0.015371747782669047
BHR,0.0,0.0,0.0,0.0,0.0,0.0,0.0,0.0,0.0,0.0,0.0,0.0,0.0,0.0,YHI,2305982.877,2523500.359,0.17866857783198742,0.1809183490848196,-0.01952914708671649,-0.015371747782669047
BGD,-71504838.0,-71687312.0,-28818882.0,-28818882.0,16083365.0,13441908.0,-304657.0,-304657.0,-9333590.0,-9333590.0,0.09224242240692965,0.07862764992779997,-0.41009947053586576,-0.4193307134821168,SAS,174359742.3,170956502.1,0.1705648639874173,0.15314798024090653,-0.3446286968782827,-0.3620236354666627
BRB,0.0,0.0,0.0,0.0,0.0,0.0,0.0,0.0,0.0,0.0,0.0,0.0,0.0,0.0,YHI,274551.651,276912.543,0.17866857783198742,0.1809183490848196,-0.01952914708671649,-0.015371747782669047
BLR,-1767835.5500000003,-1747269.58,1254781.1810000008,1355606.9640000006,484224.0,529781.6299999999,0.0,0.0,2213271.2199999997,2274733.1000000006,0.2538860916106237,0.25805812818388263,-0.20278981371285235,-0.198219789938186,ECA,8717575.689,8814808.957999999,0.2596675584329898,0.25867633383976757,-0.08670699346489576,-0.08620112967829673
BEL,0.0,0.0,69870.3,76485.9,0.0,0.0,0.0,0.0,0.0,0.0,0.006090118774509044,0.006090115240751644,0.0,0.0,YHI,11472731.91,12559023.43,0.17866857783198742,0.1809183490848196,-0.01952914708671649,-0.015371747782669047
BLZ,40765.19999999998,12823.899999999994,40765.19999999998,12823.899999999994,40765.19999999998,12823.899999999994,40765.19999999998,12823.899999999994,40765.19999999998,12823.899999999994,0.0956709810441501,0.035101450099454826,0.0956709810441501,0.035101450099454826,LAC,426097.857,365338.18299999996,0.333916679968369,0.30806970453057436,-0.0548451852367966,-0.08098049724679462
BEN,2382604.5,2002841.6000000006,1971823.8000000003,1519227.1999999997,3485755.8000000003,2918929.9,-1116341.0,-1259065.4000000001,1774193.7000000002,1369495.0999999996,0.23519303002899197,0.21426523648426765,-0.075322437198726,-0.09242220776873027,SSA,14820829.51,13622974.72,0.3412686284507667,0.3138282582420754,-0.10099571710812388,-0.12731818830540712
BTN,-112658.7,-112658.7,0.0,0.0,-1480924.3,-1480924.3,0.0,0.0,0.0,0.0,0.0,0.0,-1.524687944076159,-1.4842144011051475,SAS,971296.6549999999,997783.271,0.1705648639874173,0.15314798024090653,-0.3446286968782827,-0.3620236354666627
BOL,399468.99060799996,179324.23187200003,207823.490928,145517.30333199998,5096276.342998002,4151173.7231220016,3823059.179008,3172478.708812,194047.47078999906,84847.97214999999,0.37463269337076416,0.3617739704091387,0.014264635928489826,0.007394484021445369,LAC,13603394.56,11474495.3,0.333916679968369,0.30806970453057436,-0.0548451852367966,-0.08098049724679462
BIH,-148427.8,-147552.6,2021672.1999999997,2051674.1,-99801.1,-99801.1,0.0,0.0,73724.3,74599.5,0.5668508811375104,0.5685145672488312,-0.041617245968610626,-0.040886514352079545,ECA,3566497.4110000003,3608832.9450000003,0.2596675584329898,0.25867633383976757,-0.08670699346489576,-0.08620112967829673
BWA,-58646.10799999999,-54199.384999999995,82414.72310000003,103870.8071,1486414.3909,1607686.7442,225887.42940000002,276042.1479,-90297.54000000004,-69657.24900000001,0.6566646152398807,0.6643124529805866,-0.03989143251318058,-0.02878308110582574,SSA,2263582.2860000003,2420076.181,0.3412686284507667,0.3138282582420754,-0.10099571710812388,-0.12731818830540712
BRA,91187128.553855,89631522.521321,13930923.094432,13468830.468452003,39418779.88459499,38347148.73027299,53702642.9111691,53023841.433088005,32699485.191430993,31807189.436311997,0.41961079575360094,0.41685208539694185,0.06410516284416659,0.06263990514382417,LAC,217313590.29999998,215019969.1,0.333916679968369,0.30806970453057436,-0.0548451852367966,-0.08098049724679462
BRN,83112.29999999999,88872.09999999998,0.0,0.0,0.0,0.0,0.0,0.0,0.0,0.0,0.16747138696234393,0.17670321731515878,0.0,0.0,YHI,496277.612,502945.568,0.17866857783198742,0.1809183490848196,-0.01952914708671649,-0.015371747782669047
BGR,-2842690.2,-2790719.1000000006,312153.80000000005,339412.6000000001,5059312.1,5152192.5,2459755.0,2502756.0,4585366.3,4666485.600000001,0.7621032457087389,0.7627604225108899,-0.428205136418531,-0.41315422120295603,ECA,6638617.705,6754666.797,0.2596675584329898,0.25867633383976757,-0.08670699346489576,-0.08620112967829673
BFA,12758061.299999999,9881628.7,10262234.7,6247948.3999999985,12454785.3,8246347.300000001,301989.2000000011,-1911345.6999999993,6747270.1000000015,3658882.1000000015,0.4361108563297733,0.3982775115148594,0.01032294527494892,-0.07703649187310861,SSA,29254170.39,24810913.029999997,0.3412686284507667,0.3138282582420754,-0.10099571710812388,-0.12731818830540712
BDI,4152645.0,4062832.0,0.0,0.0,0.0,0.0,0.0,0.0,0.0,0.0,0.30747850457661646,0.3074782056634136,0.0,0.0,SSA,13505480.67,13213398.3,0.3412686284507667,0.3138282582420754,-0.10099571710812388,-0.12731818830540712
KHM,-2569426.330000001,-2828969.630000001,8734051.29,8286248.6,10074768.1,9706254.6,60229.8,58041.2,0.0,0.0,0.6329957341834554,0.6328375887640237,-0.16143656013170687,-0.18444584374861267,EAP,15916012.63,15337670.790000001,0.33202459883596175,0.32409420671771716,-0.11521378571454723,-0.12699194841974726
CMR,-681655.54,-1223074.5099999998,-1521048.3200000003,-2196424.460000001,1677175.1000000006,778690.6600000011,-4447636.71,-4606020.13,-2813308.2100000004,-3045083.91,0.05806307015026476,0.0298049766863285,-0.15397524223655756,-0.17629892028165534,SSA,28885401.61,26126195.91,0.3412686284507667,0.3138282582420754,-0.10099571710812388,-0.12731818830540712
CAN,485220.382,695129.0057999999,-3284964.114480001,-2567105.982570001,-744846.2911,-723808.1186,619918.2076000001,807066.5201000001,592854.2198400002,801068.3738300002,0.015311601179264344,0.017892253988741592,-0.08113660768868346,-0.056911433087906256,YHI,40486830.89,45107034.62,0.17866857783198742,0.1809183490848196,-0.01952914708671649,-0.015371747782669047
CPV,0.0,0.0,134489.4,121509.20000000001,0.0,0.0,22629.3,20746.1,0.0,0.0,0.24912870002158252,0.24551560501680814,0.0,0.0,SSA,539839.047,494914.366,0.3412686284507667,0.3138282582420754,-0.10099571710812388,-0.12731818830540712
CAF,1104692.0771,899937.4006999999,-1706883.3560000001,-1744044.4510000004,-154161.51,-298599.32900000014,-205524.17799999996,-229416.11799999996,-56597.75,-76842.10999999999,0.17461433980179564,0.1548415068984357,-0.2698003511612343,-0.300076950553051,SSA,6326468.252,5811990.717,0.3412686284507667,0.3138282582420754,-0.10099571710812388,-0.12731818830540712
TCD,5973128.949999999,4945834.02,-5209371.03700001,-5362841.597000009,1081045.84799999,383448.0479999902,-3906291.3500000103,-4041483.84000001,862965.7400000002,502493.88000000035,0.3165331582069258,0.2915176599282404,-0.2760594456299661,-0.31609694676394956,SSA,18870468.37,16965812.71,0.3412686284507667,0.3138282582420754,-0.10099571710812388,-0.12731818830540712
CHL,13262545.16312,13232378.86896,723218.41812,720888.7259600001,1866372.44312,1861794.22896,1503584.6431200001,1499907.1079600002,3756924.18312,3748091.56796,0.6883350103238092,0.6883200744018573,0.03753552211737678,0.03749909116131939,YHI,19267573.150000002,19224165.27,0.17866857783198742,0.1809183490848196,-0.01952914708671649,-0.015371747782669047
CHN,323651162.29635,327121221.29695,-48827145.09771001,-47919519.502519995,260971914.66341406,264832295.53780395,419952232.7318901,424058531.96148,17471031.497890003,17890443.63708,0.31107653029656934,0.3119939257763087,-0.03616834891548217,-0.035255979738815064,EAP,1349996518.0,1359188423.0,0.33202459883596175,0.32409420671771716,-0.11521378571454723,-0.12699194841974726
COL,-3455739.7141000032,-4047794.1239000037,-851191.7,-856454.2999999999,35917677.3252,34978063.7624,-992882.0,-1047593.3999999999,1722498.2020000005,1570191.0829999996,0.641844470367834,0.6371489431306072,-0.06175364310011815,-0.07373329082970971,LAC,55960094.669999994,54897781.97,0.333916679968369,0.30806970453057436,-0.0548451852367966,-0.08098049724679462
COM,0.0,0.0,0.0,0.0,0.0,0.0,0.0,0.0,0.0,0.0,0.0,0.0,0.0,0.0,SSA,1156737.323,926755.292,0.3412686284507667,0.3138282582420754,-0.10099571710812388,-0.12731818830540712
CRI,1177670.1000000006,1194694.1000000006,-2336186.3,-2330985.5,1250907.7999999998,1267931.7999999998,-1349379.1999999997,-1341394.4,1361598.7000000002,1378454.6000000006,0.2345807117737931,0.2367612319314635,-0.4024858756770141,-0.40036646734276066,LAC,5804393.25,5822129.698999999,0.333916679968369,0.30806970453057436,-0.0548451852367966,-0.08098049724679462
CIV,3864865.1999999993,2155178.6999999993,4785922.069999998,1682136.0899999999,8937636.170000002,5909040.290000001,14797703.99,12131744.389999999,6931089.29,4633968.79,0.5176707736963294,0.5085670773867056,0.1352052831755569,0.07051574839997106,SSA,28585164.05,23854757.67,0.3412686284507667,0.3138282582420754,-0.10099571710812388,-0.12731818830540712
HRV,0.0,0.0,778684.0,799458.8,0.0,0.0,0.0,0.0,0.0,0.0,0.1865649632134263,0.18710090122650985,0.0,0.0,YHI,4173795.479,4272875.196,0.17866857783198742,0.1809183490848196,-0.01952914708671649,-0.015371747782669047
CUB,1677206.2999999998,1519045.38,661107.2999999998,611790.0,2831548.5999999996,2697753.3,-40274.0,-47557.0,3801902.1500000004,3696476.5300000003,0.3608369808109709,0.35910004091328085,-0.003822388896879169,-0.004619999750333298,LAC,10536342.870000001,10293723.5,0.333916679968369,0.30806970453057436,-0.0548451852367966,-0.08098049724679462
CYP,186180.0,240342.0,285212.0,324080.0,298479.0,352641.0,1032702.0,1086864.0,298479.0,352641.0,0.7661415471550548,0.7653695112178127,0.13812332429813062,0.16924881039864376,YHI,1347925.855,1420051.34,0.17866857783198742,0.1809183490848196,-0.01952914708671649,-0.015371747782669047
CZE,0.0,0.0,-5328.0,-4346.899999999994,0.0,0.0,0.0,0.0,0.0,0.0,0.0,0.0,-0.00048106383366297,-0.00036131199584668616,YHI,11075453.25,12030876.5,0.17866857783198742,0.1809183490848196,-0.01952914708671649,-0.015371747782669047
COD,24110738.773,20426727.55,14889734.537,12022887.418000001,-770548.0700000003,-2459045.3200000003,14203651.729,12504888.151999999,3351024.8600000003,2899762.2700000005,0.21315684512986557,0.20109287901460296,-0.006812217459136373,-0.024208307562519266,SSA,113112664.80000001,101578572.30000001,0.3412686284507667,0.3138282582420754,-0.10099571710812388,-0.12731818830540712
DNK,0.0,0.0,168285.9,188086.6,0.0,0.0,0.0,0.0,38636.3,42358.0,0.028430443153757187,0.028983744456074864,0.0,0.0,YHI,5919214.8040000005,6489382.359999999,0.17866857783198742,0.1809183490848196,-0.01952914708671649,-0.015371747782669047
DJI,23553.5,16612.100000000006,26071.199999999983,18074.099999999977,-30283.300000000017,-42809.70000000001,4490.399999999994,-2451.0,45134.29999999999,37137.19999999998,0.03746154825964534,0.03240934339416608,-0.025135192180034224,-0.037359689688539595,MNA,1204816.728,1145879.432,0.5194129906253099,0.5033613678305945,0.11660250888522931,0.10009664927413231
DOM,2667142.2,2337758.5999999996,530562.2000000002,328056.5999999996,1261422.2000000002,906235.6000000006,0.0,0.0,4335864.2,3979532.6000000006,0.37169942635492254,0.3542687253468054,0.0,0.0,LAC,11664974.15,11233090.35,0.333916679968369,0.30806970453057436,-0.0548451852367966,-0.08098049724679462
TLS,-372187.0,-464306.0,659914.4,340131.0000000001,-526918.0,-619037.0,586888.0,267104.6000000001,-865019.6,-865019.6,0.3697761074978615,0.24562402902228328,-0.4847046535086325,-0.6246699046403997,EAP,1784632.3399999999,1384762.726,0.33202459883596175,0.32409420671771716,-0.11521378571454723,-0.12699194841974726
ECU,-1151720.449,-1158523.734,-244956.9,-244956.9,18491.32,17767.46,0.0,0.0,0.0,0.0,0.001045382257001952,0.0010453796457337936,-0.0651109884211036,-0.06816377414797116,LAC,17688572.650000002,16996179.4,0.333916679968369,0.30806970453057436,-0.0548451852367966,-0.08098049724679462
EGY,16980200.582999997,16502407.887999997,21080725.113000005,20629116.858000003,25763429.703,25277505.417999998,25926384.923,25438973.128,21338547.643,20887333.937999994,0.25301092113243406,0.2501129066245919,0.1657067193624464,0.16224967817703623,MNA,102471406.4,101709957.59999998,0.5194129906253099,0.5033613678305945,0.11660250888522931,0.10009664927413231
SLV,62310.0,-530899.0,-733208.0,-849172.0,62310.0,-530899.0,62310.0,-530899.0,62310.0,-530899.0,0.01005121191514969,-0.09496625066695247,-0.11827361556544813,-0.1518983479180736,LAC,6199252.441000001,5590396.549,0.333916679968369,0.30806970453057436,-0.0548451852367966,-0.08098049724679462
GNQ,0.0,0.0,0.0,0.0,0.0,0.0,0.0,0.0,0.0,0.0,0.0,0.0,0.0,0.0,YHI,1148891.9659999998,1087292.811,0.17866857783198742,0.1809183490848196,-0.01952914708671649,-0.015371747782669047
ERI,1230666.5,1061573.2000000002,123737.6000000001,60120.80000000005,3224035.0,2728426.6000000006,-1458125.5,-1475455.2,417420.59999999986,312297.0,0.3720655916335479,0.3353249245068564,-0.16827308848491498,-0.18133414457740907,SSA,8665232.885,8136665.068999999,0.3412686284507667,0.3138282582420754,-0.10099571710812388,-0.12731818830540712
EST,-2729.640000000003,-1995.8700000000026,564352.69,643692.49,80440.34,80142.34,-28775.9,-28775.9,123707.06,125001.70999999999,0.44306924324100994,0.47622158911952733,-0.02259175239614607,-0.02128921035935126,YHI,1273734.7459999998,1351665.915,0.17866857783198742,0.1809183490848196,-0.01952914708671649,-0.015371747782669047
ETH,4890025.205000006,-1256129.4499999955,-3392768.7750000004,-4803238.01,-37227042.32399999,-41492101.882999994,-10393453.825,-11190926.77,4850114.696000002,-889334.0429999977,0.037381498689501275,-0.007646569629924021,-0.2845798488780208,-0.35675261577753614,SSA,130814049.10000001,116304968.9,0.3412686284507667,0.3138282582420754,-0.10099571710812388,-0.12731818830540712
FJI,-22158.429999999993,-41723.79999999999,-22158.429999999993,-41723.79999999999,-313142.93,-316100.89999999997,316159.26999999996,296593.89999999997,-22158.429999999993,-41723.79999999999,0.3531369439044366,0.3513351875257437,-0.349767815776779,-0.37444252554943436,EAP,895288.005,844190.7059999999,0.33202459883596175,0.32409420671771716,-0.11521378571454723,-0.12699194841974726
FIN,-26547.940000000002,-686.5400000000373,-158532.98999999976,159623.6000000001,-941790.1707699997,-624718.65025,-309285.38999999996,-285954.32999999996,1917741.8220000002,2287664.8090000004,0.3372833320426464,0.3687968229828247,-0.16563758647712196,-0.10071154330123648,YHI,5685848.187000001,6203049.122,0.17866857783198742,0.1809183490848196,-0.01952914708671649,-0.015371747782669047
FRA,57423.0,61992.1,2523521.7,2735178.4000000004,153651.6,169238.8,0.0,0.0,46457.5,50154.1,0.0366926073987349,0.03683892452644432,0.0,0.0,YHI,68774662.77000001,74246966.63000001,0.17866857783198742,0.1809183490848196,-0.01952914708671649,-0.015371747782669047
PYF,0.0,0.0,0.0,0.0,0.0,0.0,0.0,0.0,0.0,0.0,0.0,0.0,0.0,0.0,YHI,317252.521,315125.868,0.17866857783198742,0.1809183490848196,-0.01952914708671649,-0.015371747782669047
GAB,0.0,0.0,0.0,0.0,0.0,0.0,0.0,0.0,0.0,0.0,0.0,0.0,0.0,0.0,SSA,2052772.247,1925010.9659999998,0.3412686284507667,0.3138282582420754,-0.10099571710812388,-0.12731818830540712
GMB,0.0,0.0,1140052.0,711893.0,1140052.0,711893.0,0.0,0.0,1140052.0,711893.0,0.41413185306344147,0.29717294936254895,0.0,0.0,SSA,2752872.042,2395551.148,0.3412686284507667,0.3138282582420754,-0.10099571710812388,-0.12731818830540712
GEO,0.0,0.0,0.0,0.0,0.0,0.0,0.0,0.0,0.0,0.0,0.0,0.0,0.0,0.0,ECA,3749400.9910000004,3585553.959,0.2596675584329898,0.25867633383976757,-0.08670699346489576,-0.08620112967829673
DEU,0.0,0.0,282644.0,282486.0,0.0,0.0,0.0,0.0,0.0,0.0,0.0035350710403251866,0.0032933940155899697,0.0,0.0,YHI,79954263.09,85773520.77000001,0.17866857783198742,0.1809183490848196,-0.01952914708671649,-0.015371747782669047
GHA,17693116.099999998,14214452.3,14605340.899999999,10343994.8,22319999.999999996,17953090.9,585881.7999999998,-145834.7000000002,20278218.1,17024566.6,0.5858931056713231,0.5380845117747076,0.015379216279493948,-0.004370912718394973,SSA,38095686.370000005,33364816.320000004,0.3412686284507667,0.3138282582420754,-0.10099571710812388,-0.12731818830540712
GRC,1072116.8,1080906.9,608365.9,621934.9,4052343.8,4203053.2,881833.2999999999,894971.9999999999,458147.5,456523.0,0.36187507454110174,0.3537570038328931,0.04091265916611503,0.0384240220087635,YHI,11198184.360000001,11881187.239999998,0.17866857783198742,0.1809183490848196,-0.01952914708671649,-0.015371747782669047
GRD,0.0,0.0,0.0,0.0,0.0,0.0,0.0,0.0,0.0,0.0,0.0,0.0,0.0,0.0,LAC,103290.808,93675.73,0.333916679968369,0.30806970453057436,-0.0548451852367966,-0.08098049724679462
GUM,0.0,0.0,0.0,0.0,0.0,0.0,0.0,0.0,0.0,0.0,0.0,0.0,0.0,0.0,YHI,212936.332,212505.859,0.17866857783198742,0.1809183490848196,-0.01952914708671649,-0.015371747782669047
GTM,7964130.710000001,3727959.7300000004,-503629.29000000004,-1044615.6699999999,7964130.710000001,3727959.7300000004,7964130.710000001,3727959.7300000004,7964130.710000001,3727959.7300000004,0.35438405323955796,0.20466232330718,-0.0224102536258299,-0.05734865327670437,LAC,22473163.33,18215173.509999998,0.333916679968369,0.30806970453057436,-0.0548451852367966,-0.08098049724679462
GIN,81626.29999999999,23344.900000000023,3228913.0999999996,1886093.8999999994,6751573.0,5594401.7,-31365.900000000023,-81446.40000000002,6940225.8,5785884.8,0.49048283374132357,0.48667753035086986,-0.002216705328931372,-0.006850833395087489,SSA,14149783.28,11888539.0,0.3412686284507667,0.3138282582420754,-0.10099571710812388,-0.12731818830540712
GNB,-15645.9,-15645.9,157278.00000000012,45859.09999999998,264987.80000000005,153568.8999999999,-262049.5,-262049.5,365496.70000000007,254077.79999999993,0.16849389201107207,0.1303682494385227,-0.12080475734679799,-0.13445855789541694,SSA,2169198.513,1948923.9219999998,0.3412686284507667,0.3138282582420754,-0.10099571710812388,-0.12731818830540712
GUY,-10043.039059999981,-64416.74443999992,-41374.85216000001,-91042.04003999999,18641.02164999998,3955.0297699999937,54291.05783999991,-81.37404000002425,578275.891,525023.286,0.7599057742208236,0.7599055922428618,-0.054370222852532735,-0.13177197507311045,LAC,760983.678,690905.938,0.333916679968369,0.30806970453057436,-0.0548451852367966,-0.08098049724679462
HTI,4566293.0,3610262.0,0.0,0.0,1640027.0,625863.0,0.0,0.0,6997948.0,6120060.0,0.5655093670134619,0.5537094186918845,0.0,0.0,LAC,12374592.549999999,11052837.09,0.333916679968369,0.30806970453057436,-0.0548451852367966,-0.08098049724679462
HND,3012830.0999999996,1479979.8000000007,480135.95999999996,-409396.20999999996,3046495.6999999993,1513645.4000000004,3012830.0999999996,1479979.8000000007,2358770.99,1260425.8899999997,0.28112062752096184,0.1644930464028909,0.04430537104338583,-0.04449049279884023,LAC,10836969.62,9201880.767,0.333916679968369,0.30806970453057436,-0.0548451852367966,-0.08098049724679462
HKG,0.0,0.0,0.0,0.0,0.0,0.0,0.0,0.0,0.0,0.0,0.0,0.0,0.0,0.0,YHI,8117089.214,8632692.002999999,0.17866857783198742,0.1809183490848196,-0.01952914708671649,-0.015371747782669047
HUN,-951366.0,-951366.0,512311.7999999998,640471.1000000001,0.0,0.0,0.0,0.0,0.0,0.0,0.05487989030062765,0.06418041433792633,-0.10191227630467802,-0.09533461239237119,ECA,9335146.211,9979229.748,0.2596675584329898,0.25867633383976757,-0.08670699346489576,-0.08620112967829673
ISL,0.0,0.0,0.0,0.0,0.0,0.0,0.0,0.0,0.0,0.0,0.0,0.0,0.0,0.0,YHI,400560.00600000005,444882.93700000003,0.17866857783198742,0.1809183490848196,-0.01952914708671649,-0.015371747782669047
IND,182416976.28000003,170830720.63,-544084449.9000001,-547786745.1,-89037974.86499989,-107887378.08999991,-18416475.468000002,-19376804.943000004,-259857261.61,-261917282.18,0.122497837144029,0.11721392079154681,-0.36536713685104616,-0.3758588145856881,SAS,1489144466.0,1457426894.9999998,0.1705648639874173,0.15314798024090653,-0.3446286968782827,-0.3620236354666627
IDN,8805477.882100016,9809948.942770004,123419319.58199999,124421175.55200002,-12358731.064,-12336375.031,-1758559.28,-1757193.24,-62996227.733,-62918283.593,0.4609145084382985,0.461957290663881,-0.23526199494019512,-0.23360621447991764,EAP,267770524.30000004,269334802.29999995,0.33202459883596175,0.32409420671771716,-0.11521378571454723,-0.12699194841974726
IRN,12221821.775900103,11407289.016450204,9926975.978900004,9488717.929449905,18965961.003570206,17939665.2741201,19464157.478900194,18411741.9094501,6734240.965899996,6130055.967450097,0.2261752125910394,0.21671136307748434,0.07825246912191448,0.0721524769889116,MNA,86057871.93,84959743.91,0.5194129906253099,0.5033613678305945,0.11660250888522931,0.10009664927413231
IRQ,23560693.649000004,15219285.230000004,22417225.329000004,15003880.260000005,28748820.156,20402776.637,29894425.565400004,21549302.795900002,17714160.194999997,11545323.035999998,0.5423769166345196,0.46527755929770626,0.32138940306162334,0.24927858568657288,MNA,55117437.06,46314941.19,0.5194129906253099,0.5033613678305945,0.11660250888522931,0.10009664927413231
IRL,0.0,0.0,0.0,0.0,0.0,0.0,0.0,0.0,0.0,0.0,0.0,0.0,0.0,0.0,YHI,5371562.9120000005,5881843.389,0.17866857783198742,0.1809183490848196,-0.01952914708671649,-0.015371747782669047
ISR,3945066.5999999996,4144355.7,2931455.6,3436172.7,5645612.6,5844901.7,5645612.6,5844901.7,5628127.300000001,5818609.6,0.5307056747978474,0.48928858659793995,0.2755662197469817,0.2876489922301734,YHI,10637935.239999998,11945714.37,0.17866857783198742,0.1809183490848196,-0.01952914708671649,-0.015371747782669047
ITA,11601071.7,12525836.600000001,7876113.7,8543371.600000001,-600168.9000000004,-217496.20000000112,5167931.9,5302662.3,5012240.1,5210092.2,0.19021571806592094,0.1916054073159222,-0.00984060449125006,-0.003326999171509669,YHI,60989027.71,65373085.11000001,0.17866857783198742,0.1809183490848196,-0.01952914708671649,-0.015371747782669047
JAM,936336.0,872332.0,-178529.0,-178529.0,-178933.0,-242937.0,0.0,0.0,808125.0,720472.0,0.3377152478493195,0.3377154547304615,-0.06453709185956995,-0.09405086529653174,LAC,2772560.6289999997,2583038.4359999998,0.333916679968369,0.30806970453057436,-0.0548451852367966,-0.08098049724679462
JPN,-1672487.9,-1683073.7,0.0,0.0,98132.1,87546.3,0.0,0.0,98132.1,87546.3,0.0008288229510878505,0.0006983076143905349,-0.01412581975660076,-0.013424932638963048,YHI,118399351.6,125369247.3,0.17866857783198742,0.1809183490848196,-0.01952914708671649,-0.015371747782669047
JOR,6306052.3100000005,5838999.66,1314445.3,1231010.9,9408028.34,8940004.84,7740669.61,7273616.96,8259419.340000001,7848902.39,0.9135597806409356,0.9110737287096043,0.1276382592117605,0.12545202276928138,MNA,10298207.67,9812603.040000001,0.5194129906253099,0.5033613678305945,0.11660250888522931,0.10009664927413231
KAZ,-4873331.62385,-4863495.65838,-2707361.18107,-2703993.5424699998,5952775.90593999,6014307.23973001,-267900.16269000096,-264606.798720001,1054325.97937,1067151.90739,0.3297838302474401,0.33046371067402763,-0.2699826088490138,-0.26723091422702705,ECA,18050539.05,18199599.67,0.2596675584329898,0.25867633383976757,-0.08670699346489576,-0.08620112967829673
KEN,10310022.420000002,6080998.390000001,-3877548.9143000003,-4432846.6796,-19310762.5823,-19640286.892300002,5853839.579999998,2188204.0700000003,7803702.367999999,5283575.7127,0.1586267713771883,0.10605096660159918,-0.29710933657326266,-0.3425212893801035,SSA,64995475.42,57340339.129999995,0.3412686284507667,0.3138282582420754,-0.10099571710812388,-0.12731818830540712
KWT,608428.8999999999,751909.1000000001,-119843.9,-119843.9,-78040.0,-75002.79999999999,1729908.0,1864295.2000000002,0.0,0.0,0.405113986752914,0.40701402163923706,-0.02806533070950452,-0.026164390547125025,YHI,4270175.942,4580420.086,0.17866857783198742,0.1809183490848196,-0.01952914708671649,-0.015371747782669047
KGZ,263414.1,200632.82000000007,0.0,0.0,387299.26,341228.69,0.0,0.0,49942.619999999995,4013.640000000014,0.06554621350180749,0.06039124367963578,0.0,0.0,ECA,5908796.852,5650300.759,0.2596675584329898,0.25867633383976757,-0.08670699346489576,-0.08620112967829673
LAO,2054114.4300000006,1330735.5,6594760.53,5768978.2,5393547.33,4597074.1,3919636.93,3377925.5000000005,-169054.90000000002,-174887.5,0.8076945488328353,0.7956445190273379,-0.020705030995792673,-0.02412009128781134,EAP,8164918.952999999,7250698.097000001,0.33202459883596175,0.32409420671771716,-0.11521378571454723,-0.12699194841974726
LVA,-1599.729999999996,-1445.479999999996,-56277.6399999999,-34058.31999999983,1102835.5599999998,1119594.38,0.0,0.0,510980.16000000015,531544.0800000001,0.5565632295984484,0.5576806822266955,-0.028401392019476383,-0.016964775343991115,YHI,1981509.919,2007590.3930000002,0.17866857783198742,0.1809183490848196,-0.01952914708671649,-0.015371747782669047
LBN,2476573.0,2459887.0,0.0,0.0,3603971.0,3587285.0,391293.0,374607.0,3397971.0,3381285.0,0.7713036222508778,0.7708003599242116,0.0,0.0,MNA,4672571.081,4653974.215,0.5194129906253099,0.5033613678305945,0.11660250888522931,0.10009664927413231
LSO,0.0,0.0,0.0,0.0,612325.0,570974.8,0.0,0.0,0.0,0.0,0.2419771908626716,0.23479192135149876,0.0,0.0,SSA,2530507.102,2431833.245,0.3412686284507667,0.3138282582420754,-0.10099571710812388,-0.12731818830540712
LBR,75945.4,72060.6,1067013.1,897632.0,2011721.8,1908817.7,389525.7,369600.4,373812.9,354691.4,0.25306502528461416,0.2530649279862366,0.009553569768568465,0.009553563208076392,SSA,7949426.427999999,7542798.266,0.3412686284507667,0.3138282582420754,-0.10099571710812388,-0.12731818830540712
LBY,1749292.0843899995,1688286.2752299998,2210720.93769,2175784.0171299996,4921333.73849,4858636.2293300005,4682832.54559,4622593.92503,4803947.80159,4749231.78103,0.6138603507399469,0.6117724008493773,0.21819716148731166,0.21257960035854298,MNA,8017024.9350000005,7941901.632999999,0.5194129906253099,0.5033613678305945,0.11660250888522931,0.10009664927413231
LTU,-154386.89999999997,-156278.59999999998,-73855.70000000019,-87325.0,921533.1,916162.8,0.0,0.0,1250258.4,1240364.2999999998,0.41945243530213344,0.41857208258767875,-0.05179566174780104,-0.05273761834800212,YHI,2980691.718,2963323.0489999996,0.17866857783198742,0.1809183490848196,-0.01952914708671649,-0.015371747782669047
LUX,0.0,0.0,0.0,0.0,0.0,0.0,0.0,0.0,0.0,0.0,0.0,0.0,0.0,0.0,YHI,662372.942,750502.6359999999,0.17866857783198742,0.1809183490848196,-0.01952914708671649,-0.015371747782669047
MAC,0.0,0.0,0.0,0.0,0.0,0.0,0.0,0.0,0.0,0.0,0.0,0.0,0.0,0.0,YHI,665709.6610000001,704168.19,0.17866857783198742,0.1809183490848196,-0.01952914708671649,-0.015371747782669047
MKD,-9474.799999999988,3721.5,390303.4,403499.7,489104.9,502301.2,489104.9,502301.2,489104.9,502301.2,0.22750270467934544,0.22750241582372185,-0.004407117218199735,0.0016855429381573861,ECA,2149886.089,2207893.917,0.2596675584329898,0.25867633383976757,-0.08670699346489576,-0.08620112967829673
MDG,9887129.9,8503150.6,9013946.4,7491502.84,-1984333.44,-1984333.44,21148234.810000002,17065826.14,13486879.9,9866773.229999999,0.5940721787756021,0.5574203435013189,-0.05574163993869923,-0.06481419760590351,SSA,35598763.19,30615721.759999998,0.3412686284507667,0.3138282582420754,-0.10099571710812388,-0.12731818830540712
MWI,0.0,0.0,5419437.1,4740780.0,0.0,0.0,21014751.0,17592219.9,-10076406.7,-10306415.7,0.7605568121541781,0.7278343837632882,-0.3646809689879743,-0.42640233935557953,SSA,27630744.56,24170635.919999998,0.3412686284507667,0.3138282582420754,-0.10099571710812388,-0.12731818830540712
MYS,4546975.620000001,4600928.73,-359558.30000000005,-357654.30000000005,526280.0,527739.8,0.0,0.0,-1989780.4,-1989780.4,0.12640622550779376,0.12762871531118,-0.055316027833328923,-0.05519605521108905,EAP,35971136.72,36049322.59,0.33202459883596175,0.32409420671771716,-0.11521378571454723,-0.12699194841974726
MDV,0.0,0.0,0.0,0.0,0.0,0.0,0.0,0.0,0.0,0.0,0.0,0.0,0.0,0.0,SAS,390522.43799999997,388837.74,0.1705648639874173,0.15314798024090653,-0.3446286968782827,-0.3620236354666627
MLI,549005.69,363599.314,10140705.223219998,6671100.06622,14879875.722000001,11369113.913,-6446299.43078,-6911165.82078,8469315.648,6136462.638,0.5438118560659022,0.48471903436528235,-0.23559162211456006,-0.29465564762758706,SSA,27362176.009999998,23455059.75,0.3412686284507667,0.3138282582420754,-0.10099571710812388,-0.12731818830540712
MLT,0.0,0.0,0.0,0.0,0.0,0.0,0.0,0.0,0.0,0.0,0.0,0.0,0.0,0.0,YHI,435115.24700000003,448641.656,0.17866857783198742,0.1809183490848196,-0.01952914708671649,-0.015371747782669047
MRT,893913.1835999999,697719.7821,1735139.0196999996,1223746.8932000003,1761724.2417000001,1262732.2542000003,-2552426.6939,-2563759.5349,-674704.2799,-896085.2899,0.33178743971748176,0.2654100679150369,-0.48070129126363453,-0.5388692575265908,SSA,5309797.873,4757665.239,0.3412686284507667,0.3138282582420754,-0.10099571710812388,-0.12731818830540712
MUS,0.0,0.0,0.0,0.0,0.0,0.0,0.0,0.0,0.0,0.0,0.0,0.0,0.0,0.0,SSA,1389292.249,1399259.5990000002,0.3412686284507667,0.3138282582420754,-0.10099571710812388,-0.12731818830540712
MEX,20605023.133999996,18275667.633999996,23272694.577000003,22073015.3341,49658439.20899991,46283081.27800011,24687858.908000007,22256931.042000003,39082399.06,37303736.439,0.37498119680525127,0.36226265677130104,0.15559281278391218,0.14304561685501055,LAC,132429144.79999998,127761115.89999999,0.333916679968369,0.30806970453057436,-0.0548451852367966,-0.08098049724679462
FSM,0.0,0.0,0.0,0.0,0.0,0.0,0.0,0.0,0.0,0.0,0.0,0.0,0.0,0.0,EAP,121299.503,95402.34999999999,0.33202459883596175,0.32409420671771716,-0.11521378571454723,-0.12699194841974726
MDA,-784558.6,-793381.9,718957.7,626356.6000000001,0.0,0.0,0.0,0.0,0.0,0.0,0.25756574350093375,0.23781093043841384,-0.2810671881378441,-0.30122599144320755,ECA,2791356.064,2633842.7709999997,0.2596675584329898,0.25867633383976757,-0.08670699346489576,-0.08620112967829673
MNG,69487.39199999999,40602.279039999936,2002679.7760899998,1962868.40783,215232.42040000003,209921.93704000002,-56637.054000000004,-61129.02416,-380153.7889,-382012.64629999996,0.6051693565355393,0.6033116554824458,-0.11487479254537672,-0.11741626750683522,EAP,3309288.143,3253489.95,0.33202459883596175,0.32409420671771716,-0.11521378571454723,-0.12699194841974726
MNE,0.0,0.0,0.0,0.0,0.0,0.0,0.0,0.0,0.0,0.0,0.0,0.0,0.0,0.0,ECA,655296.631,666794.7670000001,0.2596675584329898,0.25867633383976757,-0.08670699346489576,-0.08620112967829673
MAR,23592257.303,22146805.408999998,17093426.033,15939213.439000001,12498678.733000001,11060813.329000002,12262473.752999999,11053602.458999999,7869619.682999999,7098151.168999999,0.662302579785354,0.6577699500693839,0.22092287952953663,0.2108182400934766,MNA,35621569.39,33669530.52,0.5194129906253099,0.5033613678305945,0.11660250888522931,0.10009664927413231
MOZ,1774178.7829999998,1517478.579,2784110.249999999,1815262.13,3370297.4721000004,2797603.0020999997,9862012.9077,7906771.130000001,-2767307.3593000006,-3578075.5709999995,0.2805657790289309,0.24805409326967728,-0.07872751256168974,-0.11225268530250067,SSA,35150448.29,31875189.1,0.3412686284507667,0.3138282582420754,-0.10099571710812388,-0.12731818830540712
MMR,-6786091.810000002,-7312990.75,10879096.63,10407644.299999999,28832567.689999998,27892221.75,-3526347.9,-3601675.4,-6769861.399999999,-6810206.199999999,0.5797295794273356,0.5755163645718722,-0.13644633364828798,-0.15089317331229551,EAP,49734511.94,48464689.22,0.33202459883596175,0.32409420671771716,-0.11521378571454723,-0.12699194841974726
NAM,-34851.09943,-52437.382450000034,1096172.40787,1013546.1283500001,462667.68377,412406.77885000105,259313.87597000005,219687.35794999998,403923.903549999,364467.57553000003,0.36273524077791836,0.3528526004595506,-0.011532603678358105,-0.018255377077800967,SSA,3021962.811,2872434.9119999995,0.3412686284507667,0.3138282582420754,-0.10099571710812388,-0.12731818830540712
NPL,2424366.0,1983585.0,0.0,0.0,-3619226.3999999985,-7021004.3999999985,0.0,0.0,-2686948.0,-2686948.0,0.05447301121828733,0.051205148259676446,-0.08132029581701837,-0.18124334033270095,SAS,44505819.410000004,38737999.35,0.1705648639874173,0.15314798024090653,-0.3446286968782827,-0.3620236354666627
NLD,0.0,0.0,0.0,0.0,0.0,0.0,0.0,0.0,0.0,0.0,0.0,0.0,0.0,0.0,YHI,17498476.759999998,18813447.21,0.17866857783198742,0.1809183490848196,-0.01952914708671649,-0.015371747782669047
NCL,61693.7,64209.2,61693.7,64209.2,0.0,0.0,0.0,0.0,0.0,0.0,0.19486472139345196,0.19486470626161878,0.0,0.0,YHI,316597.584,329506.565,0.17866857783198742,0.1809183490848196,-0.01952914708671649,-0.015371747782669047
NZL,-37204.4,-37204.4,2019643.4231999998,2191925.7061,1004720.4225999999,1089745.3715,0.0,0.0,0.0,0.0,0.39107637285733915,0.3913226397391402,-0.007204124074179586,-0.006642070019706526,YHI,5164319.716999999,5601326.076,0.17866857783198742,0.1809183490848196,-0.01952914708671649,-0.015371747782669047
NIC,847022.8700000001,235856.91999999993,587688.8700000001,76272.91999999993,847022.8700000001,235856.91999999993,798647.8700000001,216711.91999999993,1880692.17,1269526.2199999997,0.2846629441868889,0.21136798912687577,0.088953017760512,0.01269895294107045,LAC,6606733.361,6006236.92,0.333916679968369,0.30806970453057436,-0.0548451852367966,-0.08098049724679462
NER,5908000.512,4664173.612,-2676277.3099999996,-3243227.7499999995,6443303.891999999,3703392.2919999994,-5319742.068,-5323116.768,-1630964.758,-2070368.098,0.19858467257881762,0.17525036722396348,-0.16395614027908748,-0.2000093148265163,SSA,32446128.94,26614344.300000004,0.3412686284507667,0.3138282582420754,-0.10099571710812388,-0.12731818830540712
NGA,61989852.8,54573604.599999994,-58600870.8,-59550762.099999994,73138650.39999999,60086242.89999999,-39177841.2,-41485685.9,43232182.199999996,36123412.199999996,0.27297302847986465,0.2503836210476658,-0.21871414206233794,-0.24815223470639233,SSA,267933615.29999998,239976731.09999996,0.3412686284507667,0.3138282582420754,-0.10099571710812388,-0.12731818830540712
PRK,0.0,0.0,-642800.0,-642800.0,992874.7,1000950.4,105756.0,106616.0,0.0,0.0,0.039523618827142566,0.039523641355835575,-0.025588105107409064,-0.02538167392063693,EAP,25121047.35,25325358.84,0.33202459883596175,0.32409420671771716,-0.11521378571454723,-0.12699194841974726
NOR,929.54,1575.2200000000003,20963.523,22465.177000000003,10402.178500000002,10090.2964,10325.3295,12270.423199999997,-1604.2404999999999,-2666.8967999999995,0.0035907847561146137,0.003446132090535653,-0.0002747859857592488,-0.0004090988753227647,YHI,5838145.259,6518954.123,0.17866857783198742,0.1809183490848196,-0.01952914708671649,-0.015371747782669047
OMN,1047302.6529999999,1224505.9420000003,1380341.1870000004,1576906.1640000003,1202748.0914999996,1379354.88777,1722874.274,1915079.4149999998,1543473.7193900002,1721291.7843900002,0.46472493919379615,0.5125744257046214,0.2824974921721574,0.32774120231068676,YHI,3707298.939,3736197.748,0.17866857783198742,0.1809183490848196,-0.01952914708671649,-0.015371747782669047
PAK,80170691.4757,56099302.2815,-4286630.9244,-5733300.9044,55930482.345699996,34337474.53150001,34329900.7157,26516362.4015,2405879.555700004,-10851045.748500004,0.3153048095258934,0.25177504469775097,-0.01685897080650002,-0.0486997594842971,SAS,254264093.2,222815181.5,0.1705648639874173,0.15314798024090653,-0.3446286968782827,-0.3620236354666627
PAN,830823.7199999997,804118.9499999997,-967160.8,-967160.8,153769.21999999997,147675.51,0.0,0.0,593016.5,572089.2999999998,0.19063175534935856,0.18609657986455852,-0.22191417574005948,-0.22382921961865268,LAC,4358265.067,4320976.509,0.333916679968369,0.30806970453057436,-0.0548451852367966,-0.08098049724679462
PNG,2697445.909999999,1853592.8500000006,1108674.3699999999,890266.0900000001,-283663.45999999996,-289777.86,4665817.45,4218727.76,87310.84,66249.23999999999,0.46513357162548763,0.4650463701301776,-0.028278302720446902,-0.0319433131511408,EAP,10031134.57,9071628.188,0.33202459883596175,0.32409420671771716,-0.11521378571454723,-0.12699194841974726
PRY,3475276.232519999,2513909.2770799994,4367585.698600001,4066810.4009999996,2898391.4561400004,1932200.1901000012,4860959.843739999,3926781.640899999,2614096.3129400006,1696139.1385000004,0.5485779848652463,0.5132585518587565,0.2950108072674296,0.214064053186105,LAC,8861018.812,7923512.207,0.333916679968369,0.30806970453057436,-0.0548451852367966,-0.08098049724679462
PER,1574089.202002,1143874.8208809998,1301631.0652,949440.2108999994,-4405847.975498,-4482969.549718999,1087161.6729999995,739168.9969999995,-4175217.7470000004,-4224163.183,0.048843931989649675,0.03763195456759761,-0.1367133060809133,-0.14748371355269083,LAC,32226914.13,30396370.16,0.333916679968369,0.30806970453057436,-0.0548451852367966,-0.08098049724679462
PHL,-8585954.5,-9586297.100000001,6181962.199999999,3399399.3000000007,663231.0,593343.0,47466058.6,40601956.7,-832485.0,-1002567.0,0.3578343724362223,0.34214084426829483,-0.06472729632271297,-0.08078092904327211,EAP,132648125.1,118670300.20000002,0.33202459883596175,0.32409420671771716,-0.11521378571454723,-0.12699194841974726
POL,-2356385.7,-2239734.8,5935755.099999998,7210432.8999999985,383107.39999999997,399927.2,-2005785.5,-2005785.5,5075959.0,5306473.7,0.1590304344487961,0.18346120936523733,-0.06313216015261996,-0.05698748754258679,YHI,37324648.71,39302220.480000004,0.17866857783198742,0.1809183490848196,-0.01952914708671649,-0.015371747782669047
PRT,577204.4,612181.7,2132499.5,2223956.4,-694906.5,-680479.4,4594923.7,5058040.0,657224.8,716057.9,0.4214744483573312,0.43140055948099093,-0.06374106576512333,-0.058038132137209084,YHI,10902021.98,11724695.040000001,0.17866857783198742,0.1809183490848196,-0.01952914708671649,-0.015371747782669047
PRI,0.0,0.0,-66526.0,-109977.0,0.0,0.0,0.0,0.0,-66526.0,-109977.0,0.0,0.0,-0.0195125221660863,-0.03435492035449274,YHI,3409400.355,3201200.843,0.17866857783198742,0.1809183490848196,-0.01952914708671649,-0.015371747782669047
QAT,-58501.3,-58501.3,24130.0,32080.59999999999,-801920.0,-793969.4,24130.0,32080.59999999999,-45625.100000000006,-44386.200000000004,0.008081472579770013,0.009801190348436076,-0.26857416042972104,-0.2425716856989453,YHI,2985841.9689999996,3273133.0439999998,0.17866857783198742,0.1809183490848196,-0.01952914708671649,-0.015371747782669047
COG,4559320.76,4209290.78,2291289.9499999997,1888009.6099999999,-2161815.35,-2193573.0500000003,12792.2,11818.6,0.0,0.0,0.7119641670042917,0.7114528019766039,-0.33757990409076666,-0.37075692184963877,SSA,6403862.682000001,5916472.278,0.3412686284507667,0.3138282582420754,-0.10099571710812388,-0.12731818830540712
ROU,-2227723.0,-2235878.3000000007,8194724.1,8184754.1,765899.1,764874.7999999999,0.0,0.0,1387023.5,1385756.0,0.4176341529586012,0.41748518963137216,-0.11353319486758487,-0.11404692977497886,ECA,19621776.72,19604896.9,0.2596675584329898,0.25867633383976757,-0.08670699346489576,-0.08620112967829673
RUS,-54250344.4690801,-54128602.2780601,-12106246.480810195,-10490663.164739996,22116939.6623218,23362495.755106904,-1518935.10901,-1489535.96831,62329480.185236596,64358124.4771119,0.45615543027659344,0.45747155540347084,-0.39702864760627565,-0.3847578853042305,YHI,136640881.7,140682242.9,0.17866857783198742,0.1809183490848196,-0.01952914708671649,-0.015371747782669047
RWA,11830950.0,10719842.0,0.0,0.0,0.0,0.0,0.0,0.0,0.0,0.0,0.6658414044132807,0.6789868540120688,0.0,0.0,SSA,17768420.41,15787996.39,0.3412686284507667,0.3138282582420754,-0.10099571710812388,-0.12731818830540712
LCA,0.0,0.0,0.0,0.0,0.0,0.0,0.0,0.0,0.0,0.0,0.0,0.0,0.0,0.0,LAC,198091.085,193476.616,0.333916679968369,0.30806970453057436,-0.0548451852367966,-0.08098049724679462
VCT,0.0,0.0,-109333.0,-109333.0,0.0,0.0,0.0,0.0,107362.0,98321.2,1.0000011456580626,0.9999999898292535,-1.018359617539101,-1.1119982149119598,LAC,107361.877,98321.201,0.333916679968369,0.30806970453057436,-0.0548451852367966,-0.08098049724679462
WSM,0.0,0.0,0.0,0.0,0.0,0.0,30803.5,24850.0,0.0,0.0,0.15697945907457567,0.1569793608147867,0.0,0.0,EAP,196226.31,158301.065,0.33202459883596175,0.32409420671771716,-0.11521378571454723,-0.12699194841974726
STP,0.0,0.0,0.0,0.0,0.0,0.0,0.0,0.0,0.0,0.0,0.0,0.0,0.0,0.0,SSA,209621.682,174101.362,0.3412686284507667,0.3138282582420754,-0.10099571710812388,-0.12731818830540712
SAU,3768456.95039998,3318681.7773999795,-5908812.64109999,-6126930.214700011,11048034.523299899,9815189.7801999,10394760.5965,9591310.2367,-1822856.9339999896,-1973604.6909999996,0.25135880197033916,0.23209863049896132,-0.13443405371351702,-0.14488279328671497,YHI,43953243.08,42288874.17,0.17866857783198742,0.1809183490848196,-0.01952914708671649,-0.015371747782669047
SEN,110881.1,89126.3,8233729.98,4669936.529999999,5101698.9799999995,3073609.7300000004,-1664228.5,-1705478.5,3823212.38,2235008.4300000006,0.3964020974847562,0.27970622213138824,-0.0801220916518214,-0.10214977122211699,SSA,20771156.439999998,16695862.16,0.3412686284507667,0.3138282582420754,-0.10099571710812388,-0.12731818830540712
SRB,-1057246.1,-1014907.6000000001,1329257.0,1383958.5,1073921.8,1103300.9,1495766.8,1526618.9,1828831.8,1870737.9,0.19155705358476005,0.19198634555666771,-0.11073896890352551,-0.10415590618102531,ECA,9547191.115,9744119.534,0.2596675584329898,0.25867633383976757,-0.08670699346489576,-0.08620112967829673
SLE,0.0,0.0,-429418.5,-538079.0999999999,0.0,0.0,0.0,0.0,0.0,0.0,0.0,0.0,-0.04731504760452852,-0.06343712156938029,SSA,9075727.95,8482085.673,0.3412686284507667,0.3138282582420754,-0.10099571710812388,-0.12731818830540712
SGP,0.0,0.0,0.0,0.0,0.0,0.0,0.0,0.0,0.0,0.0,0.0,0.0,0.0,0.0,YHI,5979314.691,6267557.772000001,0.17866857783198742,0.1809183490848196,-0.01952914708671649,-0.015371747782669047
SVK,-20612.0,-14049.0,2625033.3,2860322.8,0.0,0.0,0.0,0.0,132529.0,130252.0,0.47121433988166794,0.4817145435254713,-0.0037000178144943685,-0.002366029324378824,YHI,5570783.989,5937796.229,0.17866857783198742,0.1809183490848196,-0.01952914708671649,-0.015371747782669047
SVN,0.0,0.0,262116.5,273833.4,0.0,0.0,0.0,0.0,0.0,0.0,0.12507616216201237,0.12069289206243274,0.0,0.0,YHI,2095655.1230000001,2268844.4639999997,0.17866857783198742,0.1809183490848196,-0.01952914708671649,-0.015371747782669047
SLB,8605.419999999998,-774.4300000000076,45788.020000000004,34239.82000000001,0.0,0.0,123694.8,109219.44,0.0,0.0,0.14899354753126193,0.14899350415821283,0.0,-0.001056451483593451,EAP,830202.395,733048.334,0.33202459883596175,0.32409420671771716,-0.11521378571454723,-0.12699194841974726
SOM,3868086.4400000004,1539212.8199999994,3899609.6399999997,1666170.46,-3261059.0800000005,-4145581.6000000006,-686900.1900000002,-1133657.0100000002,4494540.77,2060593.5199999996,0.30977387856101557,0.18180210137792246,-0.22475954076799204,-0.3657564866619838,SSA,14509101.899999999,11334266.79,0.3412686284507667,0.3138282582420754,-0.10099571710812388,-0.12731818830540712
ZAF,4103176.17131,4356609.19763,2454559.2187,2684186.7333999993,12515095.5763,13349904.53765,1883529.2478399999,2016326.3526599999,22342.677479999955,44307.019239999994,0.22168106999856663,0.22354537320962808,0.0003957579564776742,0.0007419250919644025,SSA,56455409.46,59718992.82,0.3412686284507667,0.3138282582420754,-0.10099571710812388,-0.12731818830540712
KOR,0.0,0.0,0.0,0.0,0.0,0.0,0.0,0.0,0.0,0.0,0.0,0.0,0.0,0.0,YHI,48844038.55,51325091.33,0.17866857783198742,0.1809183490848196,-0.01952914708671649,-0.015371747782669047
ESP,11518444.799999999,12351398.85,4093211.9,4274735.600000001,6135230.699999999,6702269.6,10456030.200000001,10972378.8,2210607.0999999996,2357671.0999999996,0.23265531480336027,0.23149868590952805,0.04465094895076836,0.04418914554418032,YHI,49508625.279999994,53354077.59,0.17866857783198742,0.1809183490848196,-0.01952914708671649,-0.015371747782669047
LKA,1275339.0,957901.0,1571648.0,1258751.0,-9081889.0,-9081889.0,0.0,0.0,-7481074.0,-7498658.0,0.06986071603308057,0.05707965473842769,-0.40369552754367266,-0.4118297331980068,SAS,22496877.919999998,22052533.53,0.1705648639874173,0.15314798024090653,-0.3446286968782827,-0.3620236354666627
SDN,25795544.568199996,20780813.549799997,9866935.787200004,6128602.6888,9867553.0812,5837037.0918000005,-6969036.932799999,-9276746.834199999,2532984.473200001,-224937.78620000184,0.37834866391291333,0.3396160065244459,-0.10221632675028333,-0.1516077176583696,SSA,68179293.41,61189146.42,0.3412686284507667,0.3138282582420754,-0.10099571710812388,-0.12731818830540712
SUR,71941.94789999991,54449.975600000005,71941.94789999991,54449.975600000005,73189.86789999995,55697.89560000005,73189.86789999995,55697.89560000005,140178.98089999997,122717.87860000005,0.23497168737367335,0.21191626078829265,0.12059098149009213,0.0940273362023858,LAC,596578.177,579086.655,0.333916679968369,0.30806970453057436,-0.0548451852367966,-0.08098049724679462
SWZ,0.0,0.0,0.0,0.0,1214899.0,1198689.0,0.0,0.0,0.0,0.0,0.8455930894654219,0.8527527628269241,0.0,0.0,SSA,1436741.874,1405670.0280000002,0.3412686284507667,0.3138282582420754,-0.10099571710812388,-0.12731818830540712
SWE,351153.94,399235.15,3588935.01,4172293.7689999994,3552439.96,3969125.52,44949.57,51658.170000000006,3393496.5700000003,3844052.54,0.3361698719284994,0.35135386121606843,0.0042103552023197875,0.004350196438158828,YHI,10675956.74,11874905.13,0.17866857783198742,0.1809183490848196,-0.01952914708671649,-0.015371747782669047
CHE,0.0,0.0,0.0,0.0,0.0,0.0,0.0,0.0,0.0,0.0,0.0,0.0,0.0,0.0,YHI,8368431.053,9050320.478,0.17866857783198742,0.1809183490848196,-0.01952914708671649,-0.015371747782669047
SYR,10791637.47,8185010.220000001,5044019.88,4108813.2299999995,19116929.51,16504611.91,12554385.07,9929984.370000001,13251242.45,11182843.05,0.6448844375628646,0.627358877951405,0.17015336702832815,0.15618061616601125,MNA,29643961.610000003,26308086.95,0.5194129906253099,0.5033613678305945,0.11660250888522931,0.10009664927413231
TJK,935129.1510000001,301073.7150000003,22590.531,18791.395,3319314.111,2761092.885,242429.65099999995,147570.08500000002,2988711.4510000004,2338211.6849999996,0.40011508827094144,0.40011477354677283,0.0027230963997044986,0.0027230937415757966,ECA,8295898.376,6900752.152999999,0.2596675584329898,0.25867633383976757,-0.08670699346489576,-0.08620112967829673
TZA,6685625.113000002,2767973.3280000016,22556813.471,18826831.395999998,-8970793.616,-8970793.616,33539551.385000005,26468106.088,-2938894.9560000002,-4006436.4980000006,0.43056911824697036,0.39767330867776707,-0.11516393445095778,-0.13478278978024438,SSA,77895859.14,66557411.60000001,0.3412686284507667,0.3138282582420754,-0.10099571710812388,-0.12731818830540712
THA,1426748.0,2473875.6999999955,21473171.479999997,22588126.519999996,29285648.18,30342948.619999997,228072.0,320597.10000000056,-24417763.599999998,-24391730.9,0.3997282254373878,0.40707340680361737,-0.3332850703179362,-0.3272333588817864,EAP,73263898.61,74539255.36,0.33202459883596175,0.32409420671771716,-0.11521378571454723,-0.12699194841974726
TGO,14241.199999999953,-22158.400000000023,-700622.8,-745746.4,5094793.9,4742482.1,-300556.0,-331113.0,-81876.0,-112433.0,0.5858247984105269,0.5806070698553376,-0.08056110190675603,-0.0912993708841129,SSA,8696787.697999999,8168143.907000001,0.3412686284507667,0.3138282582420754,-0.10099571710812388,-0.12731818830540712
TON,0.0,0.0,0.0,0.0,0.0,0.0,0.0,0.0,0.0,0.0,0.0,0.0,0.0,0.0,EAP,115750.32800000001,93133.009,0.33202459883596175,0.32409420671771716,-0.11521378571454723,-0.12699194841974726
TTO,-6976.699999999953,-28239.0,-686574.8,-689726.8,1064986.1,1043723.8,604234.3,582972.0,-6976.699999999953,-28239.0,0.8013936316313273,0.8030754374866437,-0.5166421161351797,-0.5306984967251517,YHI,1328917.5979999998,1299658.477,0.17866857783198742,0.1809183490848196,-0.01952914708671649,-0.015371747782669047
TUN,396500.07012300007,389055.12449400034,3378631.269925,3374415.1242959998,6421812.670123,6413761.724494,1259057.970123,1256022.524494,3736649.897123,3732323.201494,0.541348273283446,0.5411270361702242,0.03342430546385592,0.03282445707645698,MNA,11862627.05,11852598.92,0.5194129906253099,0.5033613678305945,0.11660250888522931,0.10009664927413231
TUR,8663172.900000006,7192947.5,2056957.499999999,1766500.999999999,59190081.3,57262491.8,25616031.6,24644020.1,7655570.500000001,7193982.899999999,0.6807791624381236,0.6795169924672075,0.023658251066143006,0.020962543001146767,ECA,86944613.71,84269403.76,0.2596675584329898,0.25867633383976757,-0.08670699346489576,-0.08620112967829673
TKM,349198.0660000006,254840.84400000004,495067.61199999973,417085.98600000003,1106156.7359999996,998820.1839999994,495743.8139999998,397756.6020000004,860404.7689999999,773252.8199999998,0.19163425206559634,0.1762285530956068,0.06049622808667042,0.04496328160683554,ECA,5772228.732999999,5667754.552000001,0.2596675584329898,0.25867633383976757,-0.08670699346489576,-0.08620112967829673
UGA,26191325.199999996,17025611.0,21079895.299999997,15332322.399999999,-13040958.3,-15411293.3,25111051.9,18132485.299999997,20378729.500000004,13604320.099999998,0.4033685217661125,0.3332448811658679,-0.20084176847548427,-0.28323390420015054,SSA,64931505.029999994,54411894.449999996,0.3412686284507667,0.3138282582420754,-0.10099571710812388,-0.12731818830540712
UKR,-10011684.0,-9923959.5,1592405.8299999982,2207041.4899999984,-837151.1699999999,-559487.9100000001,29022.699999999953,42897.5,-501834.56999999844,-219549.20999999903,0.03957735092096976,0.05352704551003197,-0.24882848549848544,-0.24068429805377808,ECA,40235280.86000001,41232268.08,0.2596675584329898,0.25867633383976757,-0.08670699346489576,-0.08620112967829673
ARE,416960.7000000002,630511.2999999998,842471.7799999998,1073017.7799999998,-450863.21999999974,-157631.21999999974,1995518.7800000003,2336572.18,887093.7999999998,1116042.7999999998,0.15186444577006117,0.1616104248533366,-0.03431192615656822,-0.010902658455151908,YHI,13140131.45,14458053.57,0.17866857783198742,0.1809183490848196,-0.01952914708671649,-0.015371747782669047
GBR,0.0,0.0,796620.6,790384.3,0.0,0.0,0.0,0.0,0.0,0.0,0.011671820931943681,0.010654609374280437,0.0,0.0,YHI,68251612.55,74182381.75,0.17866857783198742,0.1809183490848196,-0.01952914708671649,-0.015371747782669047
USA,6373114.174526997,9222259.103358999,43395185.261947,52033499.337119006,58733839.72190009,66378768.937800005,16936899.144637004,20515739.407139003,30090526.789123997,33309149.401488,0.16602484381947008,0.1724916954864067,0.018015087902978757,0.02396493840438592,YHI,353765366.5,384822983.79999995,0.17866857783198742,0.1809183490848196,-0.01952914708671649,-0.015371747782669047
URY,344461.8323,323229.61009999993,-339698.653,-340691.033,39958.842300000135,-39550.829900000244,252243.0823,229251.01010000007,95008.4853,91401.83309999999,0.10253652494655136,0.0990983955898587,-0.1011186614640916,-0.10445186241355309,YHI,3359406.148,3261703.7660000003,0.17866857783198742,0.1809183490848196,-0.01952914708671649,-0.015371747782669047
UZB,891077.1957999989,431464.41739999875,-553131.5471999999,-577953.6396,9961895.63662,9308348.84051,7655630.36492,7354077.25781,4662526.3588000005,4265858.412400001,0.323016601158833,0.3127385367179169,-0.017935408971107458,-0.019417877288040612,ECA,30840197.07,29763996.91,0.2596675584329898,0.25867633383976757,-0.08670699346489576,-0.08620112967829673
VUT,3308.5,1675.800000000001,21306.0,17776.699999999997,0.0,0.0,33490.9,29961.6,0.0,0.0,0.09152795495944288,0.09152802151658776,0.0,0.0,EAP,365908.973,327348.931,0.33202459883596175,0.32409420671771716,-0.11521378571454723,-0.12699194841974726
VEN,4817842.656889997,4310326.319619998,-2075957.3471,-2138100.2931999997,13608282.851499999,13053523.030199999,12221346.218899999,11803769.4298,25579482.5784,25008719.6789,0.7075186843359438,0.7056457406700528,-0.05742018457394459,-0.060328612755610384,LAC,36153790.91,35440899.36,0.333916679968369,0.30806970453057436,-0.0548451852367966,-0.08098049724679462
VNM,-14131755.399999999,-14427761.399999999,39850815.7,39483300.4,24025363.1,23717317.6,15674208.100000001,15444754.0,-380949.0,-380949.0,0.4018470933676272,0.4006555024440383,-0.14250159581231028,-0.14640523801955777,EAP,99169102.77,98546756.9,0.33202459883596175,0.32409420671771716,-0.11521378571454723,-0.12699194841974726
VIR,0.0,0.0,0.0,0.0,0.0,0.0,0.0,0.0,0.0,0.0,0.0,0.0,0.0,0.0,YHI,115426.864,115715.119,0.17866857783198742,0.1809183490848196,-0.01952914708671649,-0.015371747782669047
YEM,16054379.295,10948444.150999999,7889265.0370000005,4581196.723000001,14803470.037,8994801.483000003,-13344105.438000001,-13626033.508000001,-2620384.312999999,-5085022.426999999,0.36733805312544854,0.2978532051290352,-0.30532464832335526,-0.3706972148351083,MNA,43704645.239999995,36757852.4,0.5194129906253099,0.5033613678305945,0.11660250888522931,0.10009664927413231
ZMB,726188.4,589593.6,5889114.5,4637136.8,150256.2999999998,-268217.0,11721791.3,8657340.100000001,-4612771.6,-4803308.1,0.49777447892249377,0.44417676527372213,-0.19588473474855994,-0.24644034193262984,SSA,23548397.51,19490754.08,0.3412686284507667,0.3138282582420754,-0.10099571710812388,-0.12731818830540712
ZWE,-84787.31,-84655.18000000001,-524377.51,-556242.08,2229639.63,1898594.0,6507032.203,5346053.827,-3185.8800000000047,-81474.38,0.47852890149429905,0.4523616067372519,-0.038562863376168204,-0.04706697111294742,SSA,13597992.059999999,11818098.06,0.3412686284507667,0.3138282582420754,-0.10099571710812388,-0.12731818830540712
