children,old,decile,cat1workers,cat2workers,cat3workers,cat4workers,cat5workers,cat6workers,cat7workers,totweight,weight,totY,Y,idh,nbpeople
2.0,0.0,2.0,0.0,0.0,0.0,4.0,0.0,0.0,0.0,5828.1177978515625,971.3529663085938,529.1614379882811,88.19357299804688,20050700120630.0,6.0
2.0,0.0,2.0,0.0,0.0,0.0,2.0,0.0,0.0,0.0,19046.568359375,4761.64208984375,330.767138671875,82.69178466796875,20050704420586.0,4.0
2.0,0.0,2.0,0.0,0.0,0.0,2.0,0.0,0.0,1.0,7298.156127929687,1459.6312255859375,446.96598052978516,89.39319610595703,20050711620516.0,5.0
2.0,0.0,2.0,0.0,0.0,0.0,1.0,0.0,0.0,0.0,3773.4786987304688,1257.8262329101562,225.61761474609372,75.20587158203125,20050710720651.0,3.0
2.0,0.0,2.0,0.0,0.0,0.0,0.0,0.0,1.0,2.0,4887.391662597656,977.4783325195312,393.02181243896484,78.60436248779297,20050902110827.0,5.0
2.0,0.0,2.0,0.0,0.0,0.0,0.0,0.0,2.0,1.0,3748.4622192382812,749.6924438476562,348.74134063720703,69.74826812744139,20050704610625.0,5.0
2.0,0.0,2.0,0.0,0.0,0.0,3.0,0.0,0.0,0.0,4206.192321777344,841.2384643554688,384.4292449951172,76.88584899902344,20050803920612.0,5.0
2.0,0.0,2.0,0.0,1.0,0.0,2.0,0.0,0.0,0.0,7722.5494384765625,1544.5098876953125,433.9807891845703,86.79615783691406,20050802720620.0,5.0
2.0,0.0,2.0,0.0,1.0,0.0,0.0,0.0,0.0,1.0,5838.52490234375,1459.6312255859375,309.31201171875,77.3280029296875,20050711620625.0,4.0
2.0,0.0,2.0,0.0,1.0,0.0,0.0,0.0,1.0,0.0,5259.869140625,1314.96728515625,339.6016540527344,84.9004135131836,20050714111112.0,4.0
2.0,0.0,2.0,0.0,2.0,0.0,0.0,0.0,0.0,0.0,2998.769775390625,749.6924438476562,361.92681884765625,90.48170471191406,20050904610723.0,4.0
2.0,0.0,2.0,1.0,0.0,0.0,0.0,0.0,0.0,1.0,3031.796875,757.94921875,291.009521484375,72.75238037109375,20050713710686.0,4.0
2.0,0.0,7.0,0.0,0.0,0.0,2.0,0.0,0.0,0.0,8139.086181640624,2034.771545410156,753.0798339843749,188.26995849609366,20050700120755.0,4.0
2.0,0.0,7.0,0.0,0.0,0.0,2.0,0.0,1.0,0.0,5836.7083740234375,1167.3416748046875,924.3718719482422,184.87437438964844,20050911720511.0,5.0
2.0,0.0,7.0,0.0,0.0,0.0,1.0,0.0,0.0,0.0,5437.774291992188,1812.5914306640625,662.9198913574219,220.97329711914062,20050800120767.0,3.0
2.0,0.0,7.0,0.0,0.0,0.0,0.0,0.0,0.0,1.0,1776.9779663085938,592.3259887695312,639.1266174316406,213.04220581054688,20050904510816.0,3.0
2.0,0.0,7.0,0.0,0.0,0.0,0.0,0.0,2.0,0.0,5819.1005859375,1454.775146484375,836.1075439453124,209.0268859863281,20050902910849.0,4.0
2.0,0.0,7.0,0.0,1.0,0.0,1.0,0.0,0.0,0.0,6178.03955078125,1544.5098876953125,784.9646606445312,196.2411651611328,20050802720600.0,4.0
2.0,0.0,7.0,0.0,1.0,0.0,0.0,0.0,0.0,0.0,1466.3589477539065,488.7863159179688,614.7130279541017,204.9043426513672,20050712610906.0,3.0
2.0,0.0,7.0,0.0,1.0,0.0,0.0,0.0,1.0,0.0,4302.835449218751,1075.7088623046877,742.842041015625,185.71051025390625,20050904210966.0,4.0
2.0,0.0,7.0,0.0,2.0,0.0,0.0,0.0,0.0,0.0,9858.762939453123,2464.690734863281,795.1544189453124,198.7886047363281,20050813411412.0,4.0
2.0,0.0,7.0,0.0,2.0,0.0,0.0,0.0,0.0,1.0,3777.9531860351562,755.5906372070312,958.8343811035156,191.76687622070312,20050813211617.0,5.0
2.0,0.0,8.0,0.0,0.0,0.0,2.0,0.0,0.0,0.0,3487.0048828125,871.751220703125,969.0684814453124,242.2671203613281,20050901520615.0,4.0
2.0,0.0,8.0,0.0,0.0,0.0,1.0,0.0,0.0,0.0,7728.169006347656,2576.056335449219,701.7339935302734,233.9113311767578,20050811910861.0,3.0
2.0,0.0,8.0,0.0,0.0,0.0,1.0,0.0,0.0,2.0,4856.764831542969,971.3529663085938,1182.305908203125,236.461181640625,20050810120910.0,5.0
2.0,0.0,8.0,0.0,0.0,0.0,1.0,0.0,1.0,0.0,3364.953857421875,841.2384643554688,1052.2927246093748,263.0731811523437,20050813920507.0,4.0
2.0,0.0,8.0,0.0,0.0,0.0,0.0,0.0,0.0,1.0,1776.9779663085938,592.3259887695312,810.6344604492188,270.21148681640625,20050914510837.0,3.0
2.0,0.0,8.0,0.0,0.0,0.0,0.0,0.0,1.0,0.0,2266.7719116210933,755.5906372070312,705.7400207519532,235.2466735839844,20050703211281.0,3.0
2.0,0.0,8.0,0.0,1.0,0.0,1.0,0.0,0.0,1.0,4206.192321777344,841.2384643554688,1203.6715698242185,240.73431396484366,20050703920607.0,5.0
2.0,0.0,8.0,0.0,1.0,0.0,0.0,0.0,0.0,0.0,9483.484313964844,3161.1614379882812,724.5074157714844,241.5024719238281,20050710120672.0,3.0
2.0,0.0,8.0,0.0,1.0,0.0,0.0,0.0,1.0,0.0,3022.362548828125,755.5906372070312,1028.6343994140623,257.15859985351557,20050913211299.0,4.0
2.0,0.0,8.0,0.0,2.0,0.0,0.0,0.0,0.0,0.0,1955.1452636718752,488.7863159179688,985.6370239257812,246.4092559814453,20050802610780.0,4.0
2.0,0.0,8.0,0.0,2.0,0.0,0.0,0.0,1.0,0.0,3816.96533203125,763.39306640625,1144.444808959961,228.8889617919922,20050802811070.0,5.0
2.0,0.0,6.0,0.0,0.0,0.0,1.0,0.0,0.0,0.0,3085.437744140625,1028.479248046875,473.7453918457031,157.91513061523438,20050711320502.0,3.0
2.0,0.0,6.0,0.0,0.0,0.0,0.0,0.0,1.0,1.0,3487.0048828125,871.751220703125,639.546630859375,159.88665771484375,20050801520628.0,4.0
2.0,0.0,6.0,0.0,1.0,0.0,1.0,0.0,0.0,0.0,7268.28369140625,1817.0709228515625,684.2335510253906,171.05838775634766,20050900120914.0,4.0
2.0,0.0,6.0,0.0,1.0,0.0,0.0,0.0,0.0,0.0,2642.994873046875,880.998291015625,514.6273498535156,171.54244995117188,20050813110802.0,3.0
2.0,0.0,6.0,0.0,1.0,0.0,0.0,0.0,0.0,1.0,5657.94287109375,1414.4857177734375,725.5105590820312,181.3776397705078,20050714310798.0,4.0
2.0,0.0,6.0,0.0,2.0,0.0,0.0,0.0,0.0,0.0,16187.09423828125,4046.773559570313,647.021728515625,161.75543212890625,20050701520621.0,4.0
2.0,0.0,3.0,0.0,0.0,0.0,2.0,0.0,0.0,1.0,12255.742797851562,2451.1485595703125,514.8508453369142,102.9701690673828,20050703920589.0,5.0
2.0,0.0,3.0,0.0,0.0,0.0,1.0,0.0,0.0,0.0,2445.7728881835933,815.2576293945312,319.1837768554687,106.39459228515624,20050902220633.0,3.0
2.0,0.0,3.0,0.0,0.0,0.0,1.0,0.0,2.0,1.0,8321.000244140625,1386.8333740234375,552.1570587158203,92.02617645263672,20050812320619.0,6.0
2.0,0.0,3.0,0.0,0.0,0.0,3.0,0.0,0.0,0.0,3068.4149169921875,613.6829833984375,524.1253662109375,104.8250732421875,20050700420654.0,5.0
2.0,0.0,3.0,0.0,1.0,0.0,0.0,0.0,0.0,1.0,3022.362548828125,755.5906372070312,436.1039123535156,109.0259780883789,20050803211290.0,4.0
2.0,0.0,3.0,0.0,2.0,0.0,0.0,0.0,0.0,1.0,3748.4622192382812,749.6924438476562,484.2066955566406,96.84133911132812,20050814610722.0,5.0
2.0,0.0,4.0,0.0,0.0,0.0,2.0,0.0,0.0,0.0,12409.83251953125,3102.4581298828125,483.10468546549487,120.77617136637372,20050702320609.0,4.0
2.0,0.0,4.0,0.0,0.0,0.0,1.0,0.0,0.0,0.0,3085.437744140625,1028.479248046875,398.9941864013672,132.99806213378906,20050911320623.0,3.0
2.0,0.0,4.0,0.0,0.0,0.0,1.0,0.0,1.0,0.0,9675.584716796877,2418.896179199219,502.6343994140625,125.65859985351562,20050802520608.0,4.0
2.0,0.0,4.0,0.0,0.0,0.0,3.0,0.0,0.0,0.0,7722.5494384765625,1544.5098876953125,589.725341796875,117.945068359375,20050702720614.0,5.0
2.0,0.0,4.0,0.0,1.0,0.0,1.0,0.0,0.0,0.0,9242.6259765625,2310.656494140625,493.0207977294922,123.25519943237305,20050700520605.0,4.0
2.0,0.0,4.0,0.0,1.0,0.0,0.0,0.0,0.0,1.0,3053.572265625,763.39306640625,535.2725830078125,133.81814575195312,20050902811042.0,4.0
2.0,0.0,4.0,0.0,2.0,0.0,0.0,0.0,0.0,0.0,3487.0048828125,871.751220703125,476.0572814941406,119.01432037353516,20050911520428.0,4.0
2.0,0.0,4.0,0.0,2.0,0.0,0.0,0.0,0.0,1.0,4718.604125976562,943.7208251953124,656.6353607177736,131.32707214355472,20050911910512.0,5.0
2.0,0.0,5.0,0.0,0.0,0.0,2.0,0.0,0.0,0.0,12287.994873046875,3071.9987182617188,591.7996215820312,147.9499053955078,20050811720615.0,4.0
2.0,0.0,5.0,0.0,0.0,0.0,2.0,0.0,0.0,2.0,5993.4869384765625,998.9144897460938,845.9986267089844,140.99977111816406,20050811020533.0,6.0
2.0,0.0,5.0,0.0,0.0,0.0,0.0,0.0,0.0,0.0,1997.8289794921875,998.9144897460938,290.1425476074219,145.07127380371094,20050911020646.0,2.0
2.0,0.0,5.0,0.0,0.0,0.0,0.0,0.0,0.0,1.0,2967.1792602539062,989.0597534179688,412.0371551513672,137.34571838378906,20050814420613.0,3.0
2.0,0.0,5.0,0.0,0.0,0.0,0.0,0.0,0.0,2.0,1955.1452636718752,488.7863159179688,600.0325317382812,150.0081329345703,20050912610914.0,4.0
2.0,0.0,5.0,0.0,0.0,0.0,0.0,0.0,2.0,0.0,3487.0048828125,871.751220703125,541.1370849609375,135.28427124023438,20050701520626.0,4.0
2.0,0.0,5.0,0.0,1.0,0.0,2.0,0.0,0.0,0.0,4206.192321777344,841.2384643554688,772.9428863525391,154.5885772705078,20050813920617.0,5.0
2.0,0.0,5.0,0.0,1.0,0.0,0.0,0.0,0.0,1.0,3523.9931640625,880.998291015625,555.9370727539061,138.98426818847656,20050703110877.0,4.0
2.0,0.0,5.0,0.0,2.0,0.0,0.0,0.0,0.0,0.0,12401.3994140625,3100.349853515625,571.7869720458983,142.94674301147458,20050702811064.0,4.0
2.0,0.0,9.0,0.0,0.0,0.0,1.0,0.0,0.0,0.0,2523.7153930664067,841.2384643554688,819.1807250976562,273.06024169921875,20050803920594.0,3.0
2.0,0.0,9.0,0.0,0.0,0.0,0.0,0.0,2.0,0.0,11997.14013671875,2999.2850341796875,1363.554443359375,340.88861083984375,20050812720418.0,4.0
2.0,0.0,9.0,0.0,1.0,0.0,1.0,0.0,0.0,0.0,3031.796875,757.94921875,1425.7635498046875,356.4408874511719,20050903710676.0,4.0
2.0,0.0,9.0,0.0,1.0,0.0,0.0,0.0,0.0,1.0,3074.6865234375,768.671630859375,1500.0139160156252,375.0034790039063,20050810220622.0,4.0
2.0,0.0,9.0,0.0,1.0,0.0,0.0,0.0,1.0,0.0,7878.194824218751,1969.5487060546882,1292.1651611328125,323.0412902832031,20050812420626.0,4.0
2.0,0.0,9.0,0.0,2.0,0.0,0.0,0.0,0.0,0.0,6107.14453125,1526.7861328125,1232.6358032226562,308.15895080566406,20050802811037.0,4.0
2.0,0.0,9.0,0.0,2.0,0.0,0.0,0.0,0.0,2.0,6617.02880859375,1102.838134765625,1786.5151977539062,297.7525329589844,20050701420766.0,6.0
2.0,0.0,1.0,0.0,0.0,0.0,2.0,0.0,0.0,0.0,36508.39770507813,9127.099426269533,204.00317521528763,51.00079380382193,20050701720606.0,4.0
2.0,0.0,1.0,0.0,0.0,0.0,2.0,0.0,0.0,1.0,3655.2212524414062,731.0442504882812,211.9774627685547,42.39549255371094,20050700620587.0,5.0
2.0,0.0,1.0,0.0,0.0,0.0,1.0,0.0,0.0,0.0,2193.132751464844,731.0442504882812,109.64537429809569,36.54845809936523,20050900620617.0,3.0
2.0,0.0,1.0,0.0,0.0,0.0,1.0,0.0,0.0,1.0,5963.02783203125,1490.7569580078125,178.31436157226562,44.578590393066406,20050700420617.0,4.0
2.0,0.0,1.0,0.0,0.0,0.0,0.0,0.0,0.0,1.0,2273.84765625,757.94921875,55.1001148223877,18.3667049407959,20050913710697.0,3.0
2.0,0.0,1.0,0.0,0.0,0.0,3.0,0.0,0.0,0.0,3068.4149169921875,613.6829833984375,332.91259765625,66.58251953125,20050700420601.0,5.0
2.0,0.0,1.0,0.0,0.0,0.0,3.0,0.0,0.0,1.0,4386.265502929688,731.0442504882812,356.0160598754883,59.33600997924805,20050710620371.0,6.0
2.0,0.0,1.0,0.0,1.0,0.0,1.0,0.0,0.0,0.0,3956.239013671875,989.0597534179688,247.4110565185547,61.85276412963867,20050814420506.0,4.0
2.0,0.0,1.0,0.0,1.0,0.0,0.0,0.0,0.0,1.0,1955.1452636718752,488.7863159179688,225.9875335693359,56.49688339233398,20050902610805.0,4.0
2.0,0.0,1.0,0.0,2.0,0.0,0.0,0.0,0.0,0.0,3909.913330078125,977.4783325195312,198.09066772460938,49.522666931152344,20050712110512.0,4.0
2.0,0.0,10.0,0.0,0.0,0.0,1.0,0.0,0.0,0.0,2615.253662109375,871.751220703125,1712.6502685546875,570.8834228515625,20050701520620.0,3.0
2.0,0.0,10.0,0.0,0.0,0.0,1.0,0.0,0.0,1.0,4687.2841796875,1171.821044921875,1545.693115234375,386.42327880859375,20050801220614.0,4.0
2.0,0.0,10.0,0.0,0.0,0.0,1.0,0.0,1.0,1.0,5284.176025390625,1056.835205078125,2299.659118652344,459.9318237304688,20050800910593.0,5.0
2.0,0.0,10.0,0.0,0.0,0.0,0.0,0.0,2.0,0.0,4607.84716796875,1151.9617919921875,1822.8311767578125,455.7077941894531,20050713310872.0,4.0
2.0,0.0,10.0,0.0,1.0,0.0,0.0,0.0,0.0,0.0,8012.836486816406,2670.945495605469,1310.2742919921875,436.75809733072924,20050812811078.0,3.0
2.0,0.0,10.0,0.0,1.0,0.0,0.0,0.0,0.0,1.0,5414.19775390625,1353.5494384765625,1789.69775390625,447.4244384765625,20050803511395.0,4.0
2.0,0.0,10.0,0.0,2.0,0.0,0.0,0.0,0.0,0.0,10426.94775390625,2606.7369384765625,2237.0029296875,559.250732421875,20050812910846.0,4.0
2.0,0.0,11.0,0.0,1.0,0.0,0.0,0.0,0.0,1.0,5414.19775390625,1353.5494384765625,4221.886230468751,1055.4715576171877,20050713511386.0,4.0
2.0,1.0,2.0,0.0,0.0,0.0,2.0,0.0,0.0,0.0,4856.764831542969,971.3529663085938,377.30091094970703,75.4601821899414,20050810120542.0,5.0
2.0,1.0,7.0,0.0,0.0,0.0,0.0,0.0,0.0,0.0,3085.437744140625,1028.479248046875,639.6236572265625,213.2078857421875,20050801320614.0,3.0
2.0,1.0,8.0,0.0,0.0,0.0,2.0,0.0,0.0,1.0,7030.92626953125,1171.821044921875,1577.8668823242185,262.97781372070307,20050911220808.0,6.0
2.0,1.0,3.0,0.0,0.0,0.0,1.0,0.0,0.0,0.0,3074.6865234375,768.671630859375,434.7322082519531,108.68305206298828,20050800220619.0,4.0
2.0,1.0,3.0,0.0,0.0,0.0,0.0,0.0,0.0,0.0,1776.9779663085938,592.3259887695312,340.5611114501953,113.52037048339844,20050714510652.0,3.0
2.0,1.0,3.0,0.0,0.0,0.0,3.0,0.0,0.0,0.0,5154.936767578125,859.1561279296875,646.8290405273438,107.80484008789062,20050710320620.0,6.0
2.0,1.0,4.0,0.0,0.0,0.0,1.0,0.0,0.0,0.0,9542.991455078123,2385.747863769531,471.337158203125,117.83428955078124,20050701020613.0,4.0
2.0,1.0,4.0,0.0,0.0,0.0,0.0,0.0,1.0,0.0,5547.33349609375,1386.8333740234375,536.2435302734375,134.06088256835938,20050712320501.0,4.0
2.0,1.0,5.0,0.0,0.0,0.0,0.0,0.0,1.0,1.0,4856.764831542969,971.3529663085938,738.5997009277344,147.71994018554688,20050900120645.0,5.0
2.0,1.0,9.0,0.0,0.0,0.0,1.0,0.0,0.0,0.0,3487.0048828125,871.751220703125,1092.9088134765623,273.22720336914057,20050811520505.0,4.0
2.0,1.0,9.0,0.0,2.0,0.0,0.0,0.0,0.0,0.0,4994.572448730469,998.9144897460938,1566.7311096191406,313.3462219238281,20050811020640.0,5.0
2.0,1.0,10.0,0.0,1.0,0.0,1.0,0.0,0.0,0.0,4371.931457519531,874.3862915039062,2222.3069763183594,444.4613952636719,20050902520633.0,5.0
2.0,2.0,2.0,0.0,0.0,0.0,1.0,0.0,1.0,0.0,5934.3585205078125,989.0597534179688,474.59307861328125,79.09884643554688,20050904420617.0,6.0
2.0,2.0,3.0,0.0,2.0,0.0,0.0,0.0,0.0,0.0,5246.317749023438,874.3862915039062,602.6719207763671,100.44532012939452,20050812520630.0,6.0
2.0,2.0,1.0,0.0,0.0,0.0,2.0,0.0,0.0,0.0,5047.430786132813,841.2384643554688,354.6829147338867,59.11381912231445,20050903920620.0,6.0
1.0,0.0,2.0,0.0,0.0,0.0,4.0,0.0,0.0,0.0,5859.105224609375,1171.821044921875,429.62677001953125,85.92535400390625,20050811220637.0,5.0
1.0,0.0,2.0,0.0,0.0,0.0,2.0,0.0,0.0,0.0,5127.292419433594,1709.0974731445312,240.2596206665039,80.08654022216797,20050802220611.0,3.0
1.0,0.0,2.0,0.0,0.0,0.0,2.0,0.0,0.0,2.0,3655.2212524414062,731.0442504882812,367.86842346191406,73.57368469238281,20050800620613.0,5.0
1.0,0.0,2.0,0.0,0.0,0.0,1.0,0.0,0.0,0.0,1942.7059326171875,971.3529663085938,159.52061462402344,79.76030731201172,20050800120638.0,2.0
1.0,0.0,2.0,0.0,0.0,0.0,1.0,0.0,0.0,1.0,2445.7728881835933,815.2576293945312,214.11980438232425,71.3732681274414,20050802220609.0,3.0
1.0,0.0,2.0,0.0,0.0,0.0,0.0,0.0,1.0,0.0,2113.67041015625,1056.835205078125,170.27090454101562,85.13545227050781,20050900910618.0,2.0
1.0,0.0,2.0,0.0,0.0,0.0,0.0,0.0,1.0,1.0,2932.4349975585938,977.4783325195312,209.99695587158203,69.99898529052734,20050802110607.0,3.0
1.0,0.0,2.0,0.0,0.0,0.0,0.0,0.0,1.0,3.0,3789.74609375,757.94921875,449.6631622314453,89.93263244628906,20050903710761.0,5.0
1.0,0.0,2.0,0.0,0.0,0.0,3.0,0.0,0.0,0.0,7912.47802734375,1978.1195068359373,322.75950622558594,80.68987655639648,20050814420507.0,4.0
1.0,0.0,2.0,0.0,1.0,0.0,2.0,0.0,0.0,0.0,2576.572998046875,644.1432495117188,314.53302001953125,78.63325500488281,20050900720643.0,4.0
1.0,0.0,2.0,0.0,1.0,0.0,0.0,0.0,0.0,1.0,5575.429870605469,1858.476623535156,235.11566162109372,78.37188720703125,20050803110886.0,3.0
1.0,0.0,2.0,0.0,2.0,0.0,0.0,0.0,0.0,0.0,1964.6819458007806,654.8939819335938,256.04212188720703,85.34737396240234,20050902020612.0,3.0
1.0,0.0,2.0,0.0,2.0,0.0,0.0,0.0,0.0,1.0,3454.530029296875,863.6325073242188,299.6174621582031,74.90436553955078,20050701110603.0,4.0
1.0,0.0,7.0,0.0,0.0,0.0,1.0,0.0,0.0,1.0,2523.7153930664067,841.2384643554688,612.2470550537108,204.0823516845703,20050903920411.0,3.0
1.0,0.0,7.0,0.0,0.0,0.0,1.0,0.0,0.0,2.0,3382.871826171875,845.7179565429688,844.8619995117188,211.2154998779297,20050803820599.0,4.0
1.0,0.0,7.0,0.0,0.0,0.0,1.0,0.0,1.0,0.0,2996.7434692382812,998.9144897460938,621.2249450683594,207.07498168945312,20050701020400.0,3.0
1.0,0.0,7.0,0.0,0.0,0.0,1.0,0.0,2.0,1.0,6934.1668701171875,1386.8333740234375,1058.8468933105466,211.76937866210938,20050912320511.0,5.0
1.0,0.0,7.0,0.0,0.0,0.0,0.0,0.0,0.0,1.0,2629.9345703125,1314.96728515625,421.196044921875,210.5980224609375,20050814110865.0,2.0
1.0,0.0,7.0,0.0,0.0,0.0,0.0,0.0,1.0,1.0,4364.325439453125,1454.775146484375,604.3287963867188,201.44293212890625,20050912911069.0,3.0
1.0,0.0,7.0,0.0,1.0,0.0,2.0,0.0,0.0,0.0,10392.94580078125,2598.2364501953125,819.8550415039062,204.96376037597656,20050701220608.0,4.0
1.0,0.0,7.0,0.0,1.0,0.0,1.0,0.0,0.0,0.0,4633.529663085938,1544.5098876953125,656.3078155517579,218.76927185058602,20050912720514.0,3.0
1.0,0.0,7.0,0.0,1.0,0.0,1.0,0.0,0.0,1.0,3575.359375,893.83984375,831.0868530273439,207.77171325683602,20050912420517.0,4.0
1.0,0.0,7.0,0.0,1.0,0.0,0.0,0.0,0.0,0.0,1288.2864990234375,644.1432495117188,399.3332824707032,199.6666412353516,20050810720454.0,2.0
1.0,0.0,7.0,0.0,2.0,0.0,0.0,0.0,0.0,0.0,11146.922058105469,3715.6406860351562,592.3098220825195,197.43660736083984,20050713211433.0,3.0
1.0,0.0,7.0,0.0,2.0,0.0,0.0,0.0,0.0,1.0,8342.655029296875,2085.6637573242188,864.1142883300781,216.02857208251956,20050804510784.0,4.0
1.0,0.0,7.0,0.0,2.0,0.0,0.0,0.0,0.0,2.0,6767.7471923828125,1353.5494384765625,1010.8366394042968,202.16732788085938,20050803511391.0,5.0
1.0,0.0,8.0,0.0,0.0,0.0,2.0,0.0,0.0,0.0,2996.7434692382812,998.9144897460938,682.1625823974608,227.3875274658203,20050711020634.0,3.0
1.0,0.0,8.0,0.0,0.0,0.0,2.0,0.0,0.0,1.0,3487.0048828125,871.751220703125,974.8482055664064,243.7120513916016,20050711520425.0,4.0
1.0,0.0,8.0,0.0,0.0,0.0,1.0,0.0,0.0,1.0,5451.212768554688,1817.0709228515625,722.809455871582,240.93648529052732,20050700120762.0,3.0
1.0,0.0,8.0,0.0,0.0,0.0,1.0,0.0,1.0,0.0,4279.246215820313,1426.4154052734375,731.1361541748047,243.7120513916016,20050904020737.0,3.0
1.0,0.0,8.0,0.0,0.0,0.0,0.0,0.0,0.0,1.0,1511.1812744140625,755.5906372070312,451.7438659667969,225.87193298339844,20050803211450.0,2.0
1.0,0.0,8.0,0.0,0.0,0.0,0.0,0.0,2.0,1.0,3031.796875,757.94921875,890.4640502929688,222.6160125732422,20050803710754.0,4.0
1.0,0.0,8.0,0.0,1.0,0.0,1.0,0.0,0.0,1.0,13409.542236328125,3352.3855590820312,1026.834940592448,256.708735148112,20050712420507.0,4.0
1.0,0.0,8.0,0.0,1.0,0.0,0.0,0.0,0.0,0.0,4972.93212890625,2486.466064453125,493.40803019205737,246.70401509602863,20050702610791.0,2.0
1.0,0.0,8.0,0.0,1.0,0.0,0.0,0.0,0.0,1.0,12009.840270996094,4003.2800903320312,719.5381393432617,239.8460464477539,20050702810709.0,3.0
1.0,0.0,8.0,0.0,1.0,0.0,0.0,0.0,1.0,0.0,2577.4683837890625,859.1561279296875,690.9477081298828,230.3159027099609,20050700320831.0,3.0
1.0,0.0,8.0,0.0,2.0,0.0,0.0,0.0,0.0,0.0,6517.3048095703125,2172.434936523437,688.9826431274414,229.66088104248047,20050804310877.0,3.0
1.0,0.0,8.0,0.0,2.0,0.0,0.0,0.0,0.0,1.0,5414.19775390625,1353.5494384765625,998.5219116210938,249.63047790527344,20050803512230.0,4.0
1.0,0.0,8.0,0.0,2.0,0.0,0.0,0.0,0.0,2.0,4295.7806396484375,859.1561279296875,1163.6913299560545,232.7382659912109,20050800320606.0,5.0
1.0,0.0,6.0,0.0,0.0,0.0,4.0,0.0,1.0,0.0,8321.000244140625,1386.8333740234375,1013.8651428222656,168.97752380371094,20050702320607.0,6.0
1.0,0.0,6.0,0.0,0.0,0.0,2.0,0.0,0.0,0.0,5127.292419433594,1709.0974731445312,502.4109191894531,167.47030639648438,20050812220632.0,3.0
1.0,0.0,6.0,0.0,0.0,0.0,2.0,0.0,0.0,1.0,7740.679199218749,1935.1697998046875,649.48779296875,162.3719482421875,20050811520426.0,4.0
1.0,0.0,6.0,0.0,0.0,0.0,1.0,0.0,0.0,1.0,2615.253662109375,871.751220703125,548.1112518310548,182.7037506103516,20050911520636.0,3.0
1.0,0.0,6.0,0.0,0.0,0.0,1.0,0.0,1.0,1.0,3364.953857421875,841.2384643554688,695.4404907226562,173.86012268066406,20050713920502.0,4.0
1.0,0.0,6.0,0.0,0.0,0.0,0.0,0.0,1.0,0.0,1499.3848876953125,749.6924438476562,353.9045715332031,176.95228576660156,20050704610624.0,2.0
1.0,0.0,6.0,0.0,0.0,0.0,0.0,0.0,1.0,2.0,5819.1005859375,1454.775146484375,689.8148803710938,172.45372009277344,20050702911124.0,4.0
1.0,0.0,6.0,0.0,0.0,0.0,0.0,0.0,2.0,0.0,3944.90185546875,1314.96728515625,495.71607971191406,165.2386932373047,20050904111223.0,3.0
1.0,0.0,6.0,0.0,0.0,0.0,3.0,0.0,0.0,0.0,4411.3525390625,1102.838134765625,631.5513305664062,157.88783264160156,20050901421015.0,4.0
1.0,0.0,6.0,0.0,1.0,0.0,2.0,0.0,0.0,0.0,6178.03955078125,1544.5098876953125,633.420166015625,158.35504150390625,20050712720503.0,4.0
1.0,0.0,6.0,0.0,1.0,0.0,2.0,0.0,0.0,2.0,8321.000244140625,1386.8333740234375,936.7403869628906,156.12339782714844,20050902320621.0,6.0
1.0,0.0,6.0,0.0,1.0,0.0,0.0,0.0,0.0,0.0,2113.67041015625,1056.835205078125,332.6428527832031,166.32142639160156,20050700910588.0,2.0
1.0,0.0,6.0,0.0,1.0,0.0,0.0,0.0,1.0,0.0,2951.3497924804688,983.7832641601562,487.9673767089844,162.65579223632812,20050713010802.0,3.0
1.0,0.0,6.0,0.0,1.0,0.0,3.0,0.0,1.0,0.0,8321.000244140625,1386.8333740234375,933.927703857422,155.6546173095703,20050802320614.0,6.0
1.0,0.0,6.0,0.0,2.0,0.0,0.0,0.0,0.0,0.0,9755.450134277344,3251.8167114257812,521.9277954101561,173.97593180338538,20050704210784.0,3.0
1.0,0.0,3.0,0.0,0.0,0.0,2.0,0.0,0.0,0.0,9763.131958007812,3254.377319335937,311.89360809326166,103.96453603108722,20050800520592.0,3.0
1.0,0.0,3.0,0.0,0.0,0.0,2.0,0.0,0.0,1.0,10610.89306640625,2652.7232666015625,400.9207661946614,100.23019154866535,20050710520500.0,4.0
1.0,0.0,3.0,0.0,0.0,0.0,2.0,0.0,0.0,2.0,4371.931457519531,874.3862915039062,500.6172561645508,100.12345123291016,20050702520621.0,5.0
1.0,0.0,3.0,0.0,0.0,0.0,1.0,0.0,0.0,0.0,2970.868408203125,1485.4342041015625,212.27029418945312,106.13514709472656,20050700420647.0,2.0
1.0,0.0,3.0,0.0,0.0,0.0,1.0,0.0,0.0,1.0,9990.041748046877,3330.013916015625,309.6330871582031,103.21102905273438,20050811220636.0,3.0
1.0,0.0,3.0,0.0,0.0,0.0,0.0,0.0,0.0,1.0,1288.2864990234375,644.1432495117188,202.0363311767578,101.0181655883789,20050910720664.0,2.0
1.0,0.0,3.0,0.0,0.0,0.0,0.0,0.0,1.0,1.0,7412.448303222656,2470.816101074219,309.5817031860352,103.19390106201172,20050802110624.0,3.0
1.0,0.0,3.0,0.0,0.0,0.0,3.0,0.0,0.0,0.0,6984.550048828125,1746.1375122070312,453.5452117919922,113.38630294799805,20050701520591.0,4.0
1.0,0.0,3.0,0.0,1.0,0.0,2.0,0.0,0.0,0.0,4687.2841796875,1171.821044921875,397.8382263183594,99.45955657958984,20050901220806.0,4.0
1.0,0.0,3.0,0.0,1.0,0.0,1.0,0.0,0.0,0.0,11573.067626953125,3857.689208984375,320.6113758087158,106.87045860290527,20050702020601.0,3.0
1.0,0.0,3.0,0.0,1.0,0.0,1.0,0.0,0.0,1.0,3508.2958984375,877.073974609375,403.8337707519531,100.95844268798828,20050800820446.0,4.0
1.0,0.0,3.0,0.0,1.0,0.0,0.0,0.0,0.0,0.0,3885.411865234375,1942.7059326171875,194.93109130859372,97.46554565429688,20050710120537.0,2.0
1.0,0.0,3.0,0.0,1.0,0.0,0.0,0.0,0.0,1.0,1776.9779663085938,592.3259887695312,307.3738861083984,102.4579620361328,20050814510833.0,3.0
1.0,0.0,3.0,0.0,1.0,0.0,0.0,0.0,1.0,0.0,6341.01123046875,2113.67041015625,299.60205459594727,99.86735153198242,20050700910605.0,3.0
1.0,0.0,3.0,0.0,1.0,0.0,0.0,0.0,1.0,1.0,2369.303955078125,592.3259887695312,434.9556579589844,108.7389144897461,20050914510847.0,4.0
1.0,0.0,3.0,0.0,2.0,0.0,0.0,0.0,0.0,0.0,4498.1546630859375,1499.3848876953125,294.10168075561523,98.03389358520508,20050904610724.0,3.0
1.0,0.0,3.0,0.0,2.0,0.0,0.0,0.0,0.0,1.0,6909.06005859375,1727.2650146484375,410.2723388671875,102.56808471679688,20050711110606.0,4.0
1.0,0.0,4.0,0.0,0.0,0.0,2.0,0.0,0.0,0.0,5842.979003906249,1947.6596679687493,369.305591583252,123.10186386108398,20050801820594.0,3.0
1.0,0.0,4.0,0.0,0.0,0.0,2.0,0.0,0.0,1.0,4687.2841796875,1171.821044921875,518.1337280273439,129.53343200683594,20050711220807.0,4.0
1.0,0.0,4.0,0.0,0.0,0.0,1.0,0.0,0.0,0.0,2995.84814453125,1497.924072265625,246.26475524902344,123.13237762451172,20050710420620.0,2.0
1.0,0.0,4.0,0.0,0.0,0.0,1.0,0.0,0.0,1.0,2306.014892578125,768.671630859375,343.4124298095703,114.47080993652344,20050700220615.0,3.0
1.0,0.0,4.0,0.0,0.0,0.0,1.0,0.0,1.0,1.0,6984.550048828125,1746.1375122070312,468.1968536376953,117.04921340942384,20050701520592.0,4.0
1.0,0.0,4.0,0.0,0.0,0.0,0.0,0.0,0.0,1.0,2205.67626953125,1102.838134765625,252.1889953613281,126.09449768066406,20050911420798.0,2.0
1.0,0.0,4.0,0.0,0.0,0.0,3.0,0.0,0.0,0.0,3487.0048828125,871.751220703125,486.6148986816406,121.65372467041016,20050711520424.0,4.0
1.0,0.0,4.0,0.0,0.0,0.0,3.0,0.0,0.0,1.0,4994.572448730469,998.9144897460938,630.0293350219725,126.00586700439452,20050811020641.0,5.0
1.0,0.0,4.0,0.0,1.0,0.0,1.0,0.0,0.0,0.0,2996.7434692382812,998.9144897460938,351.1379928588867,117.0459976196289,20050801020619.0,3.0
1.0,0.0,4.0,0.0,1.0,0.0,1.0,0.0,0.0,1.0,3774.8833007812495,943.7208251953124,469.6995544433594,117.42488861083984,20050901910865.0,4.0
1.0,0.0,4.0,0.0,1.0,0.0,1.0,0.0,0.0,2.0,4358.756103515625,871.751220703125,660.6619262695311,132.13238525390622,20050911520513.0,5.0
1.0,0.0,4.0,0.0,1.0,0.0,0.0,0.0,0.0,0.0,1887.4416503906248,943.7208251953124,247.2761993408203,123.63809967041016,20050701910605.0,2.0
1.0,0.0,4.0,0.0,1.0,0.0,0.0,0.0,0.0,1.0,5585.158264160156,1861.7194213867188,356.41680908203125,118.80560302734376,20050700520588.0,3.0
1.0,0.0,4.0,0.0,1.0,0.0,0.0,0.0,1.0,0.0,3170.505615234375,1056.835205078125,359.9231872558594,119.97439575195312,20050700910586.0,3.0
1.0,0.0,4.0,0.0,2.0,0.0,2.0,0.0,0.0,0.0,6934.1668701171875,1386.8333740234375,653.687744140625,130.737548828125,20050802320595.0,5.0
1.0,0.0,4.0,0.0,2.0,0.0,0.0,0.0,0.0,0.0,8253.222473144531,2751.0741577148438,362.9440612792969,120.98135375976562,20050711910858.0,3.0
1.0,0.0,5.0,0.0,0.0,0.0,2.0,0.0,0.0,0.0,5813.414611816405,1937.8048706054685,432.4048919677735,144.1349639892578,20050711820500.0,3.0
1.0,0.0,5.0,0.0,0.0,0.0,2.0,0.0,0.0,1.0,3536.96435546875,884.2410888671875,543.2947998046875,135.82369995117188,20050910520620.0,4.0
1.0,0.0,5.0,0.0,0.0,0.0,1.0,0.0,0.0,0.0,4976.220947265625,2488.1104736328125,297.6562042236328,148.8281021118164,20050901320602.0,2.0
1.0,0.0,5.0,0.0,0.0,0.0,1.0,0.0,0.0,1.0,14256.414184570312,4752.138061523438,435.77254486083984,145.25751495361328,20050700820590.0,3.0
1.0,0.0,5.0,0.0,0.0,0.0,0.0,0.0,0.0,1.0,1727.2650146484375,863.6325073242188,300.3919372558594,150.1959686279297,20050801110834.0,2.0
1.0,0.0,5.0,0.0,0.0,0.0,0.0,0.0,0.0,2.0,5523.33251953125,1841.11083984375,444.975814819336,148.3252716064453,20050702110600.0,3.0
1.0,0.0,5.0,0.0,0.0,0.0,0.0,0.0,1.0,1.0,5245.82080078125,1748.60693359375,436.90919494628906,145.6363983154297,20050704610700.0,3.0
1.0,0.0,5.0,0.0,0.0,0.0,0.0,0.0,1.0,2.0,1955.1452636718752,488.7863159179688,561.0192871093751,140.25482177734378,20050702610792.0,4.0
1.0,0.0,5.0,0.0,1.0,0.0,1.0,0.0,0.0,0.0,1932.429748535156,644.1432495117188,410.93898010253923,136.97966003417972,20050810720657.0,3.0
1.0,0.0,5.0,0.0,1.0,0.0,1.0,0.0,0.0,1.0,19552.770263671875,4888.192565917969,573.2675323486327,143.31688308715817,20050702320589.0,4.0
1.0,0.0,5.0,0.0,1.0,0.0,0.0,0.0,0.0,0.0,1526.7861328125,763.39306640625,286.8866271972656,143.4433135986328,20050802810697.0,2.0
1.0,0.0,5.0,0.0,1.0,0.0,0.0,0.0,0.0,1.0,2445.7728881835933,815.2576293945312,410.1105194091797,136.70350646972656,20050812220630.0,3.0
1.0,0.0,5.0,0.0,1.0,0.0,0.0,0.0,0.0,2.0,3053.572265625,763.39306640625,543.2640380859375,135.81600952148438,20050812811077.0,4.0
1.0,0.0,5.0,0.0,1.0,0.0,0.0,0.0,1.0,0.0,9281.841796875,3093.947265625,445.02137756347656,148.34045918782553,20050712810712.0,3.0
1.0,0.0,5.0,0.0,1.0,0.0,0.0,0.0,1.0,1.0,3935.133056640625,983.7832641601562,585.6409912109375,146.41024780273438,20050903010812.0,4.0
1.0,0.0,5.0,0.0,2.0,0.0,0.0,0.0,0.0,0.0,2623.158874511719,874.3862915039062,448.6998596191406,149.56661987304688,20050812520522.0,3.0
1.0,0.0,5.0,0.0,2.0,0.0,0.0,0.0,0.0,1.0,14995.909912109375,3748.9774780273438,570.5250651041666,142.63126627604166,20050812910848.0,4.0
1.0,0.0,9.0,0.0,0.0,0.0,2.0,0.0,0.0,1.0,3364.953857421875,841.2384643554688,1084.0234375,271.005859375,20050813920509.0,4.0
1.0,0.0,9.0,0.0,0.0,0.0,1.0,0.0,0.0,1.0,4378.893676757813,1459.6312255859375,1112.3095092773438,370.76983642578125,20050801620628.0,3.0
1.0,0.0,9.0,0.0,0.0,0.0,1.0,0.0,1.0,0.0,4160.500122070313,1386.8333740234375,880.4844360351562,293.49481201171875,20050802320615.0,3.0
1.0,0.0,9.0,0.0,0.0,0.0,0.0,0.0,0.0,1.0,3481.7427978515625,1740.8713989257812,615.6666870117188,307.8333435058594,20050812110627.0,2.0
1.0,0.0,9.0,0.0,0.0,0.0,0.0,0.0,0.0,2.0,1466.3589477539065,488.7863159179688,1014.8593139648438,338.28643798828125,20050712610907.0,3.0
1.0,0.0,9.0,0.0,0.0,0.0,0.0,0.0,2.0,1.0,6178.03955078125,1544.5098876953125,1285.951904296875,321.48797607421875,20050812720509.0,4.0
1.0,0.0,9.0,0.0,0.0,0.0,0.0,0.0,3.0,0.0,5973.35107421875,1493.3377685546875,1085.7265625,271.431640625,20050813411013.0,4.0
1.0,0.0,9.0,0.0,1.0,0.0,0.0,0.0,0.0,0.0,5290.59912109375,2645.299560546875,630.5225524902344,315.2612762451172,20050713311004.0,2.0
1.0,0.0,9.0,0.0,1.0,0.0,0.0,0.0,0.0,1.0,16813.60107421875,5604.53369140625,916.0605834960936,305.35352783203126,20050712910838.0,3.0
1.0,0.0,9.0,0.0,1.0,0.0,0.0,0.0,1.0,0.0,1776.9779663085938,592.3259887695312,829.7846374511715,276.59487915039057,20050714510823.0,3.0
1.0,0.0,9.0,0.0,1.0,0.0,0.0,0.0,1.0,1.0,5973.35107421875,1493.3377685546875,1357.1004638671875,339.2751159667969,20050703411153.0,4.0
1.0,0.0,9.0,0.0,1.0,0.0,3.0,0.0,0.0,0.0,6934.1668701171875,1386.8333740234375,1881.495361328125,376.299072265625,20050902320601.0,5.0
1.0,0.0,9.0,0.0,2.0,0.0,0.0,0.0,0.0,0.0,11111.650451660156,3703.8834838867188,975.656364440918,325.2187881469726,20050713011167.0,3.0
1.0,0.0,9.0,0.0,3.0,0.0,0.0,0.0,0.0,0.0,3523.9931640625,880.998291015625,1292.536865234375,323.13421630859375,20050903111068.0,4.0
1.0,0.0,9.0,0.0,3.0,0.0,0.0,0.0,0.0,1.0,3777.9531860351562,755.5906372070312,1554.0158081054688,310.80316162109375,20050703211288.0,5.0
1.0,0.0,1.0,0.0,0.0,0.0,4.0,0.0,0.0,0.0,3655.2212524414062,731.0442504882812,312.79140472412115,62.55828094482422,20050700620589.0,5.0
1.0,0.0,1.0,0.0,0.0,0.0,2.0,0.0,0.0,0.0,9635.27197265625,3211.75732421875,134.94903564453122,44.98301188151041,20050700820606.0,3.0
1.0,0.0,1.0,0.0,0.0,0.0,2.0,0.0,0.0,1.0,6432.472900390625,1608.1182250976562,206.80267333984372,51.70066833496094,20050810620615.0,4.0
1.0,0.0,1.0,0.0,0.0,0.0,1.0,0.0,0.0,0.0,2056.95849609375,1028.479248046875,97.87012481689457,48.93506240844727,20050911320622.0,2.0
1.0,0.0,1.0,0.0,0.0,0.0,1.0,0.0,0.0,1.0,2631.221923828125,877.073974609375,164.44879531860354,54.81626510620117,20050710820502.0,3.0
1.0,0.0,1.0,0.0,0.0,0.0,0.0,0.0,1.0,1.0,9173.384399414062,3057.7947998046875,193.3384704589844,64.44615681966145,20050711420941.0,3.0
1.0,0.0,1.0,0.0,0.0,0.0,0.0,0.0,1.0,2.0,3909.913330078125,977.4783325195312,269.10433959960943,67.27608489990234,20050712110513.0,4.0
1.0,0.0,1.0,0.0,0.0,0.0,3.0,0.0,0.0,0.0,16807.501220703125,4201.875305175781,200.56055450439453,50.14013862609863,20050700820588.0,4.0
1.0,0.0,1.0,0.0,1.0,0.0,2.0,0.0,0.0,0.0,5547.33349609375,1386.8333740234375,210.38226318359372,52.59556579589844,20050912320624.0,4.0
1.0,0.0,1.0,0.0,1.0,0.0,1.0,0.0,2.0,0.0,5514.190673828125,1102.838134765625,275.8858871459961,55.17717742919922,20050811420681.0,5.0
1.0,0.0,1.0,0.0,1.0,0.0,0.0,0.0,0.0,1.0,5613.954528808594,1871.3181762695312,174.16259765625,58.05419921875,20050702420598.0,3.0
1.0,0.0,10.0,0.0,0.0,0.0,2.0,0.0,0.0,0.0,2681.51953125,893.83984375,2165.5307006835933,721.8435668945312,20050912420631.0,3.0
1.0,0.0,10.0,0.0,0.0,0.0,1.0,0.0,0.0,0.0,6008.2822265625,3004.14111328125,933.467254638672,466.733627319336,20050902720607.0,2.0
1.0,0.0,10.0,0.0,0.0,0.0,0.0,0.0,0.0,2.0,1466.3589477539065,488.7863159179688,1374.0158386230466,458.0052795410156,20050812610875.0,3.0
1.0,0.0,10.0,0.0,0.0,0.0,0.0,0.0,1.0,1.0,4060.648315429688,1353.5494384765625,1278.2108459472654,426.0702819824219,20050813511011.0,3.0
1.0,0.0,10.0,0.0,1.0,0.0,0.0,0.0,0.0,1.0,10771.560607910156,3590.5202026367188,1693.9610900878906,564.6536966959635,20050702910841.0,3.0
1.0,0.0,10.0,0.0,1.0,0.0,0.0,0.0,1.0,0.0,8424.973754882812,2808.324584960937,1688.1422882080078,562.7140960693358,20050703511358.0,3.0
1.0,0.0,10.0,0.0,1.0,0.0,0.0,0.0,1.0,1.0,5973.35107421875,1493.3377685546875,1566.0222167968752,391.5055541992188,20050903411388.0,4.0
1.0,0.0,10.0,0.0,2.0,0.0,0.0,0.0,0.0,0.0,27646.45056152344,9215.483520507812,1570.21142578125,523.40380859375,20050712810855.0,3.0
1.0,0.0,10.0,0.0,2.0,0.0,0.0,0.0,0.0,1.0,5819.1005859375,1454.775146484375,1713.9024658203125,428.4756164550781,20050712910840.0,4.0
1.0,0.0,10.0,0.0,3.0,0.0,0.0,0.0,0.0,0.0,2369.303955078125,592.3259887695312,1627.4453125,406.861328125,20050904510791.0,4.0
1.0,0.0,11.0,0.0,1.0,0.0,0.0,0.0,0.0,0.0,3281.4962158203125,1640.7481079101562,3589.6373291015625,1794.8186645507812,20050812610802.0,2.0
1.0,0.0,11.0,0.0,2.0,0.0,0.0,0.0,0.0,1.0,4607.84716796875,1151.9617919921875,4870.16015625,1217.5400390625,20050913310887.0,4.0
1.0,1.0,2.0,0.0,0.0,0.0,2.0,0.0,0.0,0.0,3536.96435546875,884.2410888671875,362.1965637207031,90.54914093017578,20050900520599.0,4.0
1.0,1.0,2.0,0.0,0.0,0.0,0.0,0.0,1.0,0.0,2273.84765625,757.94921875,260.9549102783203,86.98497009277344,20050703710759.0,3.0
1.0,1.0,2.0,0.0,2.0,0.0,0.0,0.0,0.0,0.0,2369.303955078125,592.3259887695312,359.7266845703125,89.93167114257812,20050814510723.0,4.0
1.0,1.0,7.0,0.0,0.0,0.0,0.0,0.0,0.0,2.0,5547.33349609375,1386.8333740234375,795.83056640625,198.9576416015625,20050812320616.0,4.0
1.0,1.0,8.0,0.0,0.0,0.0,3.0,0.0,0.0,0.0,6934.1668701171875,1386.8333740234375,1148.3556365966801,229.67112731933602,20050902320620.0,5.0
1.0,1.0,8.0,0.0,1.0,0.0,0.0,0.0,2.0,1.0,4580.3583984375,763.39306640625,1445.1334533691406,240.85557556152344,20050902811079.0,6.0
1.0,1.0,6.0,0.0,0.0,0.0,2.0,0.0,0.0,0.0,3995.657958984375,998.9144897460938,685.5918579101562,171.39796447753906,20050901020645.0,4.0
1.0,1.0,6.0,0.0,0.0,0.0,1.0,0.0,0.0,0.0,2996.7434692382812,998.9144897460938,517.0548248291017,172.3516082763672,20050801020637.0,3.0
1.0,1.0,3.0,0.0,0.0,0.0,2.0,0.0,0.0,1.0,4994.572448730469,998.9144897460938,548.1883239746094,109.63766479492188,20050711020526.0,5.0
1.0,1.0,3.0,0.0,0.0,0.0,2.0,0.0,1.0,0.0,5514.190673828125,1102.838134765625,461.5116500854492,92.30233001708984,20050811420794.0,5.0
1.0,1.0,3.0,0.0,0.0,0.0,0.0,0.0,0.0,1.0,2273.84765625,757.94921875,342.2757568359375,114.0919189453125,20050813710692.0,3.0
1.0,1.0,4.0,0.0,0.0,0.0,2.0,0.0,0.0,1.0,4421.2054443359375,884.2410888671875,634.2292785644531,126.84585571289062,20050810520614.0,5.0
1.0,1.0,4.0,0.0,0.0,0.0,0.0,0.0,0.0,0.0,1978.1195068359373,989.0597534179688,249.68443298339844,124.84221649169922,20050914420512.0,2.0
1.0,1.0,4.0,0.0,0.0,0.0,0.0,0.0,0.0,1.0,1466.3589477539065,488.7863159179688,359.11399841308594,119.70466613769531,20050902610786.0,3.0
1.0,1.0,4.0,0.0,1.0,0.0,0.0,0.0,0.0,1.0,4302.835449218751,1075.7088623046877,500.5248107910156,125.1312026977539,20050714210806.0,4.0
1.0,1.0,5.0,0.0,0.0,0.0,2.0,0.0,0.0,1.0,4358.756103515625,871.751220703125,682.2010803222656,136.44021606445312,20050811520632.0,5.0
1.0,1.0,5.0,0.0,0.0,0.0,0.0,0.0,0.0,0.0,1978.1195068359373,989.0597534179688,270.02908325195307,135.01454162597656,20050804420611.0,2.0
1.0,1.0,5.0,0.0,1.0,0.0,0.0,0.0,0.0,0.0,2273.84765625,757.94921875,420.7644653320314,140.25482177734378,20050703710663.0,3.0
1.0,1.0,1.0,0.0,0.0,0.0,1.0,0.0,0.0,1.0,7335.529541015625,1833.8823852539065,215.80555725097656,53.95138931274414,20050711420786.0,4.0
1.0,1.0,1.0,0.0,0.0,0.0,0.0,0.0,0.0,0.0,1682.4769287109375,841.2384643554688,110.1385726928711,55.06928634643555,20050913920622.0,2.0
1.0,2.0,2.0,0.0,0.0,0.0,2.0,0.0,0.0,0.0,4371.931457519531,874.3862915039062,419.22325134277344,83.84465026855469,20050702520444.0,5.0
1.0,2.0,5.0,0.0,0.0,0.0,1.0,0.0,0.0,0.0,4669.36669921875,1167.3416748046875,565.065185546875,141.26629638671875,20050911720621.0,4.0
1.0,2.0,1.0,0.0,0.0,0.0,0.0,0.0,0.0,1.0,2998.769775390625,749.6924438476562,247.3070526123047,61.82676315307617,20050914610659.0,4.0
0.0,0.0,2.0,0.0,0.0,0.0,4.0,0.0,0.0,0.0,11952.062255859375,2988.0155639648438,335.7061055501302,83.92652638753255,20050700720452.0,4.0
0.0,0.0,2.0,0.0,0.0,0.0,2.0,0.0,0.0,0.0,11954.72412109375,5977.362060546875,159.75674874441964,79.87837437220982,20050700620607.0,2.0
0.0,0.0,2.0,0.0,0.0,0.0,2.0,0.0,0.0,1.0,11642.955688476562,3880.985229492188,234.3613986968994,78.12046623229979,20050711720399.0,3.0
0.0,0.0,2.0,0.0,0.0,0.0,2.0,0.0,0.0,2.0,3497.545166015625,874.3862915039062,314.6871643066406,78.67179107666016,20050702520603.0,4.0
0.0,0.0,2.0,0.0,0.0,0.0,1.0,0.0,0.0,0.0,2202.0910034179688,2202.0910034179688,81.80054473876953,81.80054473876953,20050802220610.0,1.0
0.0,0.0,2.0,0.0,0.0,0.0,1.0,0.0,0.0,1.0,1288.2864990234375,644.1432495117188,177.6497039794922,88.8248519897461,20050800720635.0,2.0
0.0,0.0,2.0,0.0,0.0,0.0,1.0,0.0,0.0,2.0,6571.335388183594,2190.4451293945312,240.1658477783203,80.05528259277344,20050712220517.0,3.0
0.0,0.0,2.0,0.0,0.0,0.0,0.0,0.0,0.0,1.0,2375.8931274414067,2375.8931274414067,88.04458618164062,88.04458618164062,20050702320591.0,1.0
0.0,0.0,2.0,0.0,0.0,0.0,0.0,0.0,0.0,2.0,3092.603759765625,1546.3018798828125,163.78219604492188,81.89109802246094,20050802220629.0,2.0
0.0,0.0,2.0,0.0,0.0,0.0,0.0,0.0,1.0,0.0,874.3862915039062,874.3862915039062,77.52547454833984,77.52547454833984,20050712520514.0,1.0
0.0,0.0,2.0,0.0,0.0,0.0,0.0,0.0,1.0,3.0,3909.913330078125,977.4783325195312,332.9125671386719,83.22814178466797,20050702110618.0,4.0
0.0,0.0,2.0,0.0,0.0,0.0,0.0,0.0,2.0,2.0,3909.913330078125,977.4783325195312,360.84796142578125,90.21199035644531,20050702110601.0,4.0
0.0,0.0,2.0,0.0,0.0,0.0,3.0,0.0,0.0,0.0,1841.0489501953125,613.6829833984375,241.88179779052732,80.62726593017578,20050900420650.0,3.0
0.0,0.0,2.0,0.0,0.0,0.0,3.0,0.0,1.0,0.0,5838.52490234375,1459.6312255859375,334.83917236328125,83.70979309082031,20050711620518.0,4.0
0.0,0.0,2.0,0.0,1.0,0.0,2.0,0.0,0.0,0.0,5061.026550292969,1687.0088500976562,244.15708923339844,81.38569641113281,20050711520624.0,3.0
0.0,0.0,2.0,0.0,1.0,0.0,1.0,0.0,0.0,0.0,2919.262451171875,1459.6312255859375,177.90016174316406,88.95008087158203,20050911621019.0,2.0
0.0,0.0,2.0,0.0,1.0,0.0,1.0,0.0,0.0,2.0,3536.96435546875,884.2410888671875,337.34368896484375,84.33592224121094,20050710520371.0,4.0
0.0,0.0,2.0,0.0,1.0,0.0,0.0,0.0,0.0,1.0,4160.632934570313,2080.316467285156,166.0902328491211,83.04511642456055,20050702110599.0,2.0
0.0,0.0,2.0,0.0,1.0,0.0,0.0,0.0,0.0,2.0,6390.674743652344,2130.224914550781,246.85236740112305,82.28412246704102,20050812220524.0,3.0
0.0,0.0,2.0,0.0,1.0,0.0,0.0,0.0,0.0,3.0,4227.3408203125,1056.835205078125,298.0415344238281,74.51038360595703,20050800910612.0,4.0
0.0,0.0,2.0,0.0,1.0,0.0,0.0,0.0,1.0,1.0,2932.4349975585938,977.4783325195312,212.1546936035156,70.71823120117188,20050702110619.0,3.0
0.0,0.0,2.0,0.0,1.0,0.0,0.0,0.0,2.0,0.0,2273.84765625,757.94921875,261.55213165283203,87.18404388427734,20050803710669.0,3.0
0.0,0.0,2.0,0.0,2.0,0.0,0.0,0.0,0.0,0.0,1537.34326171875,768.671630859375,174.22039794921875,87.11019897460938,20050900220627.0,2.0
0.0,0.0,2.0,0.0,3.0,0.0,0.0,0.0,0.0,1.0,5973.35107421875,1493.3377685546875,302.1451416015625,75.53628540039062,20050803411373.0,4.0
0.0,0.0,7.0,0.0,0.0,0.0,4.0,0.0,0.0,0.0,3575.359375,893.83984375,840.9510498046875,210.23776245117188,20050702420617.0,4.0
0.0,0.0,7.0,0.0,0.0,0.0,2.0,0.0,0.0,0.0,10788.227416992188,5394.113708496094,417.039794921875,208.5198974609375,20050701620603.0,2.0
0.0,0.0,7.0,0.0,0.0,0.0,2.0,0.0,0.0,1.0,8148.9927978515625,2716.3309326171875,626.156867980957,208.71895599365237,20050701220628.0,3.0
0.0,0.0,7.0,0.0,0.0,0.0,1.0,0.0,0.0,0.0,6514.9892578125,6514.9892578125,196.27971104213168,196.27971104213168,20050701910854.0,1.0
0.0,0.0,7.0,0.0,0.0,0.0,1.0,0.0,0.0,1.0,3089.019775390625,1544.5098876953125,373.38995361328125,186.69497680664062,20050912720628.0,2.0
0.0,0.0,7.0,0.0,0.0,0.0,1.0,0.0,0.0,2.0,8962.769348144531,2987.5897827148438,585.9710845947267,195.32369486490882,20050704111212.0,3.0
0.0,0.0,7.0,0.0,0.0,0.0,0.0,0.0,0.0,1.0,8749.715881347656,8749.715881347656,204.14655897352432,204.14655897352432,20050703110691.0,1.0
0.0,0.0,7.0,0.0,0.0,0.0,0.0,0.0,0.0,2.0,3661.0181884765625,1830.5090942382806,421.2172393798828,210.60861968994138,20050810120911.0,2.0
0.0,0.0,7.0,0.0,0.0,0.0,0.0,0.0,1.0,0.0,4166.857604980469,4166.857604980469,191.93045043945312,191.93045043945312,20050712110514.0,1.0
0.0,0.0,7.0,0.0,0.0,0.0,0.0,0.0,3.0,1.0,3053.572265625,763.39306640625,747.8356933593749,186.95892333984366,20050912811089.0,4.0
0.0,0.0,7.0,0.0,0.0,0.0,3.0,0.0,0.0,0.0,3190.255737304686,1063.4185791015623,632.4761352539062,210.82537841796875,20050911820620.0,3.0
0.0,0.0,7.0,0.0,1.0,0.0,2.0,0.0,0.0,0.0,4633.529663085938,1544.5098876953125,610.0314788818358,203.3438262939453,20050802720601.0,3.0
0.0,0.0,7.0,0.0,1.0,0.0,2.0,0.0,0.0,1.0,5705.66162109375,1426.4154052734375,791.0526123046875,197.76315307617188,20050804020710.0,4.0
0.0,0.0,7.0,0.0,1.0,0.0,1.0,0.0,0.0,0.0,2629.9345703125,1314.96728515625,390.1858825683594,195.0929412841797,20050704111211.0,2.0
0.0,0.0,7.0,0.0,1.0,0.0,1.0,0.0,0.0,1.0,2681.51953125,893.83984375,597.0463714599608,199.0154571533203,20050802420606.0,3.0
0.0,0.0,7.0,0.0,1.0,0.0,1.0,0.0,1.0,0.0,6512.206604003906,2170.7355346679688,586.5464630126952,195.51548767089844,20050911020538.0,3.0
0.0,0.0,7.0,0.0,1.0,0.0,0.0,0.0,0.0,0.0,5119.359191894531,5119.359191894531,201.47568257649743,201.47568257649743,20050700120771.0,1.0
0.0,0.0,7.0,0.0,1.0,0.0,0.0,0.0,0.0,1.0,8603.680297851562,4301.840148925781,417.5606002807617,208.78030014038086,20050701910836.0,2.0
0.0,0.0,7.0,0.0,1.0,0.0,0.0,0.0,1.0,0.0,2852.830810546875,1426.4154052734375,442.72747802734375,221.36373901367188,20050914020740.0,2.0
0.0,0.0,7.0,0.0,1.0,0.0,0.0,0.0,1.0,1.0,9871.733276367188,3290.5777587890625,621.6776161193848,207.2258720397949,20050701910589.0,3.0
0.0,0.0,7.0,0.0,1.0,0.0,0.0,0.0,1.0,2.0,5973.35107421875,1493.3377685546875,758.0697021484375,189.51742553710938,20050903411389.0,4.0
0.0,0.0,7.0,0.0,2.0,0.0,1.0,0.0,0.0,0.0,6001.549072265625,2000.516357421875,604.9164047241211,201.63880157470703,20050710420656.0,3.0
0.0,0.0,7.0,0.0,2.0,0.0,0.0,0.0,0.0,0.0,8509.383911132812,4254.691955566406,398.555892944336,199.277946472168,20050800910610.0,2.0
0.0,0.0,7.0,0.0,2.0,0.0,0.0,0.0,0.0,1.0,5594.344665527344,1864.7815551757806,591.7925720214844,197.2641906738281,20050703011142.0,3.0
0.0,0.0,7.0,0.0,2.0,0.0,0.0,0.0,0.0,2.0,3053.572265625,763.39306640625,869.2139892578125,217.30349731445312,20050712810598.0,4.0
0.0,0.0,8.0,0.0,0.0,0.0,4.0,0.0,0.0,1.0,3068.4149169921875,613.6829833984375,1142.5567626953125,228.5113525390625,20050810420517.0,5.0
0.0,0.0,8.0,0.0,0.0,0.0,2.0,0.0,0.0,0.0,4807.33203125,2403.666015625,502.3357849121093,251.1678924560546,20050712720617.0,2.0
0.0,0.0,8.0,0.0,0.0,0.0,2.0,0.0,0.0,2.0,3995.657958984375,998.9144897460938,906.9169921875,226.729248046875,20050911020539.0,4.0
0.0,0.0,8.0,0.0,0.0,0.0,1.0,0.0,0.0,0.0,4606.654174804688,4606.654174804688,239.3502777099609,239.3502777099609,20050704420605.0,1.0
0.0,0.0,8.0,0.0,0.0,0.0,1.0,0.0,0.0,1.0,11854.844360351562,5927.422180175781,487.72462158203126,243.86231079101563,20050711220630.0,2.0
0.0,0.0,8.0,0.0,0.0,0.0,1.0,0.0,0.0,2.0,2577.4683837890625,859.1561279296875,680.3322601318358,226.7774200439453,20050900320833.0,3.0
0.0,0.0,8.0,0.0,0.0,0.0,1.0,0.0,1.0,0.0,2919.262451171875,1459.6312255859375,462.8216857910156,231.4108428955078,20050901621065.0,2.0
0.0,0.0,8.0,0.0,0.0,0.0,0.0,0.0,0.0,1.0,7832.43017578125,7832.43017578125,249.6314468383789,249.6314468383789,20050714111215.0,1.0
0.0,0.0,8.0,0.0,0.0,0.0,0.0,0.0,0.0,2.0,6106.866455078125,3053.4332275390625,481.6392211914063,240.81961059570312,20050703111033.0,2.0
0.0,0.0,8.0,0.0,0.0,0.0,0.0,0.0,1.0,0.0,4204.604919433594,4204.604919433594,253.90845108032227,253.90845108032227,20050804210789.0,1.0
0.0,0.0,8.0,0.0,0.0,0.0,0.0,0.0,1.0,1.0,1184.6519775390625,592.3259887695312,485.2393188476562,242.6196594238281,20050804510827.0,2.0
0.0,0.0,8.0,0.0,0.0,0.0,0.0,0.0,2.0,0.0,4357.093994140625,2178.5469970703125,488.72453308105474,244.36226654052737,20050714210641.0,2.0
0.0,0.0,8.0,0.0,0.0,0.0,0.0,0.0,2.0,1.0,2249.0773315429688,749.6924438476562,783.512054443359,261.17068481445307,20050814610542.0,3.0
0.0,0.0,8.0,0.0,0.0,0.0,0.0,0.0,3.0,0.0,2266.7719116210933,755.5906372070312,768.469390869141,256.15646362304693,20050813211435.0,3.0
0.0,0.0,8.0,0.0,0.0,0.0,3.0,0.0,0.0,1.0,3382.871826171875,845.7179565429688,995.3084716796876,248.82711791992188,20050803820616.0,4.0
0.0,0.0,8.0,0.0,1.0,0.0,1.0,0.0,0.0,0.0,3748.394409179688,1874.197204589844,533.1032104492189,266.55160522460943,20050811320615.0,2.0
0.0,0.0,8.0,0.0,1.0,0.0,1.0,0.0,0.0,1.0,9838.763122558594,3279.5877075195312,720.4886016845703,240.16286722819007,20050711020527.0,3.0
0.0,0.0,8.0,0.0,1.0,0.0,0.0,0.0,0.0,0.0,3909.933227539063,3909.933227539063,251.37019729614258,251.37019729614258,20050710910499.0,1.0
0.0,0.0,8.0,0.0,1.0,0.0,0.0,0.0,0.0,1.0,17673.9423828125,8836.97119140625,493.5158958435058,246.7579479217529,20050701020615.0,2.0
0.0,0.0,8.0,0.0,1.0,0.0,0.0,0.0,0.0,2.0,6631.097351074219,2210.3657836914067,721.5860366821289,240.52867889404297,20050802910822.0,3.0
0.0,0.0,8.0,0.0,1.0,0.0,0.0,0.0,1.0,0.0,4379.616943359375,2189.8084716796875,452.5048828125,226.25244140625,20050904020738.0,2.0
0.0,0.0,8.0,0.0,1.0,0.0,0.0,0.0,1.0,1.0,2577.4683837890625,859.1561279296875,698.9622802734375,232.9874267578125,20050710320619.0,3.0
0.0,0.0,8.0,0.0,1.0,0.0,0.0,0.0,2.0,0.0,4364.325439453125,1454.775146484375,778.1061401367188,259.36871337890625,20050902911137.0,3.0
0.0,0.0,8.0,0.0,2.0,0.0,0.0,0.0,0.0,0.0,3478.747802734375,1739.3739013671875,517.9391632080078,258.9695816040039,20050803211400.0,2.0
0.0,0.0,8.0,0.0,2.0,0.0,0.0,0.0,0.0,1.0,6587.896728515625,2195.965576171875,735.8080673217775,245.2693557739258,20050814111221.0,3.0
0.0,0.0,8.0,0.0,2.0,0.0,0.0,0.0,0.0,2.0,8436.560302734375,2109.1400756835933,996.2601318359376,249.0650329589844,20050713512223.0,4.0
0.0,0.0,8.0,0.0,2.0,0.0,0.0,0.0,1.0,0.0,2273.84765625,757.94921875,791.0527038574215,263.68423461914057,20050703710665.0,3.0
0.0,0.0,8.0,0.0,2.0,0.0,0.0,0.0,1.0,1.0,7369.343017578125,1842.3357543945312,1044.817596435547,261.2043991088868,20050712610683.0,4.0
0.0,0.0,8.0,0.0,3.0,0.0,0.0,0.0,0.0,1.0,10276.1865234375,2569.046630859375,1065.2373657226562,266.3093414306641,20050803411409.0,4.0
0.0,0.0,8.0,0.0,3.0,0.0,0.0,0.0,0.0,2.0,7273.875732421875,1454.775146484375,1346.6775512695312,269.33551025390625,20050902910850.0,5.0
0.0,0.0,6.0,0.0,0.0,0.0,2.0,0.0,0.0,0.0,13929.721313476562,6964.860656738281,342.4293169294085,171.21465846470426,20050701620605.0,2.0
0.0,0.0,6.0,0.0,0.0,0.0,2.0,0.0,0.0,1.0,11593.807434082031,3864.6024780273438,517.1097564697267,172.3699188232422,20050702420600.0,3.0
0.0,0.0,6.0,0.0,0.0,0.0,2.0,0.0,0.0,2.0,3995.657958984375,998.9144897460938,655.421630859375,163.85540771484375,20050801020639.0,4.0
0.0,0.0,6.0,0.0,0.0,0.0,1.0,0.0,0.0,0.0,6729.9041748046875,6729.9041748046875,172.16445922851562,172.16445922851562,20050711110608.0,1.0
0.0,0.0,6.0,0.0,0.0,0.0,1.0,0.0,0.0,1.0,3556.161865234375,1778.0809326171875,338.4996490478516,169.24982452392578,20050800520611.0,2.0
0.0,0.0,6.0,0.0,0.0,0.0,0.0,0.0,0.0,1.0,10387.974975585938,10387.974975585938,170.86814880371094,170.86814880371094,20050713710685.0,1.0
0.0,0.0,6.0,0.0,0.0,0.0,0.0,0.0,0.0,2.0,11752.186157226562,5876.093078613281,326.5356018066406,163.2678009033203,20050711620627.0,2.0
0.0,0.0,6.0,0.0,0.0,0.0,0.0,0.0,1.0,0.0,1056.835205078125,1056.835205078125,163.60494995117188,163.60494995117188,20050910910513.0,1.0
0.0,0.0,6.0,0.0,0.0,0.0,0.0,0.0,2.0,0.0,1967.5665283203125,983.7832641601562,363.21765136718733,181.60882568359366,20050803010784.0,2.0
0.0,0.0,6.0,0.0,1.0,0.0,2.0,0.0,0.0,0.0,2914.0588989257812,971.3529663085938,529.2308349609375,176.4102783203125,20050900120644.0,3.0
0.0,0.0,6.0,0.0,1.0,0.0,1.0,0.0,0.0,0.0,3357.7802734375,1678.89013671875,326.5028533935547,163.25142669677734,20050711110500.0,2.0
0.0,0.0,6.0,0.0,1.0,0.0,1.0,0.0,0.0,1.0,6079.493408203125,2026.497802734375,502.5380859375,167.5126953125,20050801720593.0,3.0
0.0,0.0,6.0,0.0,1.0,0.0,0.0,0.0,0.0,0.0,3429.9025268554688,3429.9025268554688,169.9867401123047,169.9867401123047,20050801910593.0,1.0
0.0,0.0,6.0,0.0,1.0,0.0,0.0,0.0,0.0,1.0,10652.8125,5326.40625,341.5561599731445,170.7780799865723,20050714110693.0,2.0
0.0,0.0,6.0,0.0,1.0,0.0,0.0,0.0,0.0,2.0,1932.429748535156,644.1432495117188,523.5088806152344,174.50296020507812,20050910720556.0,3.0
0.0,0.0,6.0,0.0,1.0,0.0,0.0,0.0,1.0,2.0,9568.71826171875,2392.1795654296875,671.9324137369791,167.98310343424478,20050703211426.0,4.0
0.0,0.0,6.0,0.0,1.0,0.0,0.0,0.0,2.0,0.0,2249.0773315429688,749.6924438476562,551.5752410888671,183.85841369628903,20050804610649.0,3.0
0.0,0.0,6.0,0.0,2.0,0.0,1.0,0.0,0.0,0.0,2306.014892578125,768.671630859375,491.3735504150391,163.7911834716797,20050800220602.0,3.0
0.0,0.0,6.0,0.0,2.0,0.0,0.0,0.0,0.0,0.0,7475.4989013671875,3737.7494506835938,348.58207194010424,174.29103597005212,20050704311120.0,2.0
0.0,0.0,6.0,0.0,2.0,0.0,0.0,0.0,0.0,1.0,13505.21356201172,4501.737854003906,492.63740158081055,164.21246719360354,20050711910499.0,3.0
0.0,0.0,6.0,0.0,2.0,0.0,0.0,0.0,1.0,0.0,4160.500122070313,1386.8333740234375,463.8042297363281,154.60140991210938,20050702320608.0,3.0
0.0,0.0,6.0,0.0,3.0,0.0,0.0,0.0,0.0,0.0,5257.364685058594,1752.4548950195312,524.4336318969727,174.81121063232422,20050703010800.0,3.0
0.0,0.0,3.0,0.0,0.0,0.0,4.0,0.0,0.0,0.0,3364.953857421875,841.2384643554688,420.04010009765625,105.01002502441406,20050713920610.0,4.0
0.0,0.0,3.0,0.0,0.0,0.0,2.0,0.0,0.0,0.0,14429.166748046875,7214.5833740234375,200.9564685821533,100.47823429107666,20050700820607.0,2.0
0.0,0.0,3.0,0.0,0.0,0.0,2.0,0.0,0.0,1.0,8087.178039550781,2695.7260131835933,310.3150939941406,103.43836466471356,20050700720631.0,3.0
0.0,0.0,3.0,0.0,0.0,0.0,2.0,0.0,0.0,2.0,5705.66162109375,1426.4154052734375,457.2731628417969,114.31829071044922,20050714020727.0,4.0
0.0,0.0,3.0,0.0,0.0,0.0,1.0,0.0,0.0,0.0,5779.036193847656,5779.036193847656,103.61711120605469,103.61711120605469,20050701910607.0,1.0
0.0,0.0,3.0,0.0,0.0,0.0,1.0,0.0,0.0,1.0,9425.327392578123,4712.663696289063,190.88625717163086,95.44312858581543,20050702720417.0,2.0
0.0,0.0,3.0,0.0,0.0,0.0,1.0,0.0,0.0,2.0,2306.014892578125,768.671630859375,319.90818786621094,106.63606262207031,20050700220596.0,3.0
0.0,0.0,3.0,0.0,0.0,0.0,1.0,0.0,1.0,0.0,6434.7266845703125,3217.3633422851562,197.7760111490885,98.88800557454428,20050702020620.0,2.0
0.0,0.0,3.0,0.0,0.0,0.0,0.0,0.0,0.0,1.0,2219.844055175781,2219.844055175781,111.03507486979169,111.03507486979169,20050812020520.0,1.0
0.0,0.0,3.0,0.0,0.0,0.0,0.0,0.0,1.0,1.0,2945.13916015625,1472.569580078125,200.66268157958984,100.33134078979492,20050702610897.0,2.0
0.0,0.0,3.0,0.0,0.0,0.0,3.0,0.0,0.0,0.0,21469.20648193359,7156.40216064453,306.43039267403736,102.14346422467915,20050701820604.0,3.0
0.0,0.0,3.0,0.0,0.0,0.0,3.0,0.0,0.0,1.0,3995.657958984375,998.9144897460938,402.9243469238282,100.73108673095705,20050811020534.0,4.0
0.0,0.0,3.0,0.0,1.0,0.0,1.0,0.0,0.0,1.0,8116.742614746094,2705.580871582031,298.32408142089844,99.4413604736328,20050704420604.0,3.0
0.0,0.0,3.0,0.0,1.0,0.0,1.0,0.0,0.0,2.0,6849.56982421875,1712.3924560546875,420.8126678466797,105.20316696166992,20050710220508.0,4.0
0.0,0.0,3.0,0.0,1.0,0.0,0.0,0.0,0.0,0.0,1238.478759765625,1238.478759765625,109.9690399169922,109.9690399169922,20050702610773.0,1.0
0.0,0.0,3.0,0.0,1.0,0.0,0.0,0.0,0.0,1.0,7867.79736328125,3933.898681640625,216.4442253112793,108.22211265563965,20050710910607.0,2.0
0.0,0.0,3.0,0.0,1.0,0.0,0.0,0.0,0.0,2.0,1964.6819458007806,654.8939819335938,319.580680847168,106.52689361572266,20050712020515.0,3.0
0.0,0.0,3.0,0.0,1.0,0.0,0.0,0.0,1.0,0.0,2113.67041015625,1056.835205078125,205.2960662841797,102.64803314208984,20050900910431.0,2.0
0.0,0.0,3.0,0.0,1.0,0.0,0.0,0.0,1.0,1.0,2266.7719116210933,755.5906372070312,305.8133468627929,101.93778228759766,20050713211127.0,3.0
0.0,0.0,3.0,0.0,1.0,0.0,0.0,0.0,1.0,2.0,5819.1005859375,1454.775146484375,402.6007385253906,100.65018463134766,20050702911120.0,4.0
0.0,0.0,3.0,0.0,2.0,0.0,0.0,0.0,0.0,0.0,1787.6796875,893.83984375,193.0430450439453,96.52152252197266,20050702420616.0,2.0
0.0,0.0,3.0,0.0,2.0,0.0,0.0,0.0,0.0,1.0,2932.4349975585938,977.4783325195312,285.1334381103516,95.0444793701172,20050912110632.0,3.0
0.0,0.0,3.0,0.0,3.0,0.0,0.0,0.0,0.0,0.0,2590.897521972656,863.6325073242188,337.0662689208984,112.3554229736328,20050901110848.0,3.0
0.0,0.0,3.0,0.0,3.0,0.0,0.0,0.0,0.0,1.0,3074.6865234375,768.671630859375,434.8477783203125,108.71194458007812,20050910220629.0,4.0
0.0,0.0,4.0,0.0,0.0,0.0,4.0,0.0,0.0,0.0,4253.674316406249,1063.4185791015623,519.6557006835939,129.91392517089844,20050901820616.0,4.0
0.0,0.0,4.0,0.0,0.0,0.0,2.0,0.0,0.0,0.0,14029.225341796875,7014.6126708984375,247.357670375279,123.6788351876395,20050700220614.0,2.0
0.0,0.0,4.0,0.0,0.0,0.0,2.0,0.0,0.0,1.0,15945.125061035156,5315.041687011719,365.8448486328125,121.94828287760416,20050700320598.0,3.0
0.0,0.0,4.0,0.0,0.0,0.0,2.0,0.0,1.0,0.0,4279.246215820313,1426.4154052734375,374.2569122314453,124.75230407714844,20050804020709.0,3.0
0.0,0.0,4.0,0.0,0.0,0.0,1.0,0.0,0.0,0.0,2759.9735717773438,2759.9735717773438,117.25150299072266,117.25150299072266,20050704420606.0,1.0
0.0,0.0,4.0,0.0,0.0,0.0,1.0,0.0,0.0,1.0,12832.02685546875,6416.013427734375,246.1929168701172,123.0964584350586,20050700720648.0,2.0
0.0,0.0,4.0,0.0,0.0,0.0,1.0,0.0,1.0,0.0,1727.2650146484375,863.6325073242188,259.27877807617193,129.63938903808594,20050811110505.0,2.0
0.0,0.0,4.0,0.0,0.0,0.0,0.0,0.0,0.0,1.0,3460.9129028320312,3460.9129028320312,126.5038890838623,126.5038890838623,20050711720443.0,1.0
0.0,0.0,4.0,0.0,0.0,0.0,0.0,0.0,0.0,2.0,11810.349609375,5905.1748046875,253.99060712541853,126.99530356270927,20050703920588.0,2.0
0.0,0.0,4.0,0.0,0.0,0.0,0.0,0.0,1.0,2.0,2831.162475585937,943.7208251953124,361.11765289306646,120.37255096435548,20050811910614.0,3.0
0.0,0.0,4.0,0.0,0.0,0.0,0.0,0.0,2.0,0.0,6114.782470703125,3057.3912353515625,235.13236490885413,117.56618245442706,20050710910608.0,2.0
0.0,0.0,4.0,0.0,0.0,0.0,3.0,0.0,0.0,0.0,9191.804809570312,3063.934936523437,361.1716079711914,120.39053599039715,20050800420607.0,3.0
0.0,0.0,4.0,0.0,0.0,0.0,3.0,0.0,0.0,1.0,6450.389892578125,1612.5974731445312,539.4416809082031,134.86042022705078,20050710420512.0,4.0
0.0,0.0,4.0,0.0,1.0,0.0,1.0,0.0,0.0,1.0,5305.446533203125,1768.482177734375,377.8018226623535,125.93394088745116,20050710520499.0,3.0
0.0,0.0,4.0,0.0,1.0,0.0,0.0,0.0,0.0,0.0,1898.0736694335935,1898.0736694335935,126.40274810791016,126.40274810791016,20050803920614.0,1.0
0.0,0.0,4.0,0.0,1.0,0.0,0.0,0.0,0.0,1.0,1954.9566650390625,977.4783325195312,257.58340454101557,128.79170227050778,20050712110819.0,2.0
0.0,0.0,4.0,0.0,1.0,0.0,0.0,0.0,0.0,2.0,5813.50048828125,1937.83349609375,370.1205711364746,123.3735237121582,20050810910613.0,3.0
0.0,0.0,4.0,0.0,1.0,0.0,0.0,0.0,1.0,0.0,1499.3848876953125,749.6924438476562,260.6273803710937,130.31369018554688,20050904610638.0,2.0
0.0,0.0,4.0,0.0,1.0,0.0,0.0,0.0,1.0,1.0,3170.505615234375,1056.835205078125,390.51722717285173,130.17240905761722,20050910910619.0,3.0
0.0,0.0,4.0,0.0,2.0,0.0,1.0,0.0,0.0,1.0,3074.6865234375,768.671630859375,473.1095886230469,118.27739715576172,20050900220609.0,4.0
0.0,0.0,4.0,0.0,2.0,0.0,0.0,0.0,0.0,0.0,4604.918212890625,2302.4591064453125,242.03592681884768,121.01796340942384,20050702720596.0,2.0
0.0,0.0,5.0,0.0,0.0,0.0,2.0,0.0,0.0,0.0,6326.758544921875,3163.379272460937,291.8861083984375,145.94305419921875,20050800220601.0,2.0
0.0,0.0,5.0,0.0,0.0,0.0,2.0,0.0,0.0,1.0,2615.253662109375,871.751220703125,448.4301452636719,149.47671508789062,20050711520625.0,3.0
0.0,0.0,5.0,0.0,0.0,0.0,1.0,0.0,0.0,0.0,4510.794555664063,4510.794555664063,146.87455444335941,146.87455444335941,20050701720586.0,1.0
0.0,0.0,5.0,0.0,0.0,0.0,1.0,0.0,0.0,1.0,5443.603515625,2721.8017578125,288.8067932128906,144.4033966064453,20050711910855.0,2.0
0.0,0.0,5.0,0.0,0.0,0.0,1.0,0.0,0.0,3.0,1955.1452636718752,488.7863159179688,611.1103515625,152.777587890625,20050702610772.0,4.0
0.0,0.0,5.0,0.0,0.0,0.0,1.0,0.0,1.0,1.0,1466.3589477539065,488.7863159179688,422.3057556152344,140.76858520507812,20050912610695.0,3.0
0.0,0.0,5.0,0.0,0.0,0.0,1.0,0.0,1.0,2.0,6178.03955078125,1544.5098876953125,595.7362670898438,148.93406677246094,20050712720416.0,4.0
0.0,0.0,5.0,0.0,0.0,0.0,0.0,0.0,0.0,1.0,4387.211853027344,4387.211853027344,140.63243713378907,140.63243713378907,20050700910606.0,1.0
0.0,0.0,5.0,0.0,0.0,0.0,0.0,0.0,0.0,2.0,13088.564208984375,6544.2821044921875,293.8165435791016,146.90827178955078,20050700320829.0,2.0
0.0,0.0,5.0,0.0,0.0,0.0,0.0,0.0,1.0,0.0,2080.316467285156,2080.316467285156,151.06293487548828,151.06293487548828,20050802110821.0,1.0
0.0,0.0,5.0,0.0,0.0,0.0,0.0,0.0,1.0,1.0,2629.9345703125,1314.96728515625,299.42864990234375,149.71432495117188,20050904111123.0,2.0
0.0,0.0,5.0,0.0,0.0,0.0,0.0,0.0,1.0,2.0,4480.013305664063,1493.3377685546875,448.1604309082031,149.38681030273438,20050913411324.0,3.0
0.0,0.0,5.0,0.0,1.0,0.0,1.0,0.0,0.0,0.0,5259.869140625,2629.9345703125,288.43946838378906,144.21973419189453,20050804111200.0,2.0
0.0,0.0,5.0,0.0,1.0,0.0,1.0,0.0,0.0,1.0,2623.158874511719,874.3862915039062,432.9019317626953,144.30064392089844,20050702520604.0,3.0
0.0,0.0,5.0,0.0,1.0,0.0,1.0,0.0,0.0,3.0,5836.7083740234375,1167.3416748046875,756.7017364501953,151.34034729003906,20050701720605.0,5.0
0.0,0.0,5.0,0.0,1.0,0.0,1.0,0.0,1.0,0.0,1466.3589477539065,488.7863159179688,414.48390197753923,138.16130065917972,20050912610806.0,3.0
0.0,0.0,5.0,0.0,1.0,0.0,1.0,0.0,1.0,1.0,3436.62451171875,859.1561279296875,573.2338256835938,143.30845642089844,20050710320512.0,4.0
0.0,0.0,5.0,0.0,1.0,0.0,0.0,0.0,0.0,0.0,1627.0255737304688,1627.0255737304688,145.49705505371094,145.49705505371094,20050812810606.0,1.0
0.0,0.0,5.0,0.0,1.0,0.0,0.0,0.0,0.0,1.0,3026.1710205078125,1513.0855102539062,287.27772521972656,143.63886260986328,20050714610536.0,2.0
0.0,0.0,5.0,0.0,1.0,0.0,0.0,0.0,0.0,3.0,3364.953857421875,841.2384643554688,611.6497802734375,152.91244506835938,20050713920501.0,4.0
0.0,0.0,5.0,0.0,1.0,0.0,0.0,0.0,0.0,4.0,4856.764831542969,971.3529663085938,762.6048278808594,152.52096557617188,20050710120772.0,5.0
0.0,0.0,5.0,0.0,1.0,0.0,0.0,0.0,1.0,0.0,3454.341552734375,1727.1707763671875,285.98114013671875,142.99057006835938,20050704610716.0,2.0
0.0,0.0,5.0,0.0,1.0,0.0,0.0,0.0,1.0,1.0,2932.4349975585938,977.4783325195312,437.7183837890625,145.9061279296875,20050802110822.0,3.0
0.0,0.0,5.0,0.0,1.0,0.0,0.0,0.0,1.0,2.0,7301.605224609376,1825.401306152344,582.814697265625,145.70367431640625,20050704210785.0,4.0
0.0,0.0,5.0,0.0,2.0,0.0,0.0,0.0,0.0,0.0,977.5726318359376,488.7863159179688,307.8670654296875,153.93353271484375,20050902610803.0,2.0
0.0,0.0,5.0,0.0,2.0,0.0,0.0,0.0,0.0,2.0,3382.871826171875,845.7179565429688,609.4727172851562,152.36817932128906,20050713820612.0,4.0
0.0,0.0,5.0,0.0,3.0,0.0,0.0,0.0,0.0,1.0,3774.8833007812495,943.7208251953124,607.6425170898438,151.91062927246094,20050711910500.0,4.0
0.0,0.0,9.0,0.0,0.0,0.0,2.0,0.0,0.0,0.0,9159.556030273438,4579.778015136719,600.2521484375,300.12607421875,20050701320606.0,2.0
0.0,0.0,9.0,0.0,0.0,0.0,1.0,0.0,0.0,0.0,5242.964965820313,5242.964965820313,321.88099975585936,321.88099975585936,20050703820415.0,1.0
0.0,0.0,9.0,0.0,0.0,0.0,1.0,0.0,0.0,1.0,9528.661010742188,4764.330505371094,600.9919555664062,300.4959777832031,20050700320617.0,2.0
0.0,0.0,9.0,0.0,0.0,0.0,1.0,0.0,1.0,0.0,1942.7059326171875,971.3529663085938,741.9634399414062,370.9817199707031,20050800120781.0,2.0
0.0,0.0,9.0,0.0,0.0,0.0,0.0,0.0,0.0,1.0,11948.201416015625,11948.201416015625,317.81045277913415,317.81045277913415,20050701020632.0,1.0
0.0,0.0,9.0,0.0,0.0,0.0,0.0,0.0,0.0,2.0,6373.7110595703125,3186.8555297851562,676.0995941162108,338.0497970581055,20050703820412.0,2.0
0.0,0.0,9.0,0.0,0.0,0.0,0.0,0.0,1.0,0.0,6531.49169921875,6531.49169921875,320.57349650065106,320.57349650065106,20050901220638.0,1.0
0.0,0.0,9.0,0.0,0.0,0.0,0.0,0.0,1.0,1.0,6096.072509765625,3048.0362548828125,679.2572428385416,339.6286214192708,20050803211444.0,2.0
0.0,0.0,9.0,0.0,0.0,0.0,0.0,0.0,1.0,2.0,2273.84765625,757.94921875,820.27880859375,273.42626953125,20050713710549.0,3.0
0.0,0.0,9.0,0.0,0.0,0.0,0.0,0.0,2.0,0.0,1967.5665283203125,983.7832641601562,563.7743530273438,281.8871765136719,20050803010786.0,2.0
0.0,0.0,9.0,0.0,0.0,0.0,0.0,0.0,2.0,2.0,2998.769775390625,749.6924438476562,1275.33642578125,318.8341064453125,20050804610721.0,4.0
0.0,0.0,9.0,0.0,0.0,0.0,3.0,0.0,0.0,0.0,2523.7153930664067,841.2384643554688,1123.2948303222656,374.4316101074219,20050813920616.0,3.0
0.0,0.0,9.0,0.0,1.0,0.0,1.0,0.0,0.0,0.0,7131.68701171875,3565.843505859375,631.8643951416017,315.93219757080084,20050702520620.0,2.0
0.0,0.0,9.0,0.0,1.0,0.0,1.0,0.0,0.0,1.0,1466.3589477539065,488.7863159179688,1077.6695251464844,359.2231750488281,20050712610685.0,3.0
0.0,0.0,9.0,0.0,1.0,0.0,0.0,0.0,0.0,0.0,10833.47265625,10833.47265625,329.9024932861328,329.9024932861328,20050703310847.0,1.0
0.0,0.0,9.0,0.0,1.0,0.0,0.0,0.0,0.0,1.0,10065.17626953125,5032.588134765625,606.7087605794271,303.3543802897136,20050703511383.0,2.0
0.0,0.0,9.0,0.0,1.0,0.0,0.0,0.0,0.0,2.0,6565.959411621094,2188.6531372070312,958.4048309326172,319.46827697753906,20050810720550.0,3.0
0.0,0.0,9.0,0.0,1.0,0.0,0.0,0.0,0.0,3.0,3995.657958984375,998.9144897460938,1277.2822265625,319.320556640625,20050901020627.0,4.0
0.0,0.0,9.0,0.0,1.0,0.0,0.0,0.0,1.0,0.0,8322.349487304688,4161.174743652344,716.1868286132812,358.0934143066406,20050712910775.0,2.0
0.0,0.0,9.0,0.0,2.0,0.0,1.0,0.0,0.0,0.0,2273.84765625,757.94921875,824.902587890625,274.967529296875,20050903710694.0,3.0
0.0,0.0,9.0,0.0,2.0,0.0,0.0,0.0,0.0,0.0,11114.0849609375,5557.04248046875,638.107861328125,319.0539306640625,20050714510750.0,2.0
0.0,0.0,9.0,0.0,2.0,0.0,0.0,0.0,0.0,1.0,2290.17919921875,763.39306640625,904.7785949707032,301.5928649902344,20050712810599.0,3.0
0.0,0.0,9.0,0.0,2.0,0.0,0.0,0.0,0.0,2.0,19826.448486328125,4956.612121582031,1311.3798217773438,327.84495544433594,20050712911115.0,4.0
0.0,0.0,9.0,0.0,2.0,0.0,0.0,0.0,1.0,1.0,3022.362548828125,755.5906372070312,1335.6961669921875,333.9240417480469,20050813211448.0,4.0
0.0,0.0,9.0,0.0,2.0,0.0,0.0,0.0,1.0,2.0,7466.6888427734375,1493.3377685546875,1464.7227478027344,292.9445495605469,20050803411407.0,5.0
0.0,0.0,9.0,0.0,3.0,0.0,0.0,0.0,0.0,0.0,4933.174072265625,1644.391357421875,913.5984191894532,304.5328063964844,20050712811068.0,3.0
0.0,0.0,1.0,0.0,0.0,0.0,4.0,0.0,0.0,0.0,3261.030517578125,815.2576293945312,192.4882049560547,48.12205123901367,20050802220628.0,4.0
0.0,0.0,1.0,0.0,0.0,0.0,2.0,0.0,0.0,0.0,15226.967651367188,7613.483825683594,102.37350749969481,51.186753749847405,20050700620605.0,2.0
0.0,0.0,1.0,0.0,0.0,0.0,2.0,0.0,0.0,1.0,15580.382629394531,5193.460876464844,138.29293632507324,46.09764544169107,20050800820596.0,3.0
0.0,0.0,1.0,0.0,0.0,0.0,1.0,0.0,0.0,0.0,4690.868469238281,4690.868469238281,62.00727844238281,62.00727844238281,20050710620370.0,1.0
0.0,0.0,1.0,0.0,0.0,0.0,1.0,0.0,0.0,1.0,1754.14794921875,877.073974609375,121.7095947265625,60.85479736328125,20050700820589.0,2.0
0.0,0.0,1.0,0.0,0.0,0.0,1.0,0.0,0.0,3.0,2619.575927734375,654.8939819335938,201.2117462158203,50.30293655395508,20050912020633.0,4.0
0.0,0.0,1.0,0.0,0.0,0.0,0.0,0.0,0.0,1.0,1385.938232421875,1385.938232421875,63.59824562072753,63.59824562072753,20050900620618.0,1.0
0.0,0.0,1.0,0.0,0.0,0.0,0.0,0.0,0.0,2.0,4509.599853515625,2254.7999267578125,114.79125595092772,57.39562797546387,20050713310741.0,2.0
0.0,0.0,1.0,0.0,0.0,0.0,3.0,0.0,0.0,0.0,21495.929809570312,7165.3099365234375,160.9684324264526,53.65614414215088,20050701420784.0,3.0
0.0,0.0,1.0,0.0,0.0,0.0,3.0,0.0,0.0,1.0,12606.9296875,3151.732421875,196.44443321228027,49.11110830307007,20050700620606.0,4.0
0.0,0.0,1.0,0.0,0.0,0.0,5.0,0.0,0.0,0.0,4371.931457519531,874.3862915039062,200.7493591308594,40.14987182617188,20050912520636.0,5.0
0.0,0.0,1.0,0.0,1.0,0.0,2.0,0.0,0.0,1.0,6432.472900390625,1608.1182250976562,228.1645431518555,57.04113578796387,20050710820611.0,4.0
0.0,0.0,1.0,0.0,1.0,0.0,1.0,0.0,0.0,0.0,2205.67626953125,1102.838134765625,132.12467956542972,66.06233978271484,20050811420949.0,2.0
0.0,0.0,1.0,0.0,1.0,0.0,1.0,0.0,1.0,1.0,4411.3525390625,1102.838134765625,138.71357727050778,34.678394317626946,20050801420770.0,4.0
0.0,0.0,1.0,0.0,2.0,0.0,0.0,0.0,0.0,0.0,2113.67041015625,1056.835205078125,135.82369995117188,67.91184997558594,20050900910600.0,2.0
0.0,0.0,1.0,0.0,2.0,0.0,0.0,0.0,0.0,2.0,4227.3408203125,1056.835205078125,273.95932006835943,68.48983001708984,20050800910594.0,4.0
0.0,0.0,10.0,0.0,0.0,0.0,2.0,0.0,0.0,0.0,3479.115600585937,1739.5578002929688,960.4181213378907,480.20906066894537,20050813820508.0,2.0
0.0,0.0,10.0,0.0,0.0,0.0,1.0,0.0,0.0,0.0,5495.632751464844,5495.632751464844,421.8510803222656,421.8510803222656,20050702720595.0,1.0
0.0,0.0,10.0,0.0,0.0,0.0,1.0,0.0,0.0,1.0,5484.833862304688,2742.416931152344,941.3513590494792,470.6756795247396,20050711020635.0,2.0
0.0,0.0,10.0,0.0,0.0,0.0,1.0,0.0,0.0,2.0,2914.0588989257812,971.3529663085938,1986.782958984375,662.260986328125,20050710120601.0,3.0
0.0,0.0,10.0,0.0,0.0,0.0,0.0,0.0,0.0,1.0,6481.4783935546875,6481.4783935546875,504.04438127790183,504.04438127790183,20050702520622.0,1.0
0.0,0.0,10.0,0.0,0.0,0.0,0.0,0.0,0.0,2.0,4461.03759765625,2230.518798828125,819.2398071289062,409.6199035644531,20050703011145.0,2.0
0.0,0.0,10.0,0.0,0.0,0.0,0.0,0.0,0.0,3.0,4060.648315429688,1353.5494384765625,1449.5762329101565,483.1920776367188,20050903511374.0,3.0
0.0,0.0,10.0,0.0,0.0,0.0,0.0,0.0,1.0,0.0,15902.609619140625,15902.609619140625,553.0363606770833,553.0363606770833,20050704210803.0,1.0
0.0,0.0,10.0,0.0,0.0,0.0,0.0,0.0,1.0,2.0,3455.8853759765625,1151.9617919921875,1807.657470703125,602.552490234375,20050903311008.0,3.0
0.0,0.0,10.0,0.0,0.0,0.0,0.0,0.0,2.0,0.0,2151.4177246093755,1075.7088623046877,767.2286376953125,383.61431884765625,20050914210968.0,2.0
0.0,0.0,10.0,0.0,0.0,0.0,0.0,0.0,2.0,2.0,4977.5078125,1244.376953125,2174.836181640625,543.7090454101561,20050812610801.0,4.0
0.0,0.0,10.0,0.0,0.0,0.0,0.0,0.0,3.0,1.0,5819.1005859375,1454.775146484375,2045.3818359375,511.345458984375,20050702911117.0,4.0
0.0,0.0,10.0,0.0,0.0,0.0,0.0,0.0,4.0,1.0,7466.6888427734375,1493.3377685546875,2008.1486511230469,401.6297302246094,20050703411370.0,5.0
0.0,0.0,10.0,0.0,0.0,0.0,3.0,0.0,0.0,1.0,4113.9169921875,1028.479248046875,1682.8653564453125,420.7163391113281,20050811320616.0,4.0
0.0,0.0,10.0,0.0,1.0,0.0,1.0,0.0,0.0,0.0,2056.95849609375,1028.479248046875,764.6585693359376,382.3292846679688,20050901320600.0,2.0
0.0,0.0,10.0,0.0,1.0,0.0,1.0,0.0,0.0,1.0,4160.500122070313,1386.8333740234375,1279.3243103027346,426.4414367675781,20050802320597.0,3.0
0.0,0.0,10.0,0.0,1.0,0.0,1.0,0.0,0.0,3.0,4228.589782714844,845.7179565429688,3031.4501953125,606.2900390625,20050813820507.0,5.0
0.0,0.0,10.0,0.0,1.0,0.0,0.0,0.0,0.0,0.0,11638.334777832031,11638.334777832031,527.9109544020431,527.9109544020431,20050701110831.0,1.0
0.0,0.0,10.0,0.0,1.0,0.0,0.0,0.0,0.0,1.0,10802.437744140623,5401.218872070313,1069.7236206054688,534.8618103027344,20050702911121.0,2.0
0.0,0.0,10.0,0.0,1.0,0.0,0.0,0.0,0.0,2.0,5509.903381347656,1836.6344604492188,2031.913101196289,677.3043670654298,20050710320621.0,3.0
0.0,0.0,10.0,0.0,1.0,0.0,0.0,0.0,1.0,0.0,4614.827392578125,2307.4136962890625,1316.7251586914062,658.3625793457031,20050713110883.0,2.0
0.0,0.0,10.0,0.0,1.0,0.0,0.0,0.0,1.0,1.0,4060.648315429688,1353.5494384765625,2055.1571044921875,685.0523681640625,20050913511016.0,3.0
0.0,0.0,10.0,0.0,1.0,0.0,0.0,0.0,1.0,2.0,5259.869140625,1314.96728515625,1520.1389160156252,380.0347290039063,20050814111122.0,4.0
0.0,0.0,10.0,0.0,1.0,0.0,0.0,0.0,2.0,0.0,4364.325439453125,1454.775146484375,1509.5505065917969,503.1835021972656,20050902910827.0,3.0
0.0,0.0,10.0,0.0,2.0,0.0,0.0,0.0,0.0,0.0,18746.85607910156,9373.42803955078,1150.8660095214846,575.4330047607423,20050703310867.0,2.0
0.0,0.0,10.0,0.0,2.0,0.0,0.0,0.0,0.0,1.0,7864.6878662109375,2621.5626220703125,1640.5050964355469,546.8350321451824,20050803010806.0,3.0
0.0,0.0,10.0,0.0,2.0,0.0,0.0,0.0,0.0,2.0,3053.572265625,763.39306640625,2109.0895996093755,527.2723999023439,20050702811026.0,4.0
0.0,0.0,10.0,0.0,2.0,0.0,0.0,0.0,1.0,0.0,4480.013305664063,1493.3377685546875,1197.4951171875,399.1650390625,20050813411009.0,3.0
0.0,0.0,10.0,0.0,3.0,0.0,0.0,0.0,0.0,0.0,7491.9693603515625,2497.3231201171875,1749.9975280761719,583.332509358724,20050703211434.0,3.0
0.0,0.0,11.0,0.0,0.0,0.0,2.0,0.0,0.0,0.0,1743.50244140625,871.751220703125,1840.921875,920.4609375,20050811520630.0,2.0
0.0,0.0,11.0,0.0,0.0,0.0,0.0,0.0,0.0,1.0,2606.7369384765625,2606.7369384765625,2169.653625488281,2169.653625488281,20050812910679.0,1.0
0.0,0.0,11.0,0.0,0.0,0.0,0.0,0.0,0.0,2.0,4340.1527099609375,2170.0763549804688,3351.54150390625,1675.770751953125,20050703211287.0,2.0
0.0,0.0,11.0,0.0,0.0,0.0,0.0,0.0,1.0,0.0,2569.046630859375,2569.046630859375,957.7497863769532,957.7497863769532,20050713410992.0,1.0
0.0,0.0,11.0,0.0,0.0,0.0,0.0,0.0,1.0,1.0,2986.675537109375,1493.3377685546875,2939.49462890625,1469.747314453125,20050903411139.0,2.0
0.0,0.0,11.0,0.0,1.0,0.0,0.0,0.0,0.0,0.0,2645.299560546875,2645.299560546875,1658.3786010742188,1658.3786010742188,20050703411399.0,1.0
0.0,0.0,11.0,0.0,1.0,0.0,0.0,0.0,0.0,1.0,2986.675537109375,1493.3377685546875,1943.5003662109373,971.7501831054688,20050913411167.0,2.0
0.0,1.0,2.0,0.0,0.0,0.0,1.0,0.0,0.0,0.0,2954.6309814453125,1477.3154907226562,174.38414764404297,87.19207382202148,20050810420518.0,2.0
0.0,1.0,2.0,0.0,0.0,0.0,1.0,0.0,0.0,1.0,2615.253662109375,871.751220703125,244.44412994384768,81.48137664794922,20050711520501.0,3.0
0.0,1.0,2.0,0.0,0.0,0.0,1.0,0.0,0.0,3.0,7132.0770263671875,1426.4154052734375,404.9665832519531,80.99331665039062,20050804020730.0,5.0
0.0,1.0,2.0,0.0,0.0,0.0,0.0,0.0,0.0,0.0,10824.17352294922,10824.17352294922,78.39065727820763,78.39065727820763,20050701110605.0,1.0
0.0,1.0,2.0,0.0,0.0,0.0,0.0,0.0,0.0,1.0,6324.9664306640625,3162.4832153320312,161.26705551147458,80.63352775573729,20050710820609.0,2.0
0.0,1.0,2.0,0.0,0.0,0.0,0.0,0.0,0.0,2.0,3308.514404296875,1102.838134765625,261.6677398681641,87.22257995605469,20050811420793.0,3.0
0.0,1.0,2.0,0.0,0.0,0.0,3.0,0.0,0.0,0.0,3956.239013671875,989.0597534179688,331.5832214355469,82.89580535888672,20050714420609.0,4.0
0.0,1.0,2.0,0.0,1.0,0.0,1.0,0.0,0.0,0.0,3170.505615234375,1056.835205078125,243.6735076904297,81.22450256347656,20050710910501.0,3.0
0.0,1.0,2.0,0.0,1.0,0.0,1.0,0.0,0.0,1.0,3956.239013671875,989.0597534179688,349.0958251953125,87.27395629882812,20050804420610.0,4.0
0.0,1.0,7.0,0.0,0.0,0.0,1.0,0.0,0.0,0.0,1515.8984375,757.94921875,390.5557861328125,195.27789306640625,20050913710698.0,2.0
0.0,1.0,7.0,0.0,0.0,0.0,0.0,0.0,0.0,0.0,32811.089416503906,32811.089416503906,206.2028623638731,206.2028623638731,20050700520369.0,1.0
0.0,1.0,7.0,0.0,0.0,0.0,0.0,0.0,0.0,1.0,17403.941284179688,8701.970642089844,408.39974212646484,204.19987106323242,20050713820503.0,2.0
0.0,1.0,7.0,0.0,0.0,0.0,0.0,0.0,1.0,0.0,2369.303955078125,1184.6519775390625,380.8785552978516,190.43927764892575,20050804510832.0,2.0
0.0,1.0,7.0,0.0,1.0,0.0,0.0,0.0,0.0,0.0,1718.312255859375,859.1561279296875,393.2144470214844,196.6072235107422,20050810320627.0,2.0
0.0,1.0,7.0,0.0,1.0,0.0,0.0,0.0,0.0,1.0,5204.238098144531,1734.7460327148438,625.53076171875,208.51025390625,20050900120783.0,3.0
0.0,1.0,7.0,0.0,2.0,0.0,0.0,0.0,0.0,0.0,4160.500122070313,1386.8333740234375,555.2010498046875,185.0670166015625,20050802320596.0,3.0
0.0,1.0,8.0,0.0,0.0,0.0,0.0,0.0,0.0,0.0,24134.980346679688,24134.980346679688,244.11517651875812,244.11517651875812,20050700420599.0,1.0
0.0,1.0,8.0,0.0,0.0,0.0,0.0,0.0,0.0,1.0,11772.283325195312,5886.141662597656,485.5007069905598,242.75035349527997,20050701020614.0,2.0
0.0,1.0,8.0,0.0,0.0,0.0,0.0,0.0,1.0,0.0,2056.95849609375,1028.479248046875,510.73565673828125,255.36782836914062,20050801320612.0,2.0
0.0,1.0,8.0,0.0,0.0,0.0,0.0,0.0,1.0,1.0,5218.121704101562,1739.3739013671875,705.2082595825195,235.06941986083984,20050813011170.0,3.0
0.0,1.0,8.0,0.0,1.0,0.0,0.0,0.0,0.0,0.0,1887.4416503906248,943.7208251953124,499.7926940917969,249.89634704589844,20050801910860.0,2.0
0.0,1.0,8.0,0.0,2.0,0.0,0.0,0.0,0.0,1.0,3454.530029296875,863.6325073242188,1004.5366821289062,251.13417053222656,20050711110607.0,4.0
0.0,1.0,6.0,0.0,0.0,0.0,2.0,0.0,0.0,0.0,4378.893676757813,1459.6312255859375,473.3600463867188,157.78668212890625,20050811620523.0,3.0
0.0,1.0,6.0,0.0,0.0,0.0,1.0,0.0,0.0,0.0,4741.093383789063,2370.546691894531,332.0777282714844,166.0388641357422,20050803710687.0,2.0
0.0,1.0,6.0,0.0,0.0,0.0,1.0,0.0,0.0,1.0,6474.57861328125,2158.19287109375,495.6120300292969,165.20401000976562,20050712720502.0,3.0
0.0,1.0,6.0,0.0,0.0,0.0,0.0,0.0,0.0,0.0,29752.349243164062,29752.349243164062,172.0403504371643,172.0403504371643,20050700120766.0,1.0
0.0,1.0,6.0,0.0,0.0,0.0,0.0,0.0,0.0,1.0,23152.494262695312,11576.247131347656,343.91814931233716,171.95907465616858,20050703820610.0,2.0
0.0,1.0,6.0,0.0,1.0,0.0,1.0,0.0,0.0,0.0,2306.014892578125,768.671630859375,533.1417388916017,177.7139129638672,20050910220630.0,3.0
0.0,1.0,6.0,0.0,1.0,0.0,0.0,0.0,0.0,1.0,4480.013305664063,1493.3377685546875,476.09967041015625,158.69989013671875,20050903411415.0,3.0
0.0,1.0,3.0,0.0,0.0,0.0,2.0,0.0,0.0,0.0,2523.7153930664067,841.2384643554688,311.2424240112305,103.74747467041016,20050703920606.0,3.0
0.0,1.0,3.0,0.0,0.0,0.0,1.0,0.0,0.0,0.0,3743.01953125,1871.509765625,213.54183197021484,106.77091598510742,20050801420790.0,2.0
0.0,1.0,3.0,0.0,0.0,0.0,1.0,0.0,0.0,2.0,3575.359375,893.83984375,426.54425048828125,106.63606262207031,20050902420629.0,4.0
0.0,1.0,3.0,0.0,0.0,0.0,0.0,0.0,0.0,0.0,19283.308166503903,19283.308166503903,104.36581493559338,104.36581493559338,20050701110825.0,1.0
0.0,1.0,3.0,0.0,0.0,0.0,0.0,0.0,0.0,1.0,4312.802856445313,2156.401428222656,216.5357360839844,108.2678680419922,20050801720612.0,2.0
0.0,1.0,3.0,0.0,0.0,0.0,0.0,0.0,0.0,2.0,5775.8726806640625,1925.2908935546875,317.3939781188965,105.79799270629884,20050811720505.0,3.0
0.0,1.0,3.0,0.0,1.0,0.0,1.0,0.0,0.0,1.0,4411.3525390625,1102.838134765625,457.8703918457031,114.46759796142578,20050701420765.0,4.0
0.0,1.0,3.0,0.0,1.0,0.0,0.0,0.0,0.0,0.0,1309.7879638671875,654.8939819335938,204.1594085693359,102.07970428466795,20050912020525.0,2.0
0.0,1.0,4.0,0.0,0.0,0.0,1.0,0.0,0.0,1.0,3085.437744140625,1028.479248046875,382.34854888916016,127.44951629638672,20050901320618.0,3.0
0.0,1.0,4.0,0.0,0.0,0.0,0.0,0.0,0.0,0.0,26068.565490722656,26068.565490722656,125.12920616412985,125.12920616412985,20050700220597.0,1.0
0.0,1.0,4.0,0.0,0.0,0.0,0.0,0.0,0.0,1.0,5262.904541015625,2631.4522705078125,245.0606460571289,122.53032302856444,20050901620617.0,2.0
0.0,1.0,4.0,0.0,0.0,0.0,0.0,0.0,0.0,2.0,4480.013305664063,1493.3377685546875,403.33287048339827,134.44429016113278,20050703411147.0,3.0
0.0,1.0,4.0,0.0,0.0,0.0,0.0,0.0,1.0,0.0,1718.312255859375,859.1561279296875,265.92547607421875,132.96273803710938,20050900320834.0,2.0
0.0,1.0,4.0,0.0,1.0,0.0,1.0,0.0,0.0,1.0,6901.918212890625,1725.4795532226562,485.7518157958984,121.4379539489746,20050713920611.0,4.0
0.0,1.0,4.0,0.0,1.0,0.0,0.0,0.0,0.0,0.0,3089.019775390625,1544.5098876953125,247.68077087402344,123.84038543701172,20050712720615.0,2.0
0.0,1.0,4.0,0.0,1.0,0.0,0.0,0.0,0.0,1.0,2249.0773315429688,749.6924438476562,353.95081329345703,117.98360443115234,20050704610644.0,3.0
0.0,1.0,4.0,0.0,1.0,0.0,0.0,0.0,2.0,1.0,7273.875732421875,1454.775146484375,667.7517700195311,133.55035400390622,20050802911125.0,5.0
0.0,1.0,5.0,0.0,0.0,0.0,2.0,0.0,0.0,1.0,4669.36669921875,1167.3416748046875,578.0888061523438,144.52220153808594,20050711720500.0,4.0
0.0,1.0,5.0,0.0,0.0,0.0,1.0,0.0,0.0,0.0,3880.9853515625,1940.49267578125,292.5700378417969,146.28501892089844,20050810220624.0,2.0
0.0,1.0,5.0,0.0,0.0,0.0,0.0,0.0,0.0,0.0,28453.403930664062,28453.403930664062,146.41017992743133,146.41017992743133,20050700320616.0,1.0
0.0,1.0,5.0,0.0,0.0,0.0,0.0,0.0,0.0,1.0,7635.435424804687,3817.7177124023438,280.95663452148443,140.47831726074222,20050800520610.0,2.0
0.0,1.0,5.0,0.0,1.0,0.0,0.0,0.0,0.0,0.0,2828.971435546875,1414.4857177734375,306.1138916015625,153.05694580078125,20050714310874.0,2.0
0.0,1.0,9.0,0.0,0.0,0.0,2.0,0.0,0.0,0.0,3515.463134765625,1171.821044921875,860.2168579101562,286.73895263671875,20050911220641.0,3.0
0.0,1.0,9.0,0.0,0.0,0.0,1.0,0.0,0.0,1.0,4279.246215820313,1426.4154052734375,1006.6365966796876,335.5455322265625,20050714020728.0,3.0
0.0,1.0,9.0,0.0,0.0,0.0,0.0,0.0,0.0,0.0,21237.253784179688,21237.253784179688,307.63414611816404,307.63414611816404,20050701820605.0,1.0
0.0,1.0,9.0,0.0,0.0,0.0,0.0,0.0,0.0,1.0,3531.28955078125,1765.644775390625,641.3576049804688,320.6788024902344,20050900420629.0,2.0
0.0,1.0,9.0,0.0,0.0,0.0,0.0,0.0,0.0,2.0,2266.7719116210933,755.5906372070312,1075.2112426757812,358.40374755859375,20050903211464.0,3.0
0.0,1.0,9.0,0.0,0.0,0.0,0.0,0.0,1.0,0.0,1718.312255859375,859.1561279296875,542.7168579101561,271.35842895507807,20050810320519.0,2.0
0.0,1.0,9.0,0.0,1.0,0.0,1.0,0.0,0.0,0.0,5923.76806640625,1974.58935546875,1022.1552886962892,340.7184295654297,20050711421023.0,3.0
0.0,1.0,9.0,0.0,1.0,0.0,0.0,0.0,0.0,0.0,2707.098876953125,1353.5494384765625,750.7487182617188,375.3743591308594,20050903511397.0,2.0
0.0,1.0,1.0,0.0,0.0,0.0,2.0,0.0,0.0,0.0,5434.454772949219,1811.4849243164065,186.6699314117432,62.22331047058106,20050810720455.0,3.0
0.0,1.0,1.0,0.0,0.0,0.0,1.0,0.0,0.0,0.0,3312.9921875,1656.49609375,134.63885498046878,67.31942749023439,20050702220623.0,2.0
0.0,1.0,1.0,0.0,0.0,0.0,0.0,0.0,0.0,0.0,13293.210205078125,13293.210205078125,56.70157980918884,56.70157980918884,20050710620608.0,1.0
0.0,1.0,1.0,0.0,0.0,0.0,0.0,0.0,0.0,1.0,2940.30322265625,1470.151611328125,108.0154914855957,54.00774574279785,20050702020600.0,2.0
0.0,1.0,1.0,0.0,0.0,0.0,0.0,0.0,0.0,3.0,2998.769775390625,749.6924438476562,255.63755798339844,63.90938949584961,20050714610537.0,4.0
0.0,1.0,10.0,0.0,0.0,0.0,1.0,0.0,0.0,1.0,2623.158874511719,874.3862915039062,1275.163055419922,425.0543518066406,20050912520637.0,3.0
0.0,1.0,10.0,0.0,0.0,0.0,0.0,0.0,0.0,0.0,15218.4892578125,15218.4892578125,536.726566859654,536.726566859654,20050701220610.0,1.0
0.0,1.0,10.0,0.0,0.0,0.0,0.0,0.0,0.0,1.0,3531.28955078125,1765.644775390625,830.4704284667969,415.2352142333984,20050700420618.0,2.0
0.0,1.0,10.0,0.0,1.0,0.0,0.0,0.0,0.0,0.0,1526.7861328125,763.39306640625,757.6959838867188,378.8479919433594,20050702811027.0,2.0
0.0,2.0,2.0,0.0,0.0,0.0,1.0,0.0,0.0,1.0,2576.572998046875,644.1432495117188,358.28173828125,89.5704345703125,20050910720662.0,4.0
0.0,2.0,2.0,0.0,0.0,0.0,0.0,0.0,0.0,0.0,14756.108154296875,7378.0540771484375,167.8747291564941,83.93736457824706,20050700910587.0,2.0
0.0,2.0,7.0,0.0,0.0,0.0,1.0,0.0,0.0,1.0,3995.657958984375,998.9144897460938,777.1812744140624,194.2953186035156,20050911020540.0,4.0
0.0,2.0,7.0,0.0,0.0,0.0,0.0,0.0,0.0,0.0,25513.40014648437,12756.700073242188,410.24574141068894,205.12287070534447,20050702810691.0,2.0
0.0,2.0,8.0,0.0,0.0,0.0,0.0,0.0,0.0,0.0,11612.839965820312,5806.419982910156,487.8370157877605,243.91850789388025,20050703710751.0,2.0
0.0,2.0,8.0,0.0,0.0,0.0,0.0,0.0,0.0,1.0,6099.888610839844,2033.2962036132806,712.3750534057617,237.4583511352539,20050802720618.0,3.0
0.0,2.0,6.0,0.0,0.0,0.0,0.0,0.0,0.0,0.0,28404.602783203125,14202.301391601562,344.2999328613281,172.14996643066402,20050700520604.0,2.0
0.0,2.0,3.0,0.0,0.0,0.0,1.0,0.0,0.0,0.0,3190.255737304686,1063.4185791015623,322.2971649169922,107.43238830566406,20050811820507.0,3.0
0.0,2.0,3.0,0.0,0.0,0.0,0.0,0.0,0.0,0.0,16333.341064453125,8166.6705322265625,206.78582000732425,103.39291000366212,20050700910604.0,2.0
0.0,2.0,3.0,0.0,1.0,0.0,0.0,0.0,0.0,0.0,2306.014892578125,768.671630859375,289.08290863037115,96.36096954345705,20050900220608.0,3.0
0.0,2.0,4.0,0.0,0.0,0.0,0.0,0.0,0.0,0.0,17172.447143554688,8586.223571777344,248.7875044080946,124.3937522040473,20050702220603.0,2.0
0.0,2.0,5.0,0.0,0.0,0.0,1.0,0.0,0.0,0.0,5662.9061279296875,1887.6353759765625,443.5173568725586,147.83911895751953,20050800320605.0,3.0
0.0,2.0,5.0,0.0,0.0,0.0,1.0,0.0,0.0,1.0,3031.796875,757.94921875,616.1387329101562,154.03468322753906,20050813710558.0,4.0
0.0,2.0,5.0,0.0,0.0,0.0,0.0,0.0,0.0,0.0,18140.21618652344,9070.10809326172,282.5649383544922,141.2824691772461,20050700720630.0,2.0
0.0,2.0,5.0,0.0,0.0,0.0,0.0,0.0,0.0,1.0,1466.3589477539065,488.7863159179688,415.6012573242186,138.53375244140622,20050802610781.0,3.0
0.0,2.0,9.0,0.0,0.0,0.0,0.0,0.0,0.0,0.0,17194.460205078125,8597.230102539062,639.6107025146483,319.80535125732416,20050701820587.0,2.0
0.0,2.0,1.0,0.0,0.0,0.0,1.0,0.0,0.0,0.0,5262.44384765625,1754.14794921875,123.30288505554199,41.10096168518066,20050800820449.0,3.0
0.0,2.0,1.0,0.0,0.0,0.0,0.0,0.0,0.0,0.0,15083.159301757812,7541.579650878906,104.74993705749512,52.37496852874756,20050701421022.0,2.0
0.0,2.0,1.0,0.0,0.0,0.0,0.0,0.0,0.0,1.0,4816.291625976562,1605.4305419921875,152.89318084716797,50.964393615722656,20050700620396.0,3.0
0.0,2.0,1.0,0.0,1.0,0.0,2.0,0.0,0.0,0.0,4206.192321777344,841.2384643554688,291.799430847168,58.3598861694336,20050903920618.0,5.0
0.0,2.0,10.0,0.0,0.0,0.0,0.0,0.0,0.0,0.0,1691.4359130859375,845.7179565429688,788.1627807617188,394.0813903808594,20050913820624.0,2.0
0.0,2.0,11.0,0.0,0.0,0.0,0.0,0.0,0.0,0.0,2343.64208984375,1171.821044921875,1859.9177246093752,929.9588623046876,20050811220528.0,2.0
5.0,0.0,1.0,0.0,0.0,0.0,2.0,0.0,0.0,0.0,5888.669250488281,841.2384643554688,456.4061737060547,65.20088195800781,20050913920623.0,7.0
5.0,0.0,1.0,0.0,0.0,0.0,0.0,0.0,0.0,2.0,4146.281921386719,592.3259887695312,360.4048309326172,51.48640441894531,20050804510783.0,7.0
5.0,0.0,1.0,0.0,0.0,1.0,2.0,0.0,0.0,1.0,9256.313232421877,1028.479248046875,588.9547348022461,65.43941497802734,20050701320589.0,9.0
3.0,0.0,2.0,0.0,0.0,0.0,2.0,0.0,0.0,0.0,3655.2212524414062,731.0442504882812,357.14893341064453,71.4297866821289,20050800620594.0,5.0
3.0,0.0,2.0,0.0,0.0,0.0,3.0,0.0,0.0,0.0,10895.785766601562,1815.9642944335935,480.1031112670898,80.01718521118164,20050900720641.0,6.0
3.0,0.0,2.0,0.0,1.0,0.0,2.0,0.0,0.0,0.0,9267.059326171877,1544.5098876953125,418.8379669189453,69.80632781982422,20050812720622.0,6.0
3.0,0.0,2.0,0.0,1.0,0.0,1.0,0.0,0.0,0.0,5836.7083740234375,1167.3416748046875,375.6055450439453,75.12110900878906,20050711720608.0,5.0
3.0,0.0,2.0,0.0,1.0,0.0,0.0,0.0,0.0,0.0,2998.769775390625,749.6924438476562,340.1372375488281,85.03430938720703,20050914610725.0,4.0
3.0,0.0,2.0,0.0,1.0,0.0,0.0,0.0,0.0,1.0,3748.4622192382812,749.6924438476562,376.0678863525391,75.21357727050781,20050714610646.0,5.0
3.0,0.0,8.0,0.0,1.0,0.0,0.0,0.0,0.0,2.0,2932.717895507813,488.7863159179688,1333.8273010253904,222.30455017089844,20050802610910.0,6.0
3.0,0.0,3.0,0.0,0.0,0.0,1.0,0.0,1.0,0.0,4358.756103515625,871.751220703125,570.6136703491211,114.12273406982422,20050901520614.0,5.0
3.0,0.0,4.0,0.0,0.0,0.0,1.0,0.0,0.0,0.0,3436.62451171875,859.1561279296875,494.8992309570312,123.7248077392578,20050710320511.0,4.0
3.0,0.0,4.0,0.0,1.0,0.0,1.0,0.0,0.0,0.0,4076.2881469726562,815.2576293945312,637.3194885253906,127.46389770507812,20050802220627.0,5.0
3.0,0.0,5.0,0.0,0.0,0.0,1.0,0.0,0.0,1.0,4469.19921875,893.83984375,709.2502593994141,141.8500518798828,20050712420506.0,5.0
3.0,0.0,9.0,0.0,1.0,0.0,0.0,0.0,1.0,0.0,4371.931457519531,874.3862915039062,1854.13818359375,370.82763671875,20050812520521.0,5.0
3.0,0.0,1.0,0.0,0.0,0.0,2.0,0.0,0.0,0.0,8757.301330566406,1751.4602661132812,264.3842124938965,52.8768424987793,20050810820616.0,5.0
3.0,0.0,1.0,0.0,0.0,0.0,2.0,0.0,0.0,2.0,6189.6876220703125,884.2410888671875,398.99417877197266,56.9991683959961,20050900520598.0,7.0
3.0,0.0,1.0,0.0,0.0,0.0,3.0,0.0,0.0,0.0,5262.44384765625,877.073974609375,207.29972076416016,34.54995346069336,20050910820513.0,6.0
3.0,0.0,10.0,0.0,0.0,0.0,2.0,0.0,0.0,0.0,4469.19921875,893.83984375,2542.0802307128906,508.4160461425781,20050912420633.0,5.0
3.0,0.0,10.0,0.0,2.0,0.0,0.0,0.0,0.0,0.0,7466.6888427734375,1493.3377685546875,4076.853637695313,815.3707275390625,20050913411418.0,5.0
3.0,1.0,3.0,0.0,1.0,0.0,1.0,0.0,0.0,0.0,5305.446533203125,884.2410888671875,582.9823150634767,97.1637191772461,20050710520607.0,6.0
3.0,1.0,4.0,0.0,0.0,0.0,1.0,0.0,0.0,0.0,6934.1668701171875,1386.8333740234375,607.7195739746094,121.54391479492188,20050702320590.0,5.0
3.0,1.0,5.0,0.0,0.0,0.0,2.0,0.0,0.0,0.0,5993.4869384765625,998.9144897460938,867.961669921875,144.6602783203125,20050901020643.0,6.0
4.0,0.0,2.0,0.0,0.0,0.0,1.0,0.0,0.0,1.0,10379.754272460938,1729.9590454101562,466.0872344970703,77.68120574951172,20050703820591.0,6.0
4.0,0.0,5.0,0.0,0.0,0.0,1.0,0.0,0.0,0.0,4469.19921875,893.83984375,729.0168762207031,145.80337524414062,20050902420698.0,5.0
4.0,0.0,1.0,0.0,0.0,0.0,2.0,0.0,0.0,0.0,9267.059326171877,1544.5098876953125,328.2888107299805,54.71480178833008,20050712720394.0,6.0
